,image_filename,FAME,logreg
0,00-13-953-I-B-user61,4.2775093531410375,0.8105885272117999
1,00-13-953-W-B-user62,0.8456455429706917,0.02270358055510439
2,00-34-288-I-B-user114,3.9542038228163015,0.3109973790480577
3,01-01-49-I-B-user135,3.223005699842618,0.4591397634966108
4,01-01-49-W-B-user134,3.1050632098432973,0.647203534692022
5,01-25-367-I-B-user147,2.6393210454225944,0.153600660339601
6,01-25-367-W-B-user148,2.9966471098270557,0.2371635464061297
7,01-38-934-I-B-user1,1.2412145040815563,0.008229057856092395
8,01-38-934-W-B-user44,1.2451868546989289,0.15536720184609526
9,01-50-492-I-T-user1,2.5063544702737937,0.0378338905813046
10,01-50-492-W-T-user2,4.240524015331694,0.7513679738484591
11,02-09-31-I-T-user100,3.933548856905275,0.736444579847355
12,02-09-31-W-T-user101,3.5245705056994967,0.8082723140144829
13,02-20-877-I-B-user130,1.5506556824415227,0.011545973952926777
14,02-20-877-W-B-user149,3.8331806642144937,0.4294372848308158
15,02-28-29-I-B-user22,-0.4762801827818821,0.00029712295984878767
16,02-28-29-W-B-user156,3.6646277939921768,0.5197806064008001
17,02-40-950-I-B-user17,5.167780849659955,0.9843114977197372
18,02-40-950-W-B-user18,0.4007045090211827,0.002709290096371689
19,02-44-269-I-T-user63,1.6308575596365231,0.03346575756284568
20,02-44-269-W-T-user64,3.2407319184281165,0.39568026095897024
21,03-12-820-I-B-user105,4.2002398449022795,0.7431803660875345
22,03-12-820-W-B-user106,2.5435695789745294,0.019649662149628492
23,03-23-90-I-T-user22,1.1839933764477326,0.014528818292177387
24,03-23-90-W-T-user51,0.764391508997095,0.006610444433387218
25,03-42-701-I-T-user39,3.1752498871619013,0.0503113487220919
26,03-42-701-W-T-user27,0.4155011476280874,0.0014731422618529894
27,03-47-890-I-T-user1,1.6844349759507793,0.010140597655988452
28,03-47-890-W-T-user151,3.164849225952348,0.2701857426696474
29,04-01-129-I-B-user22,0.12131098659896722,0.0026225510782079443
30,04-01-129-W-B-user111,1.1069448073152195,0.010976361509018434
31,04-30-467-I-T-user39,2.652982508500374,0.08296600587407257
32,04-38-645-I-T-user159,0.8797740872961946,0.013246134723997651
33,04-38-645-W-T-user96,1.9441246399894687,0.007617011007861041
34,04-57-574-I-B-user67,0.577364996932813,0.002439014145125458
35,04-57-574-W-B-user68,2.146927164294765,0.06532945644032857
36,05-06-501-I-T-user22,-1.8943544768180176,3.845012870088732e-05
37,05-06-501-W-T-user158,1.7166474411101689,0.03767154968722404
38,05-15-634-I-T-user77,1.4122431688726025,0.01454285989250504
39,05-15-634-W-T-user78,0.343558832519264,0.0011790538884319665
40,05-44-437-I-T-user114,3.9381570731338975,0.456890733302851
41,05-44-437-W-T-user115,4.011870268396248,0.5230459326570219
42,05-49-922-I-T-user9,3.807815430453593,0.2396289951903328
43,05-49-922-W-T-user10,3.4508348002114,0.6386798672639986
44,05-50-814-I-T-user19,-2.4930848831053787,7.171286278986412e-05
45,06-18-285-I-B-user112,2.887630988389564,0.06823937264731843
46,06-18-285-W-B-user113,2.2771336125540445,0.06815230291343713
47,06-44-152-I-B-user90,1.4279085204681667,0.03153912362368888
48,06-44-152-W-B-user91,2.7700789483047448,0.20868293606210114
49,06-50-611-I-B-user1,1.7298089951619875,0.009230907472810563
50,06-50-611-W-B-user74,2.365954337896289,0.05211180497674638
51,06-57-279-I-B-user22,1.5811736395957077,0.006219872360630688
52,06-57-279-W-B-user50,2.7324091362693084,0.3439918241540392
53,07-53-382-I-T-user148,3.5921229468721894,0.24354836403056496
54,07-53-382-W-T-user147,4.46263247990382,0.9332539130907664
55,08-33-112-I-B-user129,3.27032407639558,0.3968121700641736
56,08-33-112-W-B-user130,-0.26202887601979885,0.0010845930732793145
57,09-02-798-I-T-user114,3.5543766739458738,0.39888899372156217
58,09-14-629-I-B-user54,2.2589613350756914,0.04003886673061633
59,09-14-629-W-B-user55,4.875998512575803,0.8011994669107639
60,09-18-253-I-B-user96,2.120317152716682,0.0109907973663081
61,09-18-253-W-B-user97,2.965470737764468,0.3542719871418199
62,09-32-917-I-T-user101,3.341994259684917,0.6596548215050592
63,09-32-917-W-T-user100,4.234018029305913,0.8446020600761747
64,09-44-142-I-B-user64,3.2263258379360105,0.09283021147664502
65,09-44-142-W-B-user63,2.842961257692792,0.09130837869325834
66,10-48-352-I-T-user22,2.9260750850204484,0.5947568841666969
67,10-48-352-W-T-user38,5.317048063416964,0.9619987017793517
68,11-09-515-I-T-user130,2.865010678231125,0.10790548159777458
69,11-09-515-W-T-user150,4.66499401975933,0.9645742917450368
70,11-17-124-I-B-user52,3.810985766144878,0.4075033929743336
71,11-17-124-W-B-user53,3.69517870207528,0.71792742401782
72,11-22-452-I-B-user85,2.684046319038338,0.16717796116444947
73,11-22-452-W-B-user86,2.702110125679812,0.06907869070964717
74,11-22-778-I-B-user102,1.1702185307439006,0.01001994798717861
75,11-22-778-W-B-user103,1.7743621742593385,0.05572488298065517
76,11-26-504-I-B-user96,1.6805970114165527,0.0011013115402999881
77,11-26-504-W-B-user160,0.6012524670065886,0.0058110741395946295
78,11-44-333-I-B-user156,4.365722341751261,0.8764150067340042
79,11-44-333-W-B-user157,3.5780930356717486,0.7134658029114374
80,11-45-95-I-B-user22,-0.20756956391643835,0.00016309032861573235
81,11-45-95-W-B-user158,1.7138022861760147,0.038392737911417917
82,11-59-155-I-T-user117,2.8191634096240468,0.12999256007428747
83,11-59-155-W-T-user118,2.251410884889704,0.1180036348602461
84,12-03-237-I-B-user126,3.8260054799470886,0.6193932997606135
85,12-03-237-W-B-user127,4.946642819653097,0.547401011557901
86,12-05-243-I-T-user1,1.5940066910681274,0.02166661350187697
87,12-05-243-W-T-user8,3.828791178198293,0.8557670737710918
88,12-07-438-I-T-user1,2.6540527002944128,0.02896482621544845
89,12-07-438-W-T-user62,0.8436505362326194,0.006869865206167021
90,12-23-235-I-B-user22,3.0593251160452284,0.2915599669065187
91,12-23-235-W-B-user104,4.738462707160892,0.6738984303355157
92,12-24-294-I-B-user1,1.5241305265316158,0.018294406081862846
93,12-24-294-W-B-user155,3.5548279376066367,0.43181230273724375
94,12-38-74-I-T-user132,4.320723846112475,0.3002026782872881
95,12-38-74-W-T-user133,1.929420398728224,0.053788899097692834
96,12-40-292-I-B-user120,4.2728673289364165,0.7215394147521704
97,12-40-292-W-B-user121,0.8076132127662721,0.004271486201671271
98,13-01-549-I-T-user151,2.948261740751596,0.17981690248885404
99,13-01-549-W-T-user51,2.5619269491018986,0.1143077705065918
100,13-11-507-I-B-user22,0.8967546973222245,0.007005978378605226
101,13-11-507-W-B-user110,2.4352197708783345,0.17269154829567435
102,13-20-248-I-B-user67,2.520085462056244,0.03406714477650077
103,13-20-248-W-B-user68,2.2684739060798367,0.14161204043050798
104,13-27-771-I-T-user32,2.919618125175377,0.13896078249007554
105,13-27-771-W-T-user33,3.4433423501532943,0.6818562052598623
106,14-04-955-I-B-user113,2.500982736473576,0.057295637961991476
107,14-04-955-W-B-user112,2.953589721365306,0.1466494245782989
108,14-08-252-I-T-user88,1.7350983375129123,0.01423244526885357
109,14-08-252-W-T-user89,1.323223966983396,0.042385794793310914
110,14-08-617-I-T-user140,3.34856276272292,0.01811759023811587
111,14-08-617-W-T-user141,1.6737445125473736,0.0037738615443122774
112,14-45-849-I-B-user124,3.4978883484022685,0.2428228453923175
113,14-45-849-W-B-user125,2.499157697289183,0.18610533157810405
114,15-00-532-I-B-user114,4.0128946674261226,0.8799235607308701
115,15-00-532-W-B-user99,2.52900499520503,0.14923396241493647
116,15-13-468-I-T-user1,1.9190336322860209,0.030735258659538963
117,15-13-468-W-T-user5,4.321703484453123,0.7292547542844023
118,15-21-96-I-T-user1,1.6767809504455418,0.0169569675284805
119,15-21-96-W-T-user79,4.098884693325509,0.2280416606554381
120,15-29-238-I-T-user22,1.3529182865514056,0.024955634799921567
121,15-29-238-W-T-user116,2.1553372553473755,0.07902989858463749
122,15-58-679-I-T-user1,2.847397171692477,0.15007878692432874
123,15-58-679-W-T-user28,3.9751405540803217,0.5092689320748958
124,16-14-317-I-B-user63,1.9101329934222493,0.11704060991310675
125,16-14-317-W-B-user64,3.6596769503350233,0.24010172208349634
126,16-19-112-I-T-user1,1.7049913698000854,0.04109303005363599
127,16-19-112-W-T-user21,0.004432990072105625,0.0013532243662858676
128,16-40-42-I-B-user1,1.5948385666061808,0.006567628213209744
129,16-40-42-W-B-user3,2.4601980916983752,0.11315650425702245
130,16-48-797-I-T-user92,3.9186931308045,0.2667905278254782
131,16-48-797-W-T-user93,3.121833199969265,0.3885980557915968
132,16-56-369-I-T-user70,4.694845089701255,0.9712410159737108
133,16-56-369-W-T-user71,3.113843353525352,0.3588710378044499
134,17-10-481-I-B-user107,2.7210831715848656,0.05407792190860024
135,17-10-481-W-B-user108,2.0692442583199195,0.04720839226489109
136,17-15-163-I-B-user55,4.756851718011349,0.8287816761348078
137,17-15-163-W-B-user54,1.6561950439899764,0.01827683846398885
138,18-12-410-I-B-user130,1.6880935284369478,0.028850564258932395
139,18-12-410-W-B-user150,4.447218203618372,0.8426530736126369
140,18-39-581-I-T-user34,3.092987471073334,0.2347596647037367
141,18-39-581-W-T-user35,1.096803003309848,0.0015994834658696329
142,18-42-263-I-T-user130,1.3199266866866104,0.005544340942085174
143,18-42-263-W-T-user131,2.7898322418881087,0.11720549372680025
144,18-43-166-I-B-user157,2.554811571979115,0.13842130047486426
145,18-43-166-W-B-user156,4.971939263484415,0.9066739126725762
146,18-48-414-I-T-user144,1.5182444041594847,0.01733050361186407
147,18-48-414-W-T-user145,1.1016101370281897,0.003950562735884225
148,19-04-926-I-B-user120,1.7892872936122617,0.15371912887825473
149,19-04-926-W-B-user121,1.6545580957969308,0.08110071609136488
150,19-05-68-I-T-user22,-0.24971684308805386,7.572555691024612e-05
151,19-05-68-W-T-user158,2.0777047775286897,0.02982409967384323
152,19-27-616-I-B-user29,2.536120523425221,0.030604838299454807
153,19-27-616-W-B-user30,-0.689366043041094,0.00031604639013020093
154,19-35-145-I-B-user1,2.9175949299904627,0.09343132364201008
155,19-35-145-W-B-user152,1.0315749991777885,0.004664928553290152
156,20-05-755-I-T-user22,2.4129842964380366,0.11387553839907576
157,20-05-755-W-T-user122,3.805867844639502,0.4825856548065944
158,20-28-731-I-T-user128,2.4777331345735085,0.13703694268071187
159,20-28-731-W-T-user126,4.342865685639927,0.7135351928638882
160,20-31-480-I-B-user98,2.6301728611168844,0.0977875756481344
161,20-31-480-W-B-user99,2.7758492855369314,0.03206035972701572
162,20-38-706-I-T-user1,1.151377592773219,0.0205129888277509
163,20-40-167-I-B-user1,1.278262532003656,0.02011737275302979
164,20-40-167-W-B-user104,4.591571871592225,0.5597457133854612
165,21-03-94-I-T-user114,3.4950519922752052,0.7789224597559719
166,21-16-706-I-T-user22,1.6690709729346036,0.030833241343476325
167,21-16-706-W-T-user110,2.504574945247213,0.06431495019116157
168,21-24-649-I-T-user53,3.314751529882657,0.159390742744777
169,21-24-649-W-T-user52,3.0083766549962743,0.07503226965903184
170,21-37-95-I-B-user22,4.169765173009052,0.7240031983559965
171,21-37-95-W-B-user23,3.254890417231932,0.4365338668149519
172,22-05-764-I-B-user117,3.469354510076452,0.2185670434077752
173,22-05-764-W-B-user119,0.5823534328059292,0.003724960299553889
174,22-10-468-I-T-user125,2.715020415915804,0.26009874034810376
175,22-10-468-W-T-user124,1.215583714710828,0.0029507676236869593
176,22-31-901-I-T-user86,1.673615363997795,0.008750217515643675
177,22-31-901-W-T-user87,1.8010051921615888,0.06383036183672675
178,22-35-549-I-T-user64,1.7017450293026983,0.014922180384777285
179,22-35-549-W-T-user63,-0.1094712207870927,0.0041955970839956105
180,22-41-332-I-T-user72,1.8153117504499925,0.012560876499260338
181,22-41-332-W-T-user73,0.9190881707288004,0.0035204822189092524
182,24-24-724-I-T-user133,3.3691809528402583,0.36036618024302375
183,24-24-724-W-T-user132,3.886540049317712,0.4465783964887671
184,24-30-926-I-B-user89,0.6492846285038638,0.01530113153422353
185,24-30-926-W-B-user88,2.2044428500759627,0.01239765166244095
186,24-43-478-I-T-user71,3.5706965318336765,0.8249577944800556
187,24-43-478-W-T-user70,4.024326060435095,0.7246996153313507
188,26-15-622-I-B-user93,2.6789469801380323,0.4643841770877408
189,26-15-622-W-B-user92,1.9554069633419118,0.14917484543923146
190,26-17-966-I-T-user1,2.758893052182606,0.05329576336970095
191,26-17-966-W-T-user152,2.1675978355572547,0.12501778762530885
192,27-19-148-I-B-user131,3.4644101259544544,0.060012128001306335
193,27-19-148-W-B-user129,1.0136125480930618,0.017277846398838746
194,27-35-915-I-B-user145,1.440156470763598,0.005096033858517508
195,27-35-915-W-B-user144,1.0475041967795278,0.004754767095396059
196,27-37-757-I-B-user91,1.5825662988651643,0.01993212100937446
197,27-37-757-W-B-user90,2.483291242430043,0.043070531798459016
198,27-51-501-I-B-user109,2.669650117603713,0.0697289916591118
199,27-51-501-W-B-user107,1.9637924507899829,0.02207998439762501
200,28-32-854-I-B-user15,3.746594281938649,0.4454660999637221
201,28-32-854-W-B-user16,1.8758839699291168,0.13283662527648224
202,28-32-985-I-T-user99,5.067459799330327,0.5240765947416272
203,28-32-985-W-T-user97,4.168313971878824,0.2926270632653761
204,28-45-33-I-T-user63,-0.07848940858463749,0.020560059994333645
205,28-45-33-W-T-user64,0.746041197166547,0.004717474527131021
206,28-52-283-I-B-user130,1.6246768673054088,0.021640990807984067
207,28-52-283-W-B-user150,5.085638580621262,0.9730543088682112
208,29-09-99-I-T-user142,2.138206829878251,0.034838054028801795
209,29-09-99-W-T-user143,0.8159526536974049,0.019062514147414285
210,29-48-550-I-T-user124,3.8886682146275584,0.15791786389090892
211,29-48-550-W-T-user125,2.4325064646958254,0.08362594208627948
212,30-40-756-I-B-user127,2.4350951252229045,0.0608876232615037
213,30-40-756-W-B-user128,2.103712906252782,0.09100232206373107
214,30-42-250-I-B-user68,1.4483211270783949,0.06099488283474859
215,30-42-250-W-B-user67,0.04653021181052086,0.003600926541411089
216,30-46-620-I-B-user41,1.6769491334996562,0.06319751807713317
217,30-46-620-W-B-user42,3.9328128550141663,0.5693423095791346
218,30-57-338-I-T-user89,3.3380380913510086,0.21669064685372602
219,30-57-338-W-T-user88,1.0741916672396226,0.009443329157331551
220,31-08-51-I-B-user1,1.9705526487998928,0.035508942590796004
221,31-08-51-W-B-user161,1.7766592244114428,0.06393527074583039
222,31-23-340-I-T-user39,3.4482530713688804,0.43486717198956265
223,31-59-194-I-T-user1,-0.5434307409851442,0.0014197084177194758
224,31-59-194-W-T-user69,0.7762057373590521,0.01223203079369342
225,33-07-644-I-B-user70,3.5166679217028207,0.4317295919949922
226,33-07-644-W-B-user71,2.897601780258603,0.4836946537706135
227,33-47-982-I-T-user118,3.39669000023842,0.11568174227573134
228,33-47-982-W-T-user119,-0.08688669273545546,0.0024662663408279604
229,35-42-851-I-B-user122,5.120364970447938,0.5830506286984313
230,35-42-851-W-B-user123,2.633621781852044,0.07275265853025997
231,36-04-870-I-B-user96,3.1029242506062937,0.0371758641866454
232,36-04-870-W-B-user98,3.495142980179674,0.574321131330266
233,36-37-921-I-B-user85,0.2537487914008958,0.0003712385552616276
234,36-37-921-W-B-user87,1.6913972233016086,0.025926750201395142
235,36-53-693-I-T-user109,4.2490098286984885,0.8506748299043699
236,36-53-693-W-T-user108,3.9217779981419967,0.2500483165512108
237,37-32-755-I-T-user125,3.0905087615909,0.2200837739940227
238,37-32-755-W-T-user124,1.5204044910386347,0.005087849428224527
239,37-36-401-I-B-user67,-0.04286652492222665,0.0013476055588765336
240,37-36-401-W-B-user68,1.9552273763251944,0.042025588055192735
241,38-26-565-I-T-user75,1.7885655244426442,0.09696204499329092
242,38-26-565-W-T-user76,0.20822227617912947,0.00027347368424033387
243,38-29-906-I-T-user94,1.92581851545498,0.020341979685685282
244,38-29-906-W-T-user95,1.6317564535439333,0.021829380426037846
245,38-55-777-I-B-user1,2.075001965399526,0.030074639952608083
246,38-55-777-W-B-user43,3.905368981768628,0.7670174281161811
247,39-18-93-I-T-user39,3.737880775394888,0.2075203739008046
248,39-18-93-W-T-user40,0.2416773428320997,0.00253212905492227
249,39-49-946-I-T-user88,0.6752791575761856,0.002081857611427284
250,39-49-946-W-T-user89,3.818102747111748,0.7700810206517694
251,40-07-485-I-T-user1,1.196205683628131,0.008083716061458515
252,40-07-485-W-T-user150,4.801442560193088,0.8918583128588969
253,40-18-142-I-T-user138,2.495285857659012,0.09706865337129816
254,40-18-142-W-T-user139,3.085252369826977,0.19530337284209145
255,41-41-762-I-B-user147,4.826911433182339,0.9003692757740598
256,41-41-762-W-B-user148,3.250586746230211,0.19106311199501871
257,44-02-309-I-T-user136,0.7331240691744974,0.00851111083724258
258,44-02-309-W-T-user137,-0.7341111849547151,0.0011213568280548669
259,44-30-30-I-B-user83,3.945265741591879,0.3568987451944307
260,44-30-30-W-B-user84,1.0629250884577086,0.0051476398059708646
261,47-20-540-I-B-user95,1.9054907621418435,0.039885473520933794
262,47-20-540-W-B-user94,2.1553325770615963,0.05105389948097647
263,48-00-366-I-T-user139,1.7870459110031174,0.08142507836227504
264,48-02-966-I-T-user148,2.4429579309817786,0.03971195811060582
265,48-02-966-W-T-user147,4.3260082586808135,0.6697162319226446
266,48-39-430-I-B-user134,2.067056902752068,0.1045415082427176
267,48-39-430-W-B-user135,4.556272020407227,0.5582952137472234
268,50-29-214-I-B-user136,1.7897684928673447,0.027403174190054138
269,50-29-214-W-B-user137,-0.5028836998806794,0.0007495164941810138
270,50-50-13-I-B-user1,0.9907406082105784,0.005067775929059253
271,50-50-13-W-B-user57,3.824077948851487,0.12113782451407346
272,51-16-907-I-B-user86,2.420636395535224,0.01876690762618125
273,51-16-907-W-B-user85,1.2828492623368462,0.014243275430612006
274,54-10-129-I-T-user48,-0.3705532306270936,0.00043548076258127577
275,54-10-129-W-T-user49,2.5006634743146483,0.7118587209608398
276,56-40-959-I-T-user136,-0.14861887682372646,0.002920470850636961
277,56-40-959-W-T-user137,-0.5438898598732722,0.0013550640476145267
278,57-19-201-I-B-user24,2.8847146130215227,0.014027167040131242
279,57-19-201-W-B-user25,3.4360628695868165,0.18873212584248872
280,57-43-236-I-T-user96,2.672545426867559,0.02358308435887288
281,57-43-236-W-T-user159,1.7183582583268169,0.01147862879577843
282,57-52-839-I-B-user1,2.128797379737831,0.03746819625790899
283,57-52-839-W-B-user58,1.4556805886501325,0.08212616862486244
284,58-28-695-I-T-user75,3.0449995789801005,0.16961400659643636
285,58-28-695-W-T-user80,4.439880335738792,0.8526379237148555
286,58-57-956-I-T-user1,0.7046978817903895,0.0029431342357580303
287,58-57-956-W-T-user146,3.095879870297402,0.13331053856810993
288,59-09-521-W-B-user14,-0.5027969026147687,0.0003434200935261746
289,2018-08-12_11-31-52-459-I-B-user301,2.974866626771759,0.16572461156030285
290,2018-08-12_11-31-52-459-W-B-user302,2.7823316559666877,0.13583116141235702
291,2018-08-12_11-36-15-129-I-B-user303,-1.2474351720427659,0.00029886476455303615
292,2018-08-12_11-36-15-129-W-B-user304,2.4538481691958305,0.1046958220557284
293,2018-08-12_11-49-35-321-I-B-user303,-1.3566011388115555,0.00020294215327495264
294,2018-08-12_11-49-35-321-W-B-user302,0.9539359046872741,0.0026187986120213354
295,2018-08-12_11-51-07-800-I-B-user305,2.3737031721531685,0.10716919062853228
296,2018-08-12_11-51-07-800-W-B-user301,3.1749554798977337,0.3107304245874199
297,2018-08-12_12-04-18-738-I-B-user301,3.1816791716633204,0.3635480493023433
298,2018-08-12_12-04-18-738-W-B-user304,1.4788981761056696,0.013486925478513066
299,2018-08-12_12-05-51-37-I-T-user302,1.9635985012881847,0.009040065972538274
300,2018-08-12_12-05-51-37-W-T-user305,2.3027239619378475,0.05351939762007525
301,2018-08-12_12-17-32-726-I-B-user303,0.3886968951491152,0.00021070441760697838
302,2018-08-12_12-17-32-726-W-B-user301,2.2463603697482957,0.09160149736970233
303,2018-08-12_12-19-29-723-I-B-user305,2.4289244275150383,0.07122970939987397
304,2018-08-12_12-19-29-723-W-B-user304,1.0314720590071929,0.013665603514044885
305,2018-08-12_12-36-33-550-I-B-user303,1.626850144079932,0.011097244321527195
306,2018-08-12_12-36-33-550-W-B-user305,1.975783276607041,0.061029589160126414
307,2018-08-12_12-38-51-916-I-T-user302,3.1240414122662403,0.051076356845530566
308,2018-08-12_12-38-51-916-W-T-user304,3.3934313692207883,0.09399861128089124
309,2018-08-12_12-56-37-196-I-B-user301,2.8066334584477044,0.1496832237905747
310,2018-08-12_12-56-37-196-W-B-user303,0.4017499632966911,0.0017373815522413693
311,2018-08-12_12-58-02-439-I-T-user304,2.029425326366675,0.030700765835261164
312,2018-08-12_12-58-02-439-W-T-user302,3.400357133626045,0.2634195796280904
313,2018-08-12_13-36-00-673-I-T-user302,2.8997010281898894,0.08217497046517487
314,2018-08-12_13-36-00-673-W-T-user301,0.8687553245671396,0.020309317851051997
315,2018-08-12_13-37-20-143-I-B-user305,2.6858680710210314,0.11313380840244346
316,2018-08-12_13-37-20-143-W-B-user303,-1.0218606752721209,0.00012625130935222642
317,2018-08-12_13-51-01-824-I-B-user304,1.5836117382432082,0.03908961856715041
318,2018-08-12_13-51-01-824-W-B-user301,2.2675106839254293,0.04241957626378316
319,2018-08-12_13-53-02-58-I-B-user305,2.2032015729247862,0.058065122457361236
320,2018-08-12_13-53-02-58-W-B-user302,2.127714106431664,0.02659309946891748
321,2018-08-12_14-03-49-927-I-B-user304,1.9084570795868518,0.03038467065735932
322,2018-08-12_14-03-49-927-W-B-user303,0.23873641423755565,0.0004920271032891871
323,2018-08-12_14-06-23-202-I-T-user301,2.999908688472516,0.085421724064092
324,2018-08-12_14-06-23-202-W-T-user305,1.6793863752932356,0.0551470651857294
325,2018-08-12_14-21-17-501-I-T-user302,0.916894985873471,0.050576015889436506
326,2018-08-12_14-21-17-501-W-T-user303,1.1081322516801526,0.0018740203269089614
327,2018-08-12_14-21-19-68-I-B-user304,2.298656571982474,0.04307326036240077
328,2018-08-12_14-21-19-68-W-B-user305,2.9001165570650675,0.16922677647450138
329,2018-09-01_11-17-07-681-I-B-user403,2.96342436571756,0.23529293550686844
330,2018-09-01_11-17-07-681-W-B-user404,3.1064465510882133,0.2275188654387251
331,2018-09-01_11-20-44-762-I-T-user401,3.6556653297083663,0.4655685765187111
332,2018-09-01_11-20-44-762-W-T-user402,2.968749611419743,0.15519620253003738
333,2018-09-01_11-33-29-289-I-T-user403,3.4501845235943045,0.5190544358445668
334,2018-09-01_11-33-29-289-W-T-user402,2.454231991459311,0.04251059623668045
335,2018-09-01_11-38-53-670-I-B-user401,3.1550457419403344,0.29573168826556195
336,2018-09-01_11-38-53-670-W-B-user405,2.1435087499993006,0.058530463493887186
337,2018-09-01_11-51-21-457-I-T-user401,3.4857367868983307,0.4976773343003683
338,2018-09-01_11-51-21-457-W-T-user404,3.013204973183824,0.16681778833222247
339,2018-09-01_11-51-46-346-I-B-user402,2.4563313022718103,0.023896830207362427
340,2018-09-01_11-51-46-346-W-B-user405,1.935539511782042,0.03286767585556378
341,2018-09-01_12-05-14-620-I-T-user403,3.102484648030169,0.3899932342457888
342,2018-09-01_12-05-14-620-W-T-user401,3.675928032498069,0.4436031643429813
343,2018-09-01_12-05-48-218-I-B-user405,1.6524458009267258,0.03061372396221493
344,2018-09-01_12-05-48-218-W-B-user404,3.2687324400131312,0.3528142264258818
345,2018-09-01_12-18-59-653-I-T-user402,3.654299862268228,0.3846092518668669
346,2018-09-01_12-18-59-653-W-T-user404,3.2847039465525842,0.21439976220065005
347,2018-09-01_12-19-24-693-I-B-user403,2.4335880824766565,0.10007269708824122
348,2018-09-01_12-19-24-693-W-B-user405,2.233706968160547,0.06951110021393289
349,2018-09-01_12-35-37-636-I-B-user404,3.388411827454397,0.32599161424125306
350,2018-09-01_12-35-37-636-W-B-user402,3.2781608388677217,0.30132849440432163
351,2018-09-01_12-46-23-862-I-T-user401,3.6193699740788383,0.2934091485527448
352,2018-09-01_12-46-23-862-W-T-user403,3.277776218716516,0.3332578289785937
353,2018-09-01_12-59-15-78-I-B-user402,3.703317668948058,0.4329414979064648
354,2018-09-01_12-59-15-78-W-B-user401,3.43316679982656,0.5031131950183563
355,2018-09-01_13-01-05-856-I-B-user405,1.7983128062371183,0.03914388319018055
356,2018-09-01_13-01-05-856-W-B-user403,3.2032042981533384,0.3414302068155975
357,2018-09-01_13-12-20-286-I-B-user404,3.662584450507813,0.4221443676136411
358,2018-09-01_13-12-20-286-W-B-user401,1.7035446004822037,0.05292838041535453
359,2018-09-01_13-15-43-356-I-T-user405,1.4621828789293811,0.006086349181075768
360,2018-09-01_13-15-43-356-W-T-user402,2.5630176460857905,0.15333334899215004
361,2018-09-01_13-25-48-398-I-T-user404,3.0314847833052094,0.2215697015250034
362,2018-09-01_13-25-48-398-W-T-user403,3.2721066849347014,0.31106421694793784
363,2018-09-01_13-27-54-915-I-T-user405,2.8968225663738734,0.06674793950795503
364,2018-09-01_13-27-54-915-W-T-user401,4.258093217876904,0.4657093301172624
365,2018-09-01_13-39-43-649-I-T-user402,3.3082871498192485,0.321447142147695
366,2018-09-01_13-39-43-649-W-T-user403,2.378751940425418,0.30431923942472183
367,2018-09-01_13-40-00-286-I-T-user404,2.1438242307927937,0.094359501154563
368,2018-09-01_13-40-00-286-W-T-user405,2.2820407829015137,0.06525146507181591
369,2018-09-01_15-26-01-472-I-B-user501,3.8460885406484993,0.7020514062351435
370,2018-09-01_15-26-01-472-W-B-user502,2.505077837700997,0.2637527178329165
371,2018-09-01_15-30-27-34-I-T-user503,2.019222043342745,0.11849234585627112
372,2018-09-01_15-30-27-34-W-T-user504,2.926303343193457,0.05367617549395153
373,2018-09-01_15-40-51-48-I-B-user501,3.0404589563349607,0.12396145587238555
374,2018-09-01_15-40-51-48-W-B-user505,1.6745491871247395,0.026789298069251042
375,2018-09-01_15-42-41-661-I-T-user503,1.7509627362807931,0.12318076714138868
376,2018-09-01_15-42-41-661-W-T-user502,4.172362253330477,0.4910014847223788
377,2018-09-01_15-56-51-866-I-T-user502,3.2176894818654613,0.34140015921670497
378,2018-09-01_15-56-51-866-W-T-user505,1.248758090265797,0.018425833098616524
379,2018-09-01_15-58-52-950-I-T-user501,3.0570710034788338,0.17012490250770387
380,2018-09-01_15-58-52-950-W-T-user504,4.103267576420514,0.4953295325564264
381,2018-09-01_16-11-35-982-I-B-user503,1.7582757237903204,0.14916079817294933
382,2018-09-01_16-11-35-982-W-B-user501,2.6863076462950155,0.05957498339753951
383,2018-09-01_16-12-49-857-I-T-user505,1.402042440761682,0.01238983916349197
384,2018-09-01_16-12-49-857-W-T-user504,2.4362445149009746,0.06329674663413043
385,2018-09-01_16-25-20-765-I-B-user503,3.0014716121466414,0.11993165753376656
386,2018-09-01_16-25-20-765-W-B-user505,1.8144204961979609,0.019968523814724998
387,2018-09-01_16-26-18-672-I-B-user502,2.3644239874544937,0.0185997481829116
388,2018-09-01_16-26-18-672-W-B-user504,2.4145540569265984,0.0585946765844412
389,2018-09-01_16-39-42-774-I-T-user501,1.0909650407022229,0.022056471377138072
390,2018-09-01_16-39-42-774-W-T-user503,2.1695758193111923,0.11890488071520333
391,2018-09-01_16-41-44-747-I-B-user504,3.2099063489529835,0.2481851895592821
392,2018-09-01_16-41-44-747-W-B-user502,2.77554700683787,0.1418473861954586
393,2018-09-01_16-54-13-433-I-T-user505,2.272005028917336,0.1706000511621684
394,2018-09-01_16-54-13-433-W-T-user503,1.3943701650302955,0.029640113747583005
395,2018-09-01_16-54-20-277-I-T-user502,0.1806842336138441,0.004513753409398457
396,2018-09-01_16-54-20-277-W-T-user501,3.101765038040198,0.4839993445472362
397,2018-09-01_17-08-02-6-I-B-user505,1.7642884880951843,0.09125542672730902
398,2018-09-01_17-08-02-6-W-B-user502,2.3571695155008983,0.09129903326516098
399,2018-09-01_17-08-15-620-W-B-user501,2.741553753878737,0.2759406276856184
400,2018-09-01_17-20-37-941-I-B-user504,3.2235027406260937,0.11101590515427633
401,2018-09-01_17-20-37-941-W-B-user503,0.4146465153147077,0.02594767925854816
402,2018-09-01_17-20-57-400-I-B-user505,2.2483536053212507,0.19183753751170865
403,2018-09-01_17-20-57-400-W-B-user501,2.608994744716001,0.12965140970702116
404,2018-09-01_17-33-42-951-I-B-user502,2.8397518077468584,0.2930991888198623
405,2018-09-01_17-33-42-951-W-B-user503,0.007809730090401423,0.0006438749099233501
406,2018-09-01_17-33-58-376-I-B-user504,3.492101642464464,0.3489523584259336
407,2018-09-01_17-33-58-376-W-B-user505,1.572591757022579,0.04046757195896723
408,2018-09-08_11-26-50-995-I-B-user601,3.69272981665213,0.4058365089012986
409,2018-09-08_11-26-50-995-W-B-user602,2.0240951830530696,0.07694907285162456
410,2018-09-08_11-27-01-675-I-B-user603,1.8241402502131048,0.08088515389912099
411,2018-09-08_11-27-01-675-W-B-user604,-1.1510263195294197,0.00010943195431619428
412,2018-09-08_11-43-03-106-I-T-user601,3.4060515588404034,0.39384562377020577
413,2018-09-08_11-43-03-106-W-T-user605,1.6986709046219977,0.008156257672597556
414,2018-09-08_11-43-44-665-I-B-user603,1.7417073469654074,0.09350082505690274
415,2018-09-08_11-43-44-665-W-B-user602,3.403118410253167,0.7037104474133342
416,2018-09-08_11-56-25-567-I-T-user601,2.549577677699744,0.13767179629722226
417,2018-09-08_11-56-25-567-W-T-user604,2.285167478648296,0.015275660218266141
418,2018-09-08_12-01-43-738-I-B-user602,2.141751528965835,0.08258259124222883
419,2018-09-08_12-01-43-738-W-B-user605,3.7636303931709536,0.22291902190080065
420,2018-09-08_12-09-26-1-I-T-user603,2.7906252456588883,0.16504187476051088
421,2018-09-08_12-09-26-1-W-T-user601,3.0113925875943823,0.478618325800223
422,2018-09-08_12-17-43-362-I-T-user605,3.7467941599716634,0.2297555800707347
423,2018-09-08_12-17-43-362-W-T-user604,0.41687868397811023,0.001825539078937693
424,2018-09-08_12-34-07-349-I-B-user603,1.8664403915838736,0.03606976134377245
425,2018-09-08_12-34-07-349-W-B-user605,2.99578596828599,0.05025213192097629
426,2018-09-08_12-34-17-60-I-T-user602,1.4799198197849694,0.04225803362478304
427,2018-09-08_12-34-17-60-W-T-user604,1.8707032450530283,0.02029095010595541
428,2018-09-08_12-52-57-257-I-B-user601,5.080215718568888,0.9475452364639304
429,2018-09-08_12-52-57-257-W-B-user603,2.071895697728912,0.09607767555224342
430,2018-09-08_12-54-50-681-I-T-user604,1.9944161046511104,0.12100712674375386
431,2018-09-08_12-54-50-681-W-T-user602,1.9867268684160264,0.09975980640759348
432,2018-09-08_13-06-31-913-I-B-user605,2.352876462794621,0.041670139953459966
433,2018-09-08_13-06-31-913-W-B-user603,2.6388955876872258,0.2793636149111298
434,2018-09-08_13-09-49-380-I-T-user602,2.6832429856311446,0.1757111331919591
435,2018-09-08_13-09-49-380-W-T-user601,4.0926027865445604,0.6441997028833449
436,2018-09-08_13-22-56-739-I-B-user605,1.789946142648012,0.030346423128244995
437,2018-09-08_13-22-56-739-W-B-user602,3.411625810393692,0.2372635658562279
438,2018-09-08_13-23-19-683-I-B-user604,1.627649613891407,0.06024368763698995
439,2018-09-08_13-23-19-683-W-B-user601,3.5966015363819617,0.6678926188680349
440,2018-09-08_13-37-33-89-I-T-user605,2.2663917663168642,0.18415892627083336
441,2018-09-08_13-37-33-89-W-T-user601,2.3070273893357287,0.2285850718782439
442,2018-09-08_13-37-59-49-I-T-user604,2.2963386409720905,0.03640204992101758
443,2018-09-08_13-37-59-49-W-T-user603,1.9550423072907943,0.02022740778062471
444,2018-09-08_13-50-28-425-I-B-user604,3.3749081369146716,0.2505464442287039
445,2018-09-08_13-50-28-425-W-B-user605,2.366338025353378,0.13730179544696394
446,2018-09-08_13-53-53-463-I-B-user602,3.3835490456286537,0.2435048158139232
447,2018-09-08_13-53-53-463-W-B-user603,2.8838315303665047,0.09510950374270574
448,2018-02-17_14-33-35-477-I-T-kingferry,2.5724139177973955,0.030041386211984523
449,2018-02-17_14-33-35-477-W-T-dd17,3.289583644190774,0.2139271369481754
450,2018-02-17_14-45-40-200-I-T-theotherguy,2.849458892899768,0.1512360433862354
451,2018-02-17_14-45-40-200-W-T-qmjhl,0.8444812104931776,0.00386013747163571
452,2018-02-17_14-58-58-929-I-T-kingferry,1.9037125848137304,0.010044780599091585
453,2018-02-17_14-58-58-929-W-T-qmjhl,2.0217499119897777,0.032426196446363215
454,2018-02-17_14-59-22-962-I-B-theotherguy,2.518457299746129,0.2865674240833497
455,2018-02-17_14-59-22-962-W-B-dd17,3.4690206077120465,0.4701484887266186
456,2018-02-17_15-13-33-271-I-B-qmjhl,4.587432631707088,0.4842074461810298
457,2018-02-17_15-13-33-271-W-B-kingferry,2.849765565225318,0.10277796317084156
458,2018-02-17_15-15-12-644-I-T-dd17,3.165197870505569,0.5394332766774259
459,2018-02-17_15-15-12-644-W-T-theotherguy,4.089555725404932,0.6508048960003381
460,2018-02-17_15-30-27-188-I-B-qmjhl,1.0281816907672423,0.010005859825484685
461,2018-02-17_15-30-27-188-W-B-theotherguy,3.5324106390450374,0.31147688410095115
462,2018-02-17_15-58-54-6-I-T-kingferry,-0.3925649181916029,0.000981491936535563
463,2018-02-17_15-58-54-6-W-T-theotherguy,2.469118755419057,0.2698048878655273
464,2018-02-17_15-59-37-779-I-B-qmjhl,0.5151793487905199,0.002261845157657012
465,2018-02-17_15-59-37-779-W-B-dd17,2.8832726497183727,0.18808488832096654
466,2018-02-17_16-12-17-891-I-T-dd17,3.7514377568885364,0.3571959721178453
467,2018-02-17_16-12-17-891-W-T-qmjhl,0.06585203763918379,0.01042175483437272
468,2018-02-17_16-12-53-703-I-T-theotherguy,2.487941658941798,0.20613249087443666
469,2018-02-17_16-12-53-703-W-T-kingferry,0.9521358825160604,0.004499632020945066
470,2018-02-25_13-14-22-215-I-T-playerC,3.8950726876869135,0.5459275050689679
471,2018-02-25_13-14-22-215-W-T-PlayerD,3.4218384313514814,0.3634572372456809
472,2018-02-25_13-16-01-653-I-T-PlayerA,4.199340257435255,0.9258374873325858
473,2018-02-25_13-16-01-653-W-T-PlayerB,0.8234789748575837,0.012054670270241655
474,2018-02-25_13-33-09-475-I-T-PlayerA,5.789132844751375,0.9881141415214943
475,2018-02-25_13-33-09-475-W-T-PlayerE,1.5657839148664214,0.011906172500279644
476,2018-02-25_13-34-11-253-I-B-playerC,3.8666137435868255,0.4359735402372858
477,2018-02-25_13-34-11-253-W-B-PlayerB,1.678476553504007,0.02013954539163692
478,2018-02-25_13-49-51-506-I-B-PlayerB,2.549802826975037,0.027606480280486075
479,2018-02-25_13-49-51-506-W-B-PlayerE,2.2105831384077024,0.021681442666748967
480,2018-02-25_13-50-22-285-I-T-PlayerA,4.753443193589279,0.6047109585212556
481,2018-02-25_13-50-22-285-W-T-PlayerD,2.4359344079074954,0.3163798832345391
482,2018-02-25_14-05-58-190-I-T-playerC,2.0526567606544552,0.07146814304777807
483,2018-02-25_14-05-58-190-W-T-PlayerA,4.273207971076447,0.9845210980533208
484,2018-02-25_14-07-04-471-I-T-PlayerE,4.554460226449856,0.5586165703220659
485,2018-02-25_14-07-04-471-W-T-PlayerD,2.016803016625544,0.0510966488181182
486,2018-02-25_14-21-26-22-I-B-playerC,2.666961031510497,0.2306177351825243
487,2018-02-25_14-21-26-22-W-B-PlayerE,4.017920976330642,0.4039098547493877
488,2018-02-25_14-21-51-412-I-T-PlayerB,2.383356965605324,0.1560414598680059
489,2018-02-25_14-21-51-412-W-T-PlayerD,2.4607592578350386,0.1652088076459826
490,2018-02-25_14-35-36-494-I-B-PlayerA,6.204012635926999,0.9914786659296424
491,2018-02-25_14-35-36-494-W-B-playerC,1.3612840078675248,0.020700726708206142
492,2018-02-25_14-35-41-678-I-T-PlayerD,2.738268411578068,0.02287432682329049
493,2018-02-25_14-35-41-678-W-T-PlayerB,-0.9072583821049642,1.0868411625682563e-05
494,2018-02-25_14-49-36-200-I-B-PlayerB,1.2987800726215832,0.03229154207226405
495,2018-02-25_14-49-36-200-W-B-PlayerA,3.7403468029568168,0.6241577967726073
496,2018-02-25_14-50-44-6-I-B-PlayerE,4.419233301190516,0.4188446567561935
497,2018-02-25_14-50-44-6-W-B-playerC,3.2822677261053355,0.3269143599151962
498,2018-02-25_15-05-13-792-I-B-PlayerE,5.0924576202752485,0.5518420863122526
499,2018-02-25_15-05-13-792-W-B-PlayerB,1.8519811679492035,0.0532796833030062
500,2018-02-25_15-05-31-847-I-T-PlayerD,1.6949272162458255,0.06353520747659737
501,2018-02-25_15-05-31-847-W-T-PlayerA,4.547189980533068,0.9678788030680974
502,2018-02-25_15-51-57-535-I-T-playA,-0.6460342941151644,0.00017692857245748202
503,2018-02-25_15-51-57-535-W-T-playB,0.9448360810132534,0.004695694566236646
504,2018-02-25_15-52-10-32-I-T-playC,1.8229573031735635,0.029351260483720068
505,2018-02-25_15-52-10-32-W-T-playD,1.5568099137245712,0.006183140554213854
506,2018-02-25_16-05-37-615-I-B-playA,0.3270240183842503,0.0004431884136233758
507,2018-02-25_16-05-37-615-W-B-playE,4.202406079133814,0.21471879339192504
508,2018-02-25_16-06-52-924-I-B-playC,2.4607188824266477,0.03913113662944545
509,2018-02-25_16-06-52-924-W-B-playB,0.15214072134108214,0.0010695950917203863
510,2018-02-25_16-20-27-786-I-B-playB,0.8167662371849431,0.007072136679278328
511,2018-02-25_16-20-27-786-W-B-playE,3.895897607258672,0.1975991884563809
512,2018-02-25_16-21-48-356-I-T-playA,-0.3043638775334383,0.0014852324791433313
513,2018-02-25_16-21-48-356-W-T-playD,0.7892507030323292,0.0061213507169064745
514,2018-02-25_16-35-14-962-I-T-playE,1.9655904094277001,0.008104789559175199
515,2018-02-25_16-35-14-962-W-T-playD,-0.05923715206038337,0.00032591116215848154
516,2018-02-25_16-35-15-258-I-T-playC,3.713775371772624,0.3067337688277624
517,2018-02-25_16-35-15-258-W-T-playA,2.4867913857559287,0.024030610272771143
518,2018-02-25_16-53-19-560-I-B-playC,1.4986058835177325,0.023151950179492568
519,2018-02-25_16-53-19-560-W-B-playE,3.226939198546752,0.2499904363067347
520,2018-02-25_16-53-24-685-I-T-playB,1.406676782160444,0.01500248425851519
521,2018-02-25_16-53-24-685-W-T-playD,2.3628051293881223,0.004827187763350825
522,2018-02-25_17-05-45-845-I-B-playA,2.2310067361235144,0.027918511787283024
523,2018-02-25_17-05-45-845-W-B-playC,3.282287324652922,0.25465184662130114
524,2018-02-25_17-06-48-147-I-T-playD,1.2328670353127276,0.013074648576812613
525,2018-02-25_17-06-48-147-W-T-playB,0.8797240799515142,0.003444096731229812
526,2018-02-25_17-20-28-378-I-B-playB,1.3146859353997886,0.012124474644355171
527,2018-02-25_17-20-28-378-W-B-playA,3.706962741588791,0.42724493912966094
528,2018-02-25_17-20-56-708-W-T-playC,2.1318965079526784,0.033886226199673464
529,2018-02-25_17-33-02-263-I-T-playE,3.9139366907592033,0.2388663612619173
530,2018-02-25_17-33-02-263-W-T-playB,3.7753562664155456,0.09174953956125513
531,2018-02-25_17-33-34-929-I-B-playD,0.4039249985523252,0.0016030512535178884
532,2018-02-25_17-33-34-929-W-B-playA,4.269396948394989,0.5240243170745554
533,2018-02-25_17-47-15-16-I-T-playE,3.400130305849552,0.0441292866829939
534,2018-02-25_17-47-15-16-W-T-playA,4.652660104290028,0.445484765827214
535,2018-02-25_17-51-49-71-I-B-playD,1.1726063133376847,0.022512061167408167
536,2018-02-25_17-51-49-71-W-B-playC,1.3017852471756974,0.00800581436856881
537,2018-02-25_18-05-08-996-I-B-playD,2.07733868014225,0.05777066726546255
538,2018-02-25_18-05-08-996-W-B-playE,3.4484120316857543,0.12033914776999953
539,2018-02-25_18-06-25-166-I-T-playB,1.2257108122095577,0.008368652177230637
540,2018-02-25_18-06-25-166-W-T-playC,1.6995776453533074,0.015254285087255312
541,2018-03-03_14-31-25-188-I-T-playerF,3.2922466556597247,0.7512134246825353
542,2018-03-03_14-31-25-188-W-T-playerG,3.9494540943500094,0.3901337342919943
543,2018-03-03_14-36-59-99-I-B-playerH,4.625023939038256,0.7268810200652359
544,2018-03-03_14-36-59-99-W-B-player,1.0819903192158744,0.004848577670287274
545,2018-03-03_14-50-02-899-I-B-playerH,4.8763393649729805,0.9115760550371712
546,2018-03-03_14-50-02-899-W-B-playerG,2.9574399575835595,0.06138408113393753
547,2018-03-03_14-55-34-435-I-B-playerF,3.2231355189260538,0.6467005967969447
548,2018-03-03_14-55-34-435-W-B-playerJ,2.1868849699884585,0.041713224159924116
549,2018-03-03_15-08-47-393-I-B-playerF,4.577457047079526,0.8763976225960012
550,2018-03-03_15-08-47-393-W-B-player,1.1323930901358759,0.006505765650442154
551,2018-03-03_15-11-18-614-I-B-playerG,4.123127816894957,0.3766286571723347
552,2018-03-03_15-11-18-614-W-B-playerJ,3.873577632393636,0.2838642429950603
553,2018-03-03_15-24-43-406-W-T-playerF,3.115716633084069,0.8253241002198579
554,2018-03-03_15-26-12-985-I-B-playerJ,3.0938670842325537,0.4747163926133975
555,2018-03-03_15-26-12-985-W-B-player,1.5399822018665414,0.010785107166439684
556,2018-03-03_15-40-45-399-I-T-playerH,4.561330889225836,0.8991911306935756
557,2018-03-03_15-40-45-399-W-T-playerJ,3.3907624287386477,0.13823920840911305
558,2018-03-03_15-41-13-419-I-B-playerG,2.4596949175448644,0.011933927971637587
559,2018-03-03_15-41-13-419-W-B-player,1.7865003778327957,0.009383151510996314
560,2018-03-03_15-54-55-137-I-B-playerF,3.5641228237876765,0.8846601405421497
561,2018-03-03_15-54-55-137-W-B-playerH,4.775238743199234,0.8157531011757875
562,2018-03-03_15-55-22-859-I-B-player,2.4192775052243216,0.05014174468120422
563,2018-03-03_15-55-22-859-W-B-playerG,3.474131649483632,0.1266761590600745
564,2018-03-03_16-08-55-856-I-T-playerJ,4.2866484017757305,0.5902698732892077
565,2018-03-03_16-08-55-856-W-T-playerH,3.429368996740628,0.6287025116436102
566,2018-03-03_16-09-54-314-I-B-playerG,4.057819518880748,0.5877090484262666
567,2018-03-03_16-09-54-314-W-B-playerF,5.146439786642295,0.94865929782364
568,2018-03-03_16-23-45-184-I-T-playerJ,4.191576187185543,0.3349786373262272
569,2018-03-03_16-23-45-184-W-T-playerG,3.7743785321794734,0.2439722656538635
570,2018-03-03_16-24-56-532-I-T-player,1.318598804234961,0.01562941618909133
571,2018-03-03_16-24-56-532-W-T-playerF,4.189151676094556,0.8312420643472449
572,2018-03-03_16-37-02-627-I-T-player,1.7385892844242754,0.05007523961951175
573,2018-03-03_16-37-02-627-W-T-playerH,3.208441588116332,0.027427409713511527
574,2018-03-03_16-37-41-689-I-B-playerJ,3.2937360877181665,0.166790384711599
575,2018-03-03_16-37-41-689-W-B-playerF,3.4866307116647923,0.9044746379230036
576,2018-03-03_16-49-28-573-I-T-playerG,3.0021765108554885,0.2088616281018876
577,2018-03-03_16-49-28-573-W-T-playerH,4.253135353335097,0.6414627851354453
578,2018-03-03_16-50-57-586-I-B-player,1.3300891691514185,0.0053747612382907825
579,2018-03-03_16-50-57-586-W-B-playerJ,1.2435183325843349,0.015465180208276934
580,2018-03-04_16-23-14-328-I-B-gamma,2.7569109098346773,0.3150612855300382
581,2018-03-04_16-23-14-328-W-B-delta,3.5122771174480505,0.15556250272410696
582,2018-03-04_16-32-00-897-I-B-alpha,3.5990911708901656,0.4160450313643629
583,2018-03-04_16-32-00-897-W-B-beta,3.7566473140501353,0.3956407354781787
584,2018-03-04_16-44-52-917-I-T-alpha,4.31212981552795,0.4974080825598735
585,2018-03-04_16-44-52-917-W-T-epsilon,0.6760474108182022,0.0060595502444603655
586,2018-03-04_16-45-46-434-I-B-gamma,4.738135003680883,0.715452776574277
587,2018-03-04_16-45-46-434-W-B-beta,2.7740828246603457,0.0554162269922266
588,2018-03-04_16-58-01-813-I-T-alpha,3.9003506050672483,0.6623882709206892
589,2018-03-04_16-58-01-813-W-T-delta,3.179512562026052,0.0400800494758529
590,2018-03-04_16-58-48-564-I-T-beta,3.182358805285957,0.6375336207244139
591,2018-03-04_16-58-48-564-W-T-epsilon,1.0171686322791258,0.003603810565233564
592,2018-03-04_17-11-56-584-I-B-epsilon,0.5743251934658344,0.0028787696663348924
593,2018-03-04_17-11-56-584-W-B-delta,2.7445147910888448,0.03011594735993128
594,2018-03-04_17-12-05-975-I-B-gamma,5.245204667748903,0.9501527004492042
595,2018-03-04_17-12-05-975-W-B-alpha,4.634950497937342,0.8805682809850933
596,2018-03-04_17-25-20-50-I-B-beta,3.9456006427220114,0.7680495044847644
597,2018-03-04_17-25-20-50-W-B-delta,3.0415575781523883,0.075653713409149
598,2018-03-04_17-26-05-379-I-B-gamma,3.4584505715273446,0.5359689085473689
599,2018-03-04_17-26-05-379-W-B-epsilon,1.7514520189647709,0.00581393757711561
600,2018-03-04_17-37-48-342-I-B-delta,2.904185075096734,0.11743042250362698
601,2018-03-04_17-37-48-342-W-B-beta,4.063151491895891,0.9327843982872468
602,2018-03-04_17-40-24-748-I-B-alpha,4.003953120425696,0.7285276736061678
603,2018-03-04_17-40-24-748-W-B-gamma,3.985209093388816,0.8009979185179749
604,2018-03-04_17-52-36-829-I-B-epsilon,1.0764032962626144,0.001275124487824341
605,2018-03-04_17-52-36-829-W-B-gamma,2.556283142128521,0.2209394725055701
606,2018-03-04_17-52-53-448-I-B-beta,3.659301805800004,0.8323584075852087
607,2018-03-04_17-52-53-448-W-B-alpha,1.556887467161153,0.06184934581105641
608,2018-03-04_18-05-46-288-I-B-epsilon,0.4926443450456084,0.006102545232260533
609,2018-03-04_18-05-46-288-W-B-beta,2.904567643387602,0.4119822175117317
610,2018-03-04_18-06-42-851-I-B-delta,4.02256002678062,0.036644815454188934
611,2018-03-04_18-06-42-851-W-B-alpha,3.3630534594367583,0.2940866740217155
612,2018-03-04_18-20-44-311-I-B-epsilon,2.3778166809509216,0.021164301214898668
613,2018-03-04_18-20-44-311-W-B-alpha,3.443185033522356,0.2364523722297334
614,2018-03-04_18-21-30-606-I-B-delta,3.4031692315836213,0.08989509054219844
615,2018-03-04_18-21-30-606-W-B-gamma,4.48032675627142,0.7512997907865504
616,2018-03-04_18-33-41-474-I-T-delta,3.924407719890745,0.4368886642673671
617,2018-03-04_18-33-41-474-W-T-epsilon,2.2561846842382867,0.03398240399063058
618,2018-03-04_18-34-39-751-I-B-beta,3.936852095783464,0.6743298944596036
619,2018-03-04_18-34-39-751-W-B-gamma,2.750555302820997,0.1938306917945783
620,2018-06-08_13-38-05-898-I-B-red,2.0360595768945893,0.07613987753905671
621,2018-06-08_13-38-05-898-W-B-green,1.9374835379997968,0.0249147405849279
622,2018-06-08_13-39-21-846-I-B-blue,3.1731746413635555,0.1677190465607283
623,2018-06-08_13-39-21-846-W-B-orange,2.907081213300632,0.24169347365886346
624,2018-06-08_13-55-43-443-I-B-red,3.395521540803298,0.277847030129944
625,2018-06-08_13-55-43-443-W-B-pink,1.970005393051844,0.13564108498857114
626,2018-06-08_13-58-18-9-I-T-blue,3.7019479303401504,0.6115781130331904
627,2018-06-08_13-58-18-9-W-T-green,0.9632881244588952,0.0036256308545253055
628,2018-06-08_14-09-16-969-I-B-red,2.243625857852595,0.13004411709700295
629,2018-06-08_14-09-16-969-W-B-orange,1.9895700822371536,0.03144694604450072
630,2018-06-08_14-11-38-545-I-T-green,0.16791674172566218,0.0007116070787312517
631,2018-06-08_14-11-38-545-W-T-pink,1.7280169107834826,0.15247641037697754
632,2018-06-08_14-27-12-890-I-T-pink,1.1909483116029715,0.03190785395646127
633,2018-06-08_14-27-12-890-W-T-orange,1.0118922409403153,0.010385514913355844
634,2018-06-08_14-31-20-150-I-B-blue,3.4333447268850423,0.5312490263512769
635,2018-06-08_14-31-20-150-W-B-red,2.850292061697189,0.17743951790610293
636,2018-06-08_14-44-07-464-I-T-blue,1.8872761171165668,0.06384495805991643
637,2018-06-08_14-44-07-464-W-T-pink,1.5029994908973077,0.11528139892380328
638,2018-06-08_14-44-26-144-I-B-green,0.3614375188145207,0.0016948455051450408
639,2018-06-08_14-44-26-144-W-B-orange,1.283774947182998,0.031335897217466616
640,2018-06-08_14-59-15-472-I-B-orange,3.9764499974771232,0.10751236689482044
641,2018-06-08_14-59-15-472-W-B-green,0.8318594706774379,0.002116617771482523
642,2018-06-08_15-09-33-44-I-B-red,3.1727313726912083,0.11743757973276765
643,2018-06-08_15-09-33-44-W-B-blue,3.510730999118132,0.15037211623133026
644,2018-06-08_15-22-30-837-I-B-green,2.133225764429592,0.006777562303560048
645,2018-06-08_15-22-30-837-W-B-red,2.3566431309372216,0.19592427732771805
646,2018-06-08_15-22-36-67-I-B-pink,3.2870991078010925,0.21215019635033733
647,2018-06-08_15-22-36-67-W-B-blue,2.9619622182584964,0.19832745064704005
648,2018-06-08_15-35-18-558-I-B-pink,3.1986232917423485,0.2305333673624544
649,2018-06-08_15-35-18-558-W-B-green,1.4499396405520055,0.0031690239234023468
650,2018-06-08_15-35-59-88-I-B-orange,2.7048996440960087,0.09516822599581402
651,2018-06-08_15-35-59-88-W-B-red,4.494983092072821,0.7139914638133328
652,2018-06-08_15-49-48-161-I-B-orange,2.6553252638294618,0.04429058258081897
653,2018-06-08_15-49-48-161-W-B-blue,3.010871045913788,0.08728535619648578
654,2018-06-08_15-51-08-556-I-B-pink,1.679158114007148,0.12366075400565578
655,2018-06-08_15-51-08-556-W-B-red,2.44679658868726,0.14102984859160295
656,2018-06-08_16-03-53-799-I-T-orange,2.1193806718412858,0.10292588157899966
657,2018-06-08_16-03-53-799-W-T-pink,2.123845884640528,0.08616794542593538
658,2018-06-08_16-04-43-127-I-B-green,0.36459865368049815,0.001849804047665412
659,2018-06-08_16-04-43-127-W-B-blue,2.5750680211717043,0.06727524834524934
