,Unnamed: 0,image_filename,FAME_0,FAME,FAME_variance,logreg_0,logreg,logreg_variance
0,0,00-13-953-I-B-user61,4.2775093531410375,4.2775093531410375,0.0,0.8105885272117999,0.8105885272117999,0.0
1,1,00-13-953-W-B-user62,0.8456455429706917,0.8456455429706917,0.0,0.02270358055510439,0.02270358055510439,0.0
2,2,00-34-288-I-B-user114,3.9542038228163015,3.9542038228163015,0.0,0.3109973790480577,0.3109973790480577,0.0
3,3,01-01-49-I-B-user135,3.223005699842618,3.223005699842618,0.0,0.4591397634966108,0.4591397634966108,0.0
4,4,01-01-49-W-B-user134,3.1050632098432973,3.1050632098432973,0.0,0.647203534692022,0.647203534692022,0.0
5,5,01-25-367-I-B-user147,2.6393210454225944,2.6393210454225944,0.0,0.153600660339601,0.153600660339601,0.0
6,6,01-25-367-W-B-user148,2.996647109827056,2.996647109827056,0.0,0.2371635464061297,0.2371635464061297,0.0
7,7,01-38-934-I-B-user1,1.2412145040815563,1.2412145040815563,0.0,0.008229057856092395,0.008229057856092395,0.0
8,8,01-38-934-W-B-user44,1.2451868546989289,1.2451868546989289,0.0,0.15536720184609526,0.15536720184609526,0.0
9,9,01-50-492-I-T-user1,2.5063544702737937,2.5063544702737937,0.0,0.0378338905813046,0.0378338905813046,0.0
10,10,01-50-492-W-T-user2,4.240524015331694,4.240524015331694,0.0,0.7513679738484591,0.7513679738484591,0.0
11,11,02-09-31-I-T-user100,3.933548856905275,3.933548856905275,0.0,0.736444579847355,0.736444579847355,0.0
12,12,02-09-31-W-T-user101,3.5245705056994967,3.5245705056994967,0.0,0.8082723140144829,0.8082723140144829,0.0
13,13,02-20-877-I-B-user130,1.5506556824415227,1.5506556824415227,0.0,0.011545973952926777,0.011545973952926777,0.0
14,14,02-20-877-W-B-user149,3.8331806642144937,3.8331806642144937,0.0,0.4294372848308158,0.4294372848308158,0.0
15,15,02-28-29-I-B-user22,-0.4762801827818821,-0.4762801827818821,0.0,0.00029712295984878767,0.00029712295984878767,0.0
16,16,02-28-29-W-B-user156,3.6646277939921768,3.6646277939921768,0.0,0.5197806064008001,0.5197806064008001,0.0
17,17,02-40-950-I-B-user17,5.167780849659955,5.167780849659955,0.0,0.9843114977197372,0.9843114977197372,0.0
18,18,02-40-950-W-B-user18,0.4007045090211827,0.4007045090211827,0.0,0.002709290096371689,0.002709290096371689,0.0
19,19,02-44-269-I-T-user63,1.6308575596365231,1.6308575596365231,0.0,0.03346575756284568,0.03346575756284568,0.0
20,20,02-44-269-W-T-user64,3.2407319184281165,3.2407319184281165,0.0,0.39568026095897024,0.39568026095897024,0.0
21,21,03-12-820-I-B-user105,4.20023984490228,4.20023984490228,0.0,0.7431803660875345,0.7431803660875345,0.0
22,22,03-12-820-W-B-user106,2.5435695789745294,2.5435695789745294,0.0,0.01964966214962849,0.01964966214962849,0.0
23,23,03-23-90-I-T-user22,1.1839933764477326,1.1839933764477326,0.0,0.014528818292177387,0.014528818292177387,0.0
24,24,03-23-90-W-T-user51,0.764391508997095,0.764391508997095,0.0,0.006610444433387218,0.006610444433387218,0.0
25,25,03-42-701-I-T-user39,3.1752498871619013,3.1752498871619013,0.0,0.0503113487220919,0.0503113487220919,0.0
26,26,03-42-701-W-T-user27,0.4155011476280874,0.4155011476280874,0.0,0.0014731422618529894,0.0014731422618529894,0.0
27,27,03-47-890-I-T-user1,1.6844349759507793,1.6844349759507793,0.0,0.010140597655988452,0.010140597655988452,0.0
28,28,03-47-890-W-T-user151,3.164849225952348,3.164849225952348,0.0,0.2701857426696474,0.2701857426696474,0.0
29,29,04-01-129-I-B-user22,0.12131098659896722,0.12131098659896722,0.0,0.0026225510782079443,0.0026225510782079443,0.0
30,30,04-01-129-W-B-user111,1.1069448073152195,1.1069448073152195,0.0,0.010976361509018434,0.010976361509018434,0.0
31,31,04-30-467-I-T-user39,2.652982508500374,2.652982508500374,0.0,0.08296600587407257,0.08296600587407257,0.0
32,32,04-38-645-I-T-user159,0.8797740872961946,0.8797740872961946,0.0,0.013246134723997651,0.013246134723997651,0.0
33,33,04-38-645-W-T-user96,1.9441246399894687,1.9441246399894687,0.0,0.007617011007861041,0.007617011007861041,0.0
34,34,04-57-574-I-B-user67,0.577364996932813,0.577364996932813,0.0,0.002439014145125458,0.002439014145125458,0.0
35,35,04-57-574-W-B-user68,2.146927164294765,2.146927164294765,0.0,0.06532945644032857,0.06532945644032857,0.0
36,36,05-06-501-I-T-user22,-1.8943544768180176,-1.8943544768180176,0.0,3.845012870088732e-05,3.845012870088732e-05,0.0
37,37,05-06-501-W-T-user158,1.7166474411101689,1.7166474411101689,0.0,0.03767154968722404,0.03767154968722404,0.0
38,38,05-15-634-I-T-user77,1.4122431688726025,1.4122431688726025,0.0,0.01454285989250504,0.01454285989250504,0.0
39,39,05-15-634-W-T-user78,0.343558832519264,0.343558832519264,0.0,0.0011790538884319665,0.0011790538884319665,0.0
40,40,05-44-437-I-T-user114,3.9381570731338975,3.9381570731338975,0.0,0.456890733302851,0.456890733302851,0.0
41,41,05-44-437-W-T-user115,4.011870268396248,4.011870268396248,0.0,0.5230459326570219,0.5230459326570219,0.0
42,42,05-49-922-I-T-user9,3.807815430453593,3.807815430453593,0.0,0.2396289951903328,0.2396289951903328,0.0
43,43,05-49-922-W-T-user10,3.4508348002113998,3.4508348002113998,0.0,0.6386798672639986,0.6386798672639986,0.0
44,44,05-50-814-I-T-user19,-2.4930848831053787,-2.4930848831053787,0.0,7.171286278986412e-05,7.171286278986412e-05,0.0
45,45,06-18-285-I-B-user112,2.887630988389564,2.887630988389564,0.0,0.06823937264731843,0.06823937264731843,0.0
46,46,06-18-285-W-B-user113,2.2771336125540445,2.2771336125540445,0.0,0.06815230291343713,0.06815230291343713,0.0
47,47,06-44-152-I-B-user90,1.4279085204681667,1.4279085204681667,0.0,0.03153912362368888,0.03153912362368888,0.0
48,48,06-44-152-W-B-user91,2.7700789483047448,2.7700789483047448,0.0,0.20868293606210114,0.20868293606210114,0.0
49,49,06-50-611-I-B-user1,1.7298089951619875,1.7298089951619875,0.0,0.009230907472810563,0.009230907472810563,0.0
50,50,06-50-611-W-B-user74,2.365954337896289,2.365954337896289,0.0,0.05211180497674638,0.05211180497674638,0.0
51,51,06-57-279-I-B-user22,1.5811736395957077,1.5811736395957077,0.0,0.006219872360630688,0.006219872360630688,0.0
52,52,06-57-279-W-B-user50,2.7324091362693084,2.7324091362693084,0.0,0.3439918241540392,0.3439918241540392,0.0
53,53,07-53-382-I-T-user148,3.5921229468721894,3.5921229468721894,0.0,0.24354836403056496,0.24354836403056496,0.0
54,54,07-53-382-W-T-user147,4.46263247990382,4.46263247990382,0.0,0.9332539130907664,0.9332539130907664,0.0
55,55,08-33-112-I-B-user129,3.27032407639558,3.27032407639558,0.0,0.3968121700641736,0.3968121700641736,0.0
56,56,08-33-112-W-B-user130,-0.26202887601979885,-0.26202887601979885,0.0,0.0010845930732793145,0.0010845930732793145,0.0
57,57,09-02-798-I-T-user114,3.5543766739458738,3.5543766739458738,0.0,0.39888899372156217,0.39888899372156217,0.0
58,58,09-14-629-I-B-user54,2.2589613350756914,2.2589613350756914,0.0,0.04003886673061633,0.04003886673061633,0.0
59,59,09-14-629-W-B-user55,4.875998512575803,4.875998512575803,0.0,0.8011994669107639,0.8011994669107639,0.0
60,60,09-18-253-I-B-user96,2.120317152716682,2.120317152716682,0.0,0.0109907973663081,0.0109907973663081,0.0
61,61,09-18-253-W-B-user97,2.965470737764468,2.965470737764468,0.0,0.3542719871418199,0.3542719871418199,0.0
62,62,09-32-917-I-T-user101,3.341994259684917,3.341994259684917,0.0,0.6596548215050592,0.6596548215050592,0.0
63,63,09-32-917-W-T-user100,4.234018029305913,4.234018029305913,0.0,0.8446020600761747,0.8446020600761747,0.0
64,64,09-44-142-I-B-user64,3.2263258379360105,3.2263258379360105,0.0,0.09283021147664502,0.09283021147664502,0.0
65,65,09-44-142-W-B-user63,2.842961257692792,2.842961257692792,0.0,0.09130837869325834,0.09130837869325834,0.0
66,66,10-48-352-I-T-user22,2.9260750850204484,2.9260750850204484,0.0,0.5947568841666969,0.5947568841666969,0.0
67,67,10-48-352-W-T-user38,5.317048063416964,5.317048063416964,0.0,0.9619987017793517,0.9619987017793517,0.0
68,68,11-09-515-I-T-user130,2.865010678231125,2.865010678231125,0.0,0.10790548159777458,0.10790548159777458,0.0
69,69,11-09-515-W-T-user150,4.66499401975933,4.66499401975933,0.0,0.9645742917450368,0.9645742917450368,0.0
70,70,11-17-124-I-B-user52,3.810985766144878,3.810985766144878,0.0,0.4075033929743336,0.4075033929743336,0.0
71,71,11-17-124-W-B-user53,3.69517870207528,3.69517870207528,0.0,0.71792742401782,0.71792742401782,0.0
72,72,11-22-452-I-B-user85,2.684046319038338,2.684046319038338,0.0,0.16717796116444947,0.16717796116444947,0.0
73,73,11-22-452-W-B-user86,2.7021101256798117,2.7021101256798117,0.0,0.06907869070964717,0.06907869070964717,0.0
74,74,11-22-778-I-B-user102,1.1702185307439006,1.1702185307439006,0.0,0.01001994798717861,0.01001994798717861,0.0
75,75,11-22-778-W-B-user103,1.7743621742593385,1.7743621742593385,0.0,0.05572488298065517,0.05572488298065517,0.0
76,76,11-26-504-I-B-user96,1.6805970114165527,1.6805970114165527,0.0,0.0011013115402999881,0.0011013115402999881,0.0
77,77,11-26-504-W-B-user160,0.6012524670065886,0.6012524670065886,0.0,0.0058110741395946295,0.0058110741395946295,0.0
78,78,11-44-333-I-B-user156,4.365722341751261,4.365722341751261,0.0,0.8764150067340042,0.8764150067340042,0.0
79,79,11-44-333-W-B-user157,3.5780930356717486,3.5780930356717486,0.0,0.7134658029114374,0.7134658029114374,0.0
80,80,11-45-95-I-B-user22,-0.20756956391643835,-0.20756956391643835,0.0,0.00016309032861573235,0.00016309032861573235,0.0
81,81,11-45-95-W-B-user158,1.7138022861760147,1.7138022861760147,0.0,0.038392737911417917,0.038392737911417917,0.0
82,82,11-59-155-I-T-user117,2.8191634096240468,2.8191634096240468,0.0,0.12999256007428747,0.12999256007428747,0.0
83,83,11-59-155-W-T-user118,2.251410884889704,2.251410884889704,0.0,0.1180036348602461,0.1180036348602461,0.0
84,84,12-03-237-I-B-user126,3.8260054799470886,3.8260054799470886,0.0,0.6193932997606135,0.6193932997606135,0.0
85,85,12-03-237-W-B-user127,4.946642819653097,4.946642819653097,0.0,0.547401011557901,0.547401011557901,0.0
86,86,12-05-243-I-T-user1,1.5940066910681274,1.5940066910681274,0.0,0.02166661350187697,0.02166661350187697,0.0
87,87,12-05-243-W-T-user8,3.8287911781982924,3.8287911781982924,0.0,0.8557670737710918,0.8557670737710918,0.0
88,88,12-07-438-I-T-user1,2.6540527002944128,2.6540527002944128,0.0,0.02896482621544845,0.02896482621544845,0.0
89,89,12-07-438-W-T-user62,0.8436505362326194,0.8436505362326194,0.0,0.006869865206167021,0.006869865206167021,0.0
90,90,12-23-235-I-B-user22,3.0593251160452284,3.0593251160452284,0.0,0.2915599669065187,0.2915599669065187,0.0
91,91,12-23-235-W-B-user104,4.738462707160892,4.738462707160892,0.0,0.6738984303355157,0.6738984303355157,0.0
92,92,12-24-294-I-B-user1,1.5241305265316158,1.5241305265316158,0.0,0.018294406081862846,0.018294406081862846,0.0
93,93,12-24-294-W-B-user155,3.5548279376066367,3.5548279376066367,0.0,0.43181230273724375,0.43181230273724375,0.0
94,94,12-38-74-I-T-user132,4.320723846112475,4.320723846112475,0.0,0.3002026782872881,0.3002026782872881,0.0
95,95,12-38-74-W-T-user133,1.9294203987282241,1.9294203987282241,0.0,0.053788899097692834,0.053788899097692834,0.0
96,96,12-40-292-I-B-user120,4.2728673289364165,4.2728673289364165,0.0,0.7215394147521704,0.7215394147521704,0.0
97,97,12-40-292-W-B-user121,0.8076132127662721,0.8076132127662721,0.0,0.004271486201671271,0.004271486201671271,0.0
98,98,13-01-549-I-T-user151,2.948261740751596,2.948261740751596,0.0,0.17981690248885404,0.17981690248885404,0.0
99,99,13-01-549-W-T-user51,2.5619269491018986,2.5619269491018986,0.0,0.1143077705065918,0.1143077705065918,0.0
100,100,13-11-507-I-B-user22,0.8967546973222245,0.8967546973222245,0.0,0.007005978378605226,0.007005978378605226,0.0
101,101,13-11-507-W-B-user110,2.4352197708783345,2.4352197708783345,0.0,0.17269154829567435,0.17269154829567435,0.0
102,102,13-20-248-I-B-user67,2.520085462056244,2.520085462056244,0.0,0.03406714477650077,0.03406714477650077,0.0
103,103,13-20-248-W-B-user68,2.2684739060798367,2.2684739060798367,0.0,0.14161204043050798,0.14161204043050798,0.0
104,104,13-27-771-I-T-user32,2.9196181251753766,2.9196181251753766,0.0,0.13896078249007554,0.13896078249007554,0.0
105,105,13-27-771-W-T-user33,3.4433423501532943,3.4433423501532943,0.0,0.6818562052598623,0.6818562052598623,0.0
106,106,14-04-955-I-B-user113,2.500982736473576,2.500982736473576,0.0,0.057295637961991476,0.057295637961991476,0.0
107,107,14-04-955-W-B-user112,2.953589721365306,2.953589721365306,0.0,0.1466494245782989,0.1466494245782989,0.0
108,108,14-08-252-I-T-user88,1.7350983375129123,1.7350983375129123,0.0,0.01423244526885357,0.01423244526885357,0.0
109,109,14-08-252-W-T-user89,1.323223966983396,1.323223966983396,0.0,0.042385794793310914,0.042385794793310914,0.0
110,110,14-08-617-I-T-user140,3.34856276272292,3.34856276272292,0.0,0.01811759023811587,0.01811759023811587,0.0
111,111,14-08-617-W-T-user141,1.6737445125473736,1.6737445125473736,0.0,0.0037738615443122774,0.0037738615443122774,0.0
112,112,14-45-849-I-B-user124,3.4978883484022685,3.4978883484022685,0.0,0.2428228453923175,0.2428228453923175,0.0
113,113,14-45-849-W-B-user125,2.499157697289183,2.499157697289183,0.0,0.18610533157810405,0.18610533157810405,0.0
114,114,15-00-532-I-B-user114,4.0128946674261226,4.0128946674261226,0.0,0.8799235607308701,0.8799235607308701,0.0
115,115,15-00-532-W-B-user99,2.52900499520503,2.52900499520503,0.0,0.14923396241493647,0.14923396241493647,0.0
116,116,15-13-468-I-T-user1,1.9190336322860209,1.9190336322860209,0.0,0.030735258659538963,0.030735258659538963,0.0
117,117,15-13-468-W-T-user5,4.321703484453123,4.321703484453123,0.0,0.7292547542844023,0.7292547542844023,0.0
118,118,15-21-96-I-T-user1,1.6767809504455418,1.6767809504455418,0.0,0.0169569675284805,0.0169569675284805,0.0
119,119,15-21-96-W-T-user79,4.098884693325509,4.098884693325509,0.0,0.2280416606554381,0.2280416606554381,0.0
120,120,15-29-238-I-T-user22,1.3529182865514056,1.3529182865514056,0.0,0.024955634799921567,0.024955634799921567,0.0
121,121,15-29-238-W-T-user116,2.1553372553473755,2.1553372553473755,0.0,0.07902989858463749,0.07902989858463749,0.0
122,122,15-58-679-I-T-user1,2.847397171692477,2.847397171692477,0.0,0.15007878692432874,0.15007878692432874,0.0
123,123,15-58-679-W-T-user28,3.9751405540803217,3.9751405540803217,0.0,0.5092689320748958,0.5092689320748958,0.0
124,124,16-14-317-I-B-user63,1.9101329934222493,1.9101329934222493,0.0,0.11704060991310675,0.11704060991310675,0.0
125,125,16-14-317-W-B-user64,3.6596769503350233,3.6596769503350233,0.0,0.24010172208349634,0.24010172208349634,0.0
126,126,16-19-112-I-T-user1,1.7049913698000854,1.7049913698000854,0.0,0.04109303005363599,0.04109303005363599,0.0
127,127,16-19-112-W-T-user21,0.004432990072105625,0.004432990072105625,0.0,0.0013532243662858676,0.0013532243662858676,0.0
128,128,16-40-42-I-B-user1,1.5948385666061808,1.5948385666061808,0.0,0.006567628213209744,0.006567628213209744,0.0
129,129,16-40-42-W-B-user3,2.4601980916983752,2.4601980916983752,0.0,0.11315650425702245,0.11315650425702245,0.0
130,130,16-48-797-I-T-user92,3.9186931308045,3.9186931308045,0.0,0.2667905278254782,0.2667905278254782,0.0
131,131,16-48-797-W-T-user93,3.121833199969265,3.121833199969265,0.0,0.3885980557915968,0.3885980557915968,0.0
132,132,16-56-369-I-T-user70,4.694845089701255,4.694845089701255,0.0,0.9712410159737108,0.9712410159737108,0.0
133,133,16-56-369-W-T-user71,3.113843353525352,3.113843353525352,0.0,0.3588710378044499,0.3588710378044499,0.0
134,134,17-10-481-I-B-user107,2.7210831715848656,2.7210831715848656,0.0,0.05407792190860024,0.05407792190860024,0.0
135,135,17-10-481-W-B-user108,2.0692442583199195,2.0692442583199195,0.0,0.04720839226489109,0.04720839226489109,0.0
136,136,17-15-163-I-B-user55,4.756851718011349,4.756851718011349,0.0,0.8287816761348078,0.8287816761348078,0.0
137,137,17-15-163-W-B-user54,1.6561950439899764,1.6561950439899764,0.0,0.01827683846398885,0.01827683846398885,0.0
138,138,18-12-410-I-B-user130,1.6880935284369478,1.6880935284369478,0.0,0.028850564258932395,0.028850564258932395,0.0
139,139,18-12-410-W-B-user150,4.447218203618372,4.447218203618372,0.0,0.8426530736126369,0.8426530736126369,0.0
140,140,18-39-581-I-T-user34,3.092987471073334,3.092987471073334,0.0,0.2347596647037367,0.2347596647037367,0.0
141,141,18-39-581-W-T-user35,1.096803003309848,1.096803003309848,0.0,0.0015994834658696329,0.0015994834658696329,0.0
142,142,18-42-263-I-T-user130,1.3199266866866104,1.3199266866866104,0.0,0.005544340942085174,0.005544340942085174,0.0
143,143,18-42-263-W-T-user131,2.7898322418881087,2.7898322418881087,0.0,0.11720549372680025,0.11720549372680025,0.0
144,144,18-43-166-I-B-user157,2.554811571979115,2.554811571979115,0.0,0.13842130047486426,0.13842130047486426,0.0
145,145,18-43-166-W-B-user156,4.971939263484415,4.971939263484415,0.0,0.9066739126725762,0.9066739126725762,0.0
146,146,18-48-414-I-T-user144,1.5182444041594847,1.5182444041594847,0.0,0.01733050361186407,0.01733050361186407,0.0
147,147,18-48-414-W-T-user145,1.1016101370281897,1.1016101370281897,0.0,0.003950562735884225,0.003950562735884225,0.0
148,148,19-04-926-I-B-user120,1.7892872936122617,1.7892872936122617,0.0,0.15371912887825473,0.15371912887825473,0.0
149,149,19-04-926-W-B-user121,1.6545580957969308,1.6545580957969308,0.0,0.08110071609136488,0.08110071609136488,0.0
150,150,19-05-68-I-T-user22,-0.24971684308805386,-0.24971684308805386,0.0,7.572555691024612e-05,7.572555691024612e-05,0.0
151,151,19-05-68-W-T-user158,2.0777047775286897,2.0777047775286897,0.0,0.02982409967384323,0.02982409967384323,0.0
152,152,19-27-616-I-B-user29,2.536120523425221,2.536120523425221,0.0,0.030604838299454807,0.030604838299454807,0.0
153,153,19-27-616-W-B-user30,-0.689366043041094,-0.689366043041094,0.0,0.00031604639013020093,0.00031604639013020093,0.0
154,154,19-35-145-I-B-user1,2.9175949299904627,2.9175949299904627,0.0,0.09343132364201008,0.09343132364201008,0.0
155,155,19-35-145-W-B-user152,1.0315749991777885,1.0315749991777885,0.0,0.004664928553290152,0.004664928553290152,0.0
156,156,20-05-755-I-T-user22,2.4129842964380366,2.4129842964380366,0.0,0.11387553839907576,0.11387553839907576,0.0
157,157,20-05-755-W-T-user122,3.805867844639502,3.805867844639502,0.0,0.4825856548065944,0.4825856548065944,0.0
158,158,20-28-731-I-T-user128,2.4777331345735085,2.4777331345735085,0.0,0.13703694268071187,0.13703694268071187,0.0
159,159,20-28-731-W-T-user126,4.342865685639927,4.342865685639927,0.0,0.7135351928638882,0.7135351928638882,0.0
160,160,20-31-480-I-B-user98,2.6301728611168844,2.6301728611168844,0.0,0.0977875756481344,0.0977875756481344,0.0
161,161,20-31-480-W-B-user99,2.7758492855369314,2.7758492855369314,0.0,0.03206035972701572,0.03206035972701572,0.0
162,162,20-38-706-I-T-user1,1.151377592773219,1.151377592773219,0.0,0.0205129888277509,0.0205129888277509,0.0
163,163,20-40-167-I-B-user1,1.278262532003656,1.278262532003656,0.0,0.02011737275302979,0.02011737275302979,0.0
164,164,20-40-167-W-B-user104,4.591571871592225,4.591571871592225,0.0,0.5597457133854612,0.5597457133854612,0.0
165,165,21-03-94-I-T-user114,3.495051992275205,3.495051992275205,0.0,0.7789224597559719,0.7789224597559719,0.0
166,166,21-16-706-I-T-user22,1.6690709729346036,1.6690709729346036,0.0,0.030833241343476325,0.030833241343476325,0.0
167,167,21-16-706-W-T-user110,2.504574945247213,2.504574945247213,0.0,0.06431495019116157,0.06431495019116157,0.0
168,168,21-24-649-I-T-user53,3.314751529882657,3.314751529882657,0.0,0.159390742744777,0.159390742744777,0.0
169,169,21-24-649-W-T-user52,3.0083766549962743,3.0083766549962743,0.0,0.07503226965903184,0.07503226965903184,0.0
170,170,21-37-95-I-B-user22,4.1697651730090515,4.1697651730090515,0.0,0.7240031983559965,0.7240031983559965,0.0
171,171,21-37-95-W-B-user23,3.2548904172319317,3.2548904172319317,0.0,0.4365338668149519,0.4365338668149519,0.0
172,172,22-05-764-I-B-user117,3.469354510076452,3.469354510076452,0.0,0.2185670434077752,0.2185670434077752,0.0
173,173,22-05-764-W-B-user119,0.5823534328059292,0.5823534328059292,0.0,0.003724960299553889,0.003724960299553889,0.0
174,174,22-10-468-I-T-user125,2.715020415915804,2.715020415915804,0.0,0.26009874034810376,0.26009874034810376,0.0
175,175,22-10-468-W-T-user124,1.215583714710828,1.215583714710828,0.0,0.0029507676236869593,0.0029507676236869593,0.0
176,176,22-31-901-I-T-user86,1.673615363997795,1.673615363997795,0.0,0.008750217515643675,0.008750217515643675,0.0
177,177,22-31-901-W-T-user87,1.8010051921615888,1.8010051921615888,0.0,0.06383036183672675,0.06383036183672675,0.0
178,178,22-35-549-I-T-user64,1.7017450293026983,1.7017450293026983,0.0,0.014922180384777285,0.014922180384777285,0.0
179,179,22-35-549-W-T-user63,-0.1094712207870927,-0.1094712207870927,0.0,0.0041955970839956105,0.0041955970839956105,0.0
180,180,22-41-332-I-T-user72,1.8153117504499925,1.8153117504499925,0.0,0.012560876499260338,0.012560876499260338,0.0
181,181,22-41-332-W-T-user73,0.9190881707288004,0.9190881707288004,0.0,0.0035204822189092524,0.0035204822189092524,0.0
182,182,24-24-724-I-T-user133,3.3691809528402583,3.3691809528402583,0.0,0.36036618024302375,0.36036618024302375,0.0
183,183,24-24-724-W-T-user132,3.8865400493177122,3.8865400493177122,0.0,0.4465783964887671,0.4465783964887671,0.0
184,184,24-30-926-I-B-user89,0.6492846285038638,0.6492846285038638,0.0,0.01530113153422353,0.01530113153422353,0.0
185,185,24-30-926-W-B-user88,2.2044428500759627,2.2044428500759627,0.0,0.01239765166244095,0.01239765166244095,0.0
186,186,24-43-478-I-T-user71,3.5706965318336765,3.5706965318336765,0.0,0.8249577944800556,0.8249577944800556,0.0
187,187,24-43-478-W-T-user70,4.024326060435095,4.024326060435095,0.0,0.7246996153313507,0.7246996153313507,0.0
188,188,26-15-622-I-B-user93,2.6789469801380323,2.6789469801380323,0.0,0.4643841770877408,0.4643841770877408,0.0
189,189,26-15-622-W-B-user92,1.955406963341912,1.955406963341912,0.0,0.14917484543923146,0.14917484543923146,0.0
190,190,26-17-966-I-T-user1,2.758893052182606,2.758893052182606,0.0,0.05329576336970095,0.05329576336970095,0.0
191,191,26-17-966-W-T-user152,2.1675978355572547,2.1675978355572547,0.0,0.12501778762530885,0.12501778762530885,0.0
192,192,27-19-148-I-B-user131,3.4644101259544544,3.4644101259544544,0.0,0.060012128001306335,0.060012128001306335,0.0
193,193,27-19-148-W-B-user129,1.0136125480930618,1.0136125480930618,0.0,0.017277846398838746,0.017277846398838746,0.0
194,194,27-35-915-I-B-user145,1.440156470763598,1.440156470763598,0.0,0.005096033858517508,0.005096033858517508,0.0
195,195,27-35-915-W-B-user144,1.0475041967795278,1.0475041967795278,0.0,0.004754767095396059,0.004754767095396059,0.0
196,196,27-37-757-I-B-user91,1.5825662988651643,1.5825662988651643,0.0,0.01993212100937446,0.01993212100937446,0.0
197,197,27-37-757-W-B-user90,2.483291242430043,2.483291242430043,0.0,0.043070531798459016,0.043070531798459016,0.0
198,198,27-51-501-I-B-user109,2.669650117603713,2.669650117603713,0.0,0.0697289916591118,0.0697289916591118,0.0
199,199,27-51-501-W-B-user107,1.9637924507899829,1.9637924507899829,0.0,0.02207998439762501,0.02207998439762501,0.0
200,200,28-32-854-I-B-user15,3.746594281938649,3.746594281938649,0.0,0.4454660999637221,0.4454660999637221,0.0
201,201,28-32-854-W-B-user16,1.8758839699291168,1.8758839699291168,0.0,0.13283662527648224,0.13283662527648224,0.0
202,202,28-32-985-I-T-user99,5.067459799330327,5.067459799330327,0.0,0.5240765947416272,0.5240765947416272,0.0
203,203,28-32-985-W-T-user97,4.168313971878824,4.168313971878824,0.0,0.2926270632653761,0.2926270632653761,0.0
204,204,28-45-33-I-T-user63,-0.07848940858463749,-0.07848940858463749,0.0,0.020560059994333645,0.020560059994333645,0.0
205,205,28-45-33-W-T-user64,0.746041197166547,0.746041197166547,0.0,0.004717474527131021,0.004717474527131021,0.0
206,206,28-52-283-I-B-user130,1.6246768673054088,1.6246768673054088,0.0,0.021640990807984067,0.021640990807984067,0.0
207,207,28-52-283-W-B-user150,5.085638580621262,5.085638580621262,0.0,0.9730543088682112,0.9730543088682112,0.0
208,208,29-09-99-I-T-user142,2.138206829878251,2.138206829878251,0.0,0.034838054028801795,0.034838054028801795,0.0
209,209,29-09-99-W-T-user143,0.8159526536974049,0.8159526536974049,0.0,0.019062514147414285,0.019062514147414285,0.0
210,210,29-48-550-I-T-user124,3.8886682146275584,3.8886682146275584,0.0,0.15791786389090892,0.15791786389090892,0.0
211,211,29-48-550-W-T-user125,2.432506464695825,2.432506464695825,0.0,0.08362594208627948,0.08362594208627948,0.0
212,212,30-40-756-I-B-user127,2.4350951252229045,2.4350951252229045,0.0,0.0608876232615037,0.0608876232615037,0.0
213,213,30-40-756-W-B-user128,2.103712906252782,2.103712906252782,0.0,0.09100232206373107,0.09100232206373107,0.0
214,214,30-42-250-I-B-user68,1.4483211270783949,1.4483211270783949,0.0,0.06099488283474859,0.06099488283474859,0.0
215,215,30-42-250-W-B-user67,0.04653021181052086,0.04653021181052086,0.0,0.003600926541411089,0.003600926541411089,0.0
216,216,30-46-620-I-B-user41,1.6769491334996562,1.6769491334996562,0.0,0.06319751807713317,0.06319751807713317,0.0
217,217,30-46-620-W-B-user42,3.9328128550141663,3.9328128550141663,0.0,0.5693423095791346,0.5693423095791346,0.0
218,218,30-57-338-I-T-user89,3.338038091351008,3.338038091351008,0.0,0.216690646853726,0.216690646853726,0.0
219,219,30-57-338-W-T-user88,1.0741916672396226,1.0741916672396226,0.0,0.009443329157331551,0.009443329157331551,0.0
220,220,31-08-51-I-B-user1,1.9705526487998928,1.9705526487998928,0.0,0.035508942590796004,0.035508942590796004,0.0
221,221,31-08-51-W-B-user161,1.7766592244114428,1.7766592244114428,0.0,0.06393527074583039,0.06393527074583039,0.0
222,222,31-23-340-I-T-user39,3.4482530713688804,3.4482530713688804,0.0,0.43486717198956265,0.43486717198956265,0.0
223,223,31-59-194-I-T-user1,-0.5434307409851442,-0.5434307409851442,0.0,0.0014197084177194758,0.0014197084177194758,0.0
224,224,31-59-194-W-T-user69,0.7762057373590521,0.7762057373590521,0.0,0.01223203079369342,0.01223203079369342,0.0
225,225,33-07-644-I-B-user70,3.5166679217028207,3.5166679217028207,0.0,0.4317295919949922,0.4317295919949922,0.0
226,226,33-07-644-W-B-user71,2.897601780258603,2.897601780258603,0.0,0.4836946537706135,0.4836946537706135,0.0
227,227,33-47-982-I-T-user118,3.39669000023842,3.39669000023842,0.0,0.11568174227573134,0.11568174227573134,0.0
228,228,33-47-982-W-T-user119,-0.08688669273545546,-0.08688669273545546,0.0,0.0024662663408279604,0.0024662663408279604,0.0
229,229,35-42-851-I-B-user122,5.120364970447938,5.120364970447938,0.0,0.5830506286984313,0.5830506286984313,0.0
230,230,35-42-851-W-B-user123,2.6336217818520438,2.6336217818520438,0.0,0.07275265853025997,0.07275265853025997,0.0
231,231,36-04-870-I-B-user96,3.1029242506062937,3.1029242506062937,0.0,0.0371758641866454,0.0371758641866454,0.0
232,232,36-04-870-W-B-user98,3.495142980179674,3.495142980179674,0.0,0.574321131330266,0.574321131330266,0.0
233,233,36-37-921-I-B-user85,0.2537487914008958,0.2537487914008958,0.0,0.0003712385552616276,0.0003712385552616276,0.0
234,234,36-37-921-W-B-user87,1.6913972233016086,1.6913972233016086,0.0,0.025926750201395142,0.025926750201395142,0.0
235,235,36-53-693-I-T-user109,4.2490098286984885,4.2490098286984885,0.0,0.8506748299043699,0.8506748299043699,0.0
236,236,36-53-693-W-T-user108,3.9217779981419967,3.9217779981419967,0.0,0.2500483165512108,0.2500483165512108,0.0
237,237,37-32-755-I-T-user125,3.0905087615909,3.0905087615909,0.0,0.2200837739940227,0.2200837739940227,0.0
238,238,37-32-755-W-T-user124,1.5204044910386347,1.5204044910386347,0.0,0.005087849428224527,0.005087849428224527,0.0
239,239,37-36-401-I-B-user67,-0.04286652492222665,-0.04286652492222665,0.0,0.0013476055588765336,0.0013476055588765336,0.0
240,240,37-36-401-W-B-user68,1.9552273763251944,1.9552273763251944,0.0,0.042025588055192735,0.042025588055192735,0.0
241,241,38-26-565-I-T-user75,1.7885655244426442,1.7885655244426442,0.0,0.09696204499329092,0.09696204499329092,0.0
242,242,38-26-565-W-T-user76,0.20822227617912947,0.20822227617912947,0.0,0.00027347368424033387,0.00027347368424033387,0.0
243,243,38-29-906-I-T-user94,1.9258185154549798,1.9258185154549798,0.0,0.020341979685685282,0.020341979685685282,0.0
244,244,38-29-906-W-T-user95,1.6317564535439333,1.6317564535439333,0.0,0.021829380426037846,0.021829380426037846,0.0
245,245,38-55-777-I-B-user1,2.075001965399526,2.075001965399526,0.0,0.030074639952608083,0.030074639952608083,0.0
246,246,38-55-777-W-B-user43,3.905368981768628,3.905368981768628,0.0,0.7670174281161811,0.7670174281161811,0.0
247,247,39-18-93-I-T-user39,3.737880775394888,3.737880775394888,0.0,0.2075203739008046,0.2075203739008046,0.0
248,248,39-18-93-W-T-user40,0.2416773428320997,0.2416773428320997,0.0,0.00253212905492227,0.00253212905492227,0.0
249,249,39-49-946-I-T-user88,0.6752791575761856,0.6752791575761856,0.0,0.002081857611427284,0.002081857611427284,0.0
250,250,39-49-946-W-T-user89,3.8181027471117477,3.8181027471117477,0.0,0.7700810206517694,0.7700810206517694,0.0
251,251,40-07-485-I-T-user1,1.196205683628131,1.196205683628131,0.0,0.008083716061458515,0.008083716061458515,0.0
252,252,40-07-485-W-T-user150,4.801442560193088,4.801442560193088,0.0,0.8918583128588969,0.8918583128588969,0.0
253,253,40-18-142-I-T-user138,2.495285857659012,2.495285857659012,0.0,0.09706865337129816,0.09706865337129816,0.0
254,254,40-18-142-W-T-user139,3.085252369826977,3.085252369826977,0.0,0.19530337284209145,0.19530337284209145,0.0
255,255,41-41-762-I-B-user147,4.826911433182339,4.826911433182339,0.0,0.9003692757740598,0.9003692757740598,0.0
256,256,41-41-762-W-B-user148,3.250586746230211,3.250586746230211,0.0,0.19106311199501871,0.19106311199501871,0.0
257,257,44-02-309-I-T-user136,0.7331240691744974,0.7331240691744974,0.0,0.00851111083724258,0.00851111083724258,0.0
258,258,44-02-309-W-T-user137,-0.7341111849547151,-0.7341111849547151,0.0,0.0011213568280548669,0.0011213568280548669,0.0
259,259,44-30-30-I-B-user83,3.945265741591879,3.945265741591879,0.0,0.3568987451944307,0.3568987451944307,0.0
260,260,44-30-30-W-B-user84,1.0629250884577086,1.0629250884577086,0.0,0.0051476398059708646,0.0051476398059708646,0.0
261,261,47-20-540-I-B-user95,1.9054907621418435,1.9054907621418435,0.0,0.039885473520933794,0.039885473520933794,0.0
262,262,47-20-540-W-B-user94,2.1553325770615963,2.1553325770615963,0.0,0.05105389948097647,0.05105389948097647,0.0
263,263,48-00-366-I-T-user139,1.7870459110031174,1.7870459110031174,0.0,0.08142507836227504,0.08142507836227504,0.0
264,264,48-02-966-I-T-user148,2.4429579309817786,2.4429579309817786,0.0,0.03971195811060582,0.03971195811060582,0.0
265,265,48-02-966-W-T-user147,4.3260082586808135,4.3260082586808135,0.0,0.6697162319226446,0.6697162319226446,0.0
266,266,48-39-430-I-B-user134,2.067056902752068,2.067056902752068,0.0,0.1045415082427176,0.1045415082427176,0.0
267,267,48-39-430-W-B-user135,4.556272020407227,4.556272020407227,0.0,0.5582952137472234,0.5582952137472234,0.0
268,268,50-29-214-I-B-user136,1.7897684928673447,1.7897684928673447,0.0,0.027403174190054138,0.027403174190054138,0.0
269,269,50-29-214-W-B-user137,-0.5028836998806794,-0.5028836998806794,0.0,0.0007495164941810138,0.0007495164941810138,0.0
270,270,50-50-13-I-B-user1,0.9907406082105784,0.9907406082105784,0.0,0.005067775929059253,0.005067775929059253,0.0
271,271,50-50-13-W-B-user57,3.824077948851487,3.824077948851487,0.0,0.12113782451407346,0.12113782451407346,0.0
272,272,51-16-907-I-B-user86,2.420636395535224,2.420636395535224,0.0,0.01876690762618125,0.01876690762618125,0.0
273,273,51-16-907-W-B-user85,1.2828492623368462,1.2828492623368462,0.0,0.014243275430612006,0.014243275430612006,0.0
274,274,54-10-129-I-T-user48,-0.3705532306270936,-0.3705532306270936,0.0,0.00043548076258127577,0.00043548076258127577,0.0
275,275,54-10-129-W-T-user49,2.5006634743146483,2.5006634743146483,0.0,0.7118587209608398,0.7118587209608398,0.0
276,276,56-40-959-I-T-user136,-0.14861887682372646,-0.14861887682372646,0.0,0.002920470850636961,0.002920470850636961,0.0
277,277,56-40-959-W-T-user137,-0.5438898598732722,-0.5438898598732722,0.0,0.0013550640476145267,0.0013550640476145267,0.0
278,278,57-19-201-I-B-user24,2.8847146130215227,2.8847146130215227,0.0,0.014027167040131242,0.014027167040131242,0.0
279,279,57-19-201-W-B-user25,3.4360628695868165,3.4360628695868165,0.0,0.18873212584248872,0.18873212584248872,0.0
280,280,57-43-236-I-T-user96,2.672545426867559,2.672545426867559,0.0,0.02358308435887288,0.02358308435887288,0.0
281,281,57-43-236-W-T-user159,1.7183582583268169,1.7183582583268169,0.0,0.01147862879577843,0.01147862879577843,0.0
282,282,57-52-839-I-B-user1,2.128797379737831,2.128797379737831,0.0,0.03746819625790899,0.03746819625790899,0.0
283,283,57-52-839-W-B-user58,1.4556805886501325,1.4556805886501325,0.0,0.08212616862486244,0.08212616862486244,0.0
284,284,58-28-695-I-T-user75,3.0449995789801005,3.0449995789801005,0.0,0.16961400659643636,0.16961400659643636,0.0
285,285,58-28-695-W-T-user80,4.439880335738792,4.439880335738792,0.0,0.8526379237148555,0.8526379237148555,0.0
286,286,58-57-956-I-T-user1,0.7046978817903895,0.7046978817903895,0.0,0.0029431342357580303,0.0029431342357580303,0.0
287,287,58-57-956-W-T-user146,3.095879870297402,3.095879870297402,0.0,0.13331053856810993,0.13331053856810993,0.0
288,288,59-09-521-W-B-user14,-0.5027969026147687,-0.5027969026147687,0.0,0.0003434200935261746,0.0003434200935261746,0.0
0,0,2018-08-12_11-31-52-459-I-B-user301,2.974866626771759,2.974866626771759,0.0,0.16572461156030285,0.16572461156030285,0.0
1,1,2018-08-12_11-31-52-459-W-B-user302,2.782331655966688,2.782331655966688,0.0,0.13583116141235702,0.13583116141235702,0.0
2,2,2018-08-12_11-36-15-129-I-B-user303,-1.247435172042766,-1.247435172042766,0.0,0.00029886476455303615,0.00029886476455303615,0.0
3,3,2018-08-12_11-36-15-129-W-B-user304,2.4538481691958305,2.4538481691958305,0.0,0.1046958220557284,0.1046958220557284,0.0
4,4,2018-08-12_11-49-35-321-I-B-user303,-1.3566011388115555,-1.3566011388115555,0.0,0.00020294215327495264,0.00020294215327495264,0.0
5,5,2018-08-12_11-49-35-321-W-B-user302,0.953935904687274,0.953935904687274,0.0,0.0026187986120213354,0.0026187986120213354,0.0
6,6,2018-08-12_11-51-07-800-I-B-user305,2.3737031721531685,2.3737031721531685,0.0,0.10716919062853228,0.10716919062853228,0.0
7,7,2018-08-12_11-51-07-800-W-B-user301,3.1749554798977337,3.1749554798977337,0.0,0.3107304245874199,0.3107304245874199,0.0
8,8,2018-08-12_12-04-18-738-I-B-user301,3.1816791716633204,3.1816791716633204,0.0,0.3635480493023433,0.3635480493023433,0.0
9,9,2018-08-12_12-04-18-738-W-B-user304,1.4788981761056696,1.4788981761056696,0.0,0.013486925478513066,0.013486925478513066,0.0
10,10,2018-08-12_12-05-51-37-I-T-user302,1.9635985012881847,1.9635985012881847,0.0,0.009040065972538274,0.009040065972538274,0.0
11,11,2018-08-12_12-05-51-37-W-T-user305,2.3027239619378475,2.3027239619378475,0.0,0.05351939762007525,0.05351939762007525,0.0
12,12,2018-08-12_12-17-32-726-I-B-user303,0.3886968951491152,0.3886968951491152,0.0,0.00021070441760697836,0.00021070441760697836,0.0
13,13,2018-08-12_12-17-32-726-W-B-user301,2.246360369748296,2.246360369748296,0.0,0.09160149736970233,0.09160149736970233,0.0
14,14,2018-08-12_12-19-29-723-I-B-user305,2.4289244275150383,2.4289244275150383,0.0,0.07122970939987397,0.07122970939987397,0.0
15,15,2018-08-12_12-19-29-723-W-B-user304,1.0314720590071929,1.0314720590071929,0.0,0.013665603514044885,0.013665603514044885,0.0
16,16,2018-08-12_12-36-33-550-I-B-user303,1.626850144079932,1.626850144079932,0.0,0.011097244321527195,0.011097244321527195,0.0
17,17,2018-08-12_12-36-33-550-W-B-user305,1.9757832766070411,1.9757832766070411,0.0,0.061029589160126414,0.061029589160126414,0.0
18,18,2018-08-12_12-38-51-916-I-T-user302,3.1240414122662403,3.1240414122662403,0.0,0.051076356845530566,0.051076356845530566,0.0
19,19,2018-08-12_12-38-51-916-W-T-user304,3.3934313692207883,3.3934313692207883,0.0,0.09399861128089124,0.09399861128089124,0.0
20,20,2018-08-12_12-56-37-196-I-B-user301,2.8066334584477044,2.8066334584477044,0.0,0.1496832237905747,0.1496832237905747,0.0
21,21,2018-08-12_12-56-37-196-W-B-user303,0.4017499632966911,0.4017499632966911,0.0,0.0017373815522413693,0.0017373815522413693,0.0
22,22,2018-08-12_12-58-02-439-I-T-user304,2.029425326366675,2.029425326366675,0.0,0.030700765835261164,0.030700765835261164,0.0
23,23,2018-08-12_12-58-02-439-W-T-user302,3.400357133626045,3.400357133626045,0.0,0.2634195796280904,0.2634195796280904,0.0
24,24,2018-08-12_13-36-00-673-I-T-user302,2.8997010281898894,2.8997010281898894,0.0,0.08217497046517487,0.08217497046517487,0.0
25,25,2018-08-12_13-36-00-673-W-T-user301,0.8687553245671396,0.8687553245671396,0.0,0.020309317851052,0.020309317851052,0.0
26,26,2018-08-12_13-37-20-143-I-B-user305,2.6858680710210314,2.6858680710210314,0.0,0.11313380840244346,0.11313380840244346,0.0
27,27,2018-08-12_13-37-20-143-W-B-user303,-1.0218606752721209,-1.0218606752721209,0.0,0.00012625130935222642,0.00012625130935222642,0.0
28,28,2018-08-12_13-51-01-824-I-B-user304,1.5836117382432082,1.5836117382432082,0.0,0.03908961856715041,0.03908961856715041,0.0
29,29,2018-08-12_13-51-01-824-W-B-user301,2.2675106839254293,2.2675106839254293,0.0,0.04241957626378316,0.04241957626378316,0.0
30,30,2018-08-12_13-53-02-58-I-B-user305,2.2032015729247862,2.2032015729247862,0.0,0.058065122457361236,0.058065122457361236,0.0
31,31,2018-08-12_13-53-02-58-W-B-user302,2.127714106431664,2.127714106431664,0.0,0.02659309946891748,0.02659309946891748,0.0
32,32,2018-08-12_14-03-49-927-I-B-user304,1.908457079586852,1.908457079586852,0.0,0.03038467065735932,0.03038467065735932,0.0
33,33,2018-08-12_14-03-49-927-W-B-user303,0.23873641423755565,0.23873641423755565,0.0,0.0004920271032891871,0.0004920271032891871,0.0
34,34,2018-08-12_14-06-23-202-I-T-user301,2.999908688472516,2.999908688472516,0.0,0.085421724064092,0.085421724064092,0.0
35,35,2018-08-12_14-06-23-202-W-T-user305,1.6793863752932356,1.6793863752932356,0.0,0.0551470651857294,0.0551470651857294,0.0
36,36,2018-08-12_14-21-17-501-I-T-user302,0.916894985873471,0.916894985873471,0.0,0.050576015889436506,0.050576015889436506,0.0
37,37,2018-08-12_14-21-17-501-W-T-user303,1.1081322516801526,1.1081322516801526,0.0,0.0018740203269089614,0.0018740203269089614,0.0
38,38,2018-08-12_14-21-19-68-I-B-user304,2.298656571982474,2.298656571982474,0.0,0.04307326036240077,0.04307326036240077,0.0
39,39,2018-08-12_14-21-19-68-W-B-user305,2.9001165570650675,2.9001165570650675,0.0,0.16922677647450138,0.16922677647450138,0.0
40,40,2018-09-01_11-17-07-681-I-B-user403,2.96342436571756,2.96342436571756,0.0,0.23529293550686844,0.23529293550686844,0.0
41,41,2018-09-01_11-17-07-681-W-B-user404,3.1064465510882133,3.1064465510882133,0.0,0.2275188654387251,0.2275188654387251,0.0
42,42,2018-09-01_11-20-44-762-I-T-user401,3.6556653297083663,3.6556653297083663,0.0,0.4655685765187111,0.4655685765187111,0.0
43,43,2018-09-01_11-20-44-762-W-T-user402,2.968749611419743,2.968749611419743,0.0,0.15519620253003738,0.15519620253003738,0.0
44,44,2018-09-01_11-33-29-289-I-T-user403,3.4501845235943045,3.4501845235943045,0.0,0.5190544358445668,0.5190544358445668,0.0
45,45,2018-09-01_11-33-29-289-W-T-user402,2.454231991459311,2.454231991459311,0.0,0.04251059623668045,0.04251059623668045,0.0
46,46,2018-09-01_11-38-53-670-I-B-user401,3.1550457419403344,3.1550457419403344,0.0,0.29573168826556195,0.29573168826556195,0.0
47,47,2018-09-01_11-38-53-670-W-B-user405,2.1435087499993006,2.1435087499993006,0.0,0.058530463493887186,0.058530463493887186,0.0
48,48,2018-09-01_11-51-21-457-I-T-user401,3.4857367868983307,3.4857367868983307,0.0,0.4976773343003683,0.4976773343003683,0.0
49,49,2018-09-01_11-51-21-457-W-T-user404,3.0132049731838237,3.0132049731838237,0.0,0.16681778833222247,0.16681778833222247,0.0
50,50,2018-09-01_11-51-46-346-I-B-user402,2.4563313022718103,2.4563313022718103,0.0,0.023896830207362427,0.023896830207362427,0.0
51,51,2018-09-01_11-51-46-346-W-B-user405,1.935539511782042,1.935539511782042,0.0,0.03286767585556378,0.03286767585556378,0.0
52,52,2018-09-01_12-05-14-620-I-T-user403,3.102484648030169,3.102484648030169,0.0,0.3899932342457888,0.3899932342457888,0.0
53,53,2018-09-01_12-05-14-620-W-T-user401,3.675928032498069,3.675928032498069,0.0,0.4436031643429813,0.4436031643429813,0.0
54,54,2018-09-01_12-05-48-218-I-B-user405,1.6524458009267258,1.6524458009267258,0.0,0.03061372396221493,0.03061372396221493,0.0
55,55,2018-09-01_12-05-48-218-W-B-user404,3.2687324400131312,3.2687324400131312,0.0,0.3528142264258818,0.3528142264258818,0.0
56,56,2018-09-01_12-18-59-653-I-T-user402,3.654299862268228,3.654299862268228,0.0,0.3846092518668669,0.3846092518668669,0.0
57,57,2018-09-01_12-18-59-653-W-T-user404,3.284703946552584,3.284703946552584,0.0,0.21439976220065005,0.21439976220065005,0.0
58,58,2018-09-01_12-19-24-693-I-B-user403,2.4335880824766565,2.4335880824766565,0.0,0.10007269708824122,0.10007269708824122,0.0
59,59,2018-09-01_12-19-24-693-W-B-user405,2.233706968160547,2.233706968160547,0.0,0.06951110021393289,0.06951110021393289,0.0
60,60,2018-09-01_12-35-37-636-I-B-user404,3.388411827454397,3.388411827454397,0.0,0.32599161424125306,0.32599161424125306,0.0
61,61,2018-09-01_12-35-37-636-W-B-user402,3.2781608388677217,3.2781608388677217,0.0,0.30132849440432163,0.30132849440432163,0.0
62,62,2018-09-01_12-46-23-862-I-T-user401,3.6193699740788383,3.6193699740788383,0.0,0.2934091485527448,0.2934091485527448,0.0
63,63,2018-09-01_12-46-23-862-W-T-user403,3.277776218716516,3.277776218716516,0.0,0.3332578289785937,0.3332578289785937,0.0
64,64,2018-09-01_12-59-15-78-I-B-user402,3.703317668948058,3.703317668948058,0.0,0.4329414979064648,0.4329414979064648,0.0
65,65,2018-09-01_12-59-15-78-W-B-user401,3.43316679982656,3.43316679982656,0.0,0.5031131950183563,0.5031131950183563,0.0
66,66,2018-09-01_13-01-05-856-I-B-user405,1.7983128062371183,1.7983128062371183,0.0,0.03914388319018055,0.03914388319018055,0.0
67,67,2018-09-01_13-01-05-856-W-B-user403,3.2032042981533384,3.2032042981533384,0.0,0.3414302068155975,0.3414302068155975,0.0
68,68,2018-09-01_13-12-20-286-I-B-user404,3.662584450507813,3.662584450507813,0.0,0.4221443676136411,0.4221443676136411,0.0
69,69,2018-09-01_13-12-20-286-W-B-user401,1.7035446004822037,1.7035446004822037,0.0,0.05292838041535453,0.05292838041535453,0.0
70,70,2018-09-01_13-15-43-356-I-T-user405,1.4621828789293811,1.4621828789293811,0.0,0.006086349181075768,0.006086349181075768,0.0
71,71,2018-09-01_13-15-43-356-W-T-user402,2.5630176460857905,2.5630176460857905,0.0,0.15333334899215004,0.15333334899215004,0.0
72,72,2018-09-01_13-25-48-398-I-T-user404,3.031484783305209,3.031484783305209,0.0,0.2215697015250034,0.2215697015250034,0.0
73,73,2018-09-01_13-25-48-398-W-T-user403,3.2721066849347014,3.2721066849347014,0.0,0.31106421694793784,0.31106421694793784,0.0
74,74,2018-09-01_13-27-54-915-I-T-user405,2.8968225663738734,2.8968225663738734,0.0,0.06674793950795503,0.06674793950795503,0.0
75,75,2018-09-01_13-27-54-915-W-T-user401,4.258093217876904,4.258093217876904,0.0,0.4657093301172624,0.4657093301172624,0.0
76,76,2018-09-01_13-39-43-649-I-T-user402,3.3082871498192485,3.3082871498192485,0.0,0.321447142147695,0.321447142147695,0.0
77,77,2018-09-01_13-39-43-649-W-T-user403,2.378751940425418,2.378751940425418,0.0,0.30431923942472183,0.30431923942472183,0.0
78,78,2018-09-01_13-40-00-286-I-T-user404,2.1438242307927937,2.1438242307927937,0.0,0.094359501154563,0.094359501154563,0.0
79,79,2018-09-01_13-40-00-286-W-T-user405,2.2820407829015137,2.2820407829015137,0.0,0.06525146507181591,0.06525146507181591,0.0
80,80,2018-09-01_15-26-01-472-I-B-user501,3.8460885406484993,3.8460885406484993,0.0,0.7020514062351435,0.7020514062351435,0.0
81,81,2018-09-01_15-26-01-472-W-B-user502,2.505077837700997,2.505077837700997,0.0,0.2637527178329165,0.2637527178329165,0.0
82,82,2018-09-01_15-30-27-34-I-T-user503,2.019222043342745,2.019222043342745,0.0,0.11849234585627112,0.11849234585627112,0.0
83,83,2018-09-01_15-30-27-34-W-T-user504,2.926303343193457,2.926303343193457,0.0,0.05367617549395153,0.05367617549395153,0.0
84,84,2018-09-01_15-40-51-48-I-B-user501,3.0404589563349607,3.0404589563349607,0.0,0.12396145587238555,0.12396145587238555,0.0
85,85,2018-09-01_15-40-51-48-W-B-user505,1.6745491871247395,1.6745491871247395,0.0,0.026789298069251042,0.026789298069251042,0.0
86,86,2018-09-01_15-42-41-661-I-T-user503,1.7509627362807931,1.7509627362807931,0.0,0.12318076714138868,0.12318076714138868,0.0
87,87,2018-09-01_15-42-41-661-W-T-user502,4.172362253330477,4.172362253330477,0.0,0.4910014847223788,0.4910014847223788,0.0
88,88,2018-09-01_15-56-51-866-I-T-user502,3.2176894818654613,3.2176894818654613,0.0,0.34140015921670497,0.34140015921670497,0.0
89,89,2018-09-01_15-56-51-866-W-T-user505,1.248758090265797,1.248758090265797,0.0,0.018425833098616524,0.018425833098616524,0.0
90,90,2018-09-01_15-58-52-950-I-T-user501,3.0570710034788338,3.0570710034788338,0.0,0.17012490250770387,0.17012490250770387,0.0
91,91,2018-09-01_15-58-52-950-W-T-user504,4.103267576420514,4.103267576420514,0.0,0.4953295325564264,0.4953295325564264,0.0
92,92,2018-09-01_16-11-35-982-I-B-user503,1.7582757237903204,1.7582757237903204,0.0,0.14916079817294933,0.14916079817294933,0.0
93,93,2018-09-01_16-11-35-982-W-B-user501,2.6863076462950155,2.6863076462950155,0.0,0.05957498339753951,0.05957498339753951,0.0
94,94,2018-09-01_16-12-49-857-I-T-user505,1.402042440761682,1.402042440761682,0.0,0.01238983916349197,0.01238983916349197,0.0
95,95,2018-09-01_16-12-49-857-W-T-user504,2.4362445149009746,2.4362445149009746,0.0,0.06329674663413043,0.06329674663413043,0.0
96,96,2018-09-01_16-25-20-765-I-B-user503,3.0014716121466414,3.0014716121466414,0.0,0.11993165753376656,0.11993165753376656,0.0
97,97,2018-09-01_16-25-20-765-W-B-user505,1.8144204961979609,1.8144204961979609,0.0,0.019968523814725,0.019968523814725,0.0
98,98,2018-09-01_16-26-18-672-I-B-user502,2.3644239874544937,2.3644239874544937,0.0,0.0185997481829116,0.0185997481829116,0.0
99,99,2018-09-01_16-26-18-672-W-B-user504,2.4145540569265984,2.4145540569265984,0.0,0.0585946765844412,0.0585946765844412,0.0
100,100,2018-09-01_16-39-42-774-I-T-user501,1.0909650407022229,1.0909650407022229,0.0,0.022056471377138072,0.022056471377138072,0.0
101,101,2018-09-01_16-39-42-774-W-T-user503,2.1695758193111923,2.1695758193111923,0.0,0.11890488071520333,0.11890488071520333,0.0
102,102,2018-09-01_16-41-44-747-I-B-user504,3.2099063489529835,3.2099063489529835,0.0,0.2481851895592821,0.2481851895592821,0.0
103,103,2018-09-01_16-41-44-747-W-B-user502,2.77554700683787,2.77554700683787,0.0,0.1418473861954586,0.1418473861954586,0.0
104,104,2018-09-01_16-54-13-433-I-T-user505,2.2720050289173357,2.2720050289173357,0.0,0.1706000511621684,0.1706000511621684,0.0
105,105,2018-09-01_16-54-13-433-W-T-user503,1.3943701650302955,1.3943701650302955,0.0,0.029640113747583005,0.029640113747583005,0.0
106,106,2018-09-01_16-54-20-277-I-T-user502,0.1806842336138441,0.1806842336138441,0.0,0.004513753409398457,0.004513753409398457,0.0
107,107,2018-09-01_16-54-20-277-W-T-user501,3.101765038040198,3.101765038040198,0.0,0.4839993445472362,0.4839993445472362,0.0
108,108,2018-09-01_17-08-02-6-I-B-user505,1.7642884880951843,1.7642884880951843,0.0,0.09125542672730902,0.09125542672730902,0.0
109,109,2018-09-01_17-08-02-6-W-B-user502,2.3571695155008983,2.3571695155008983,0.0,0.09129903326516098,0.09129903326516098,0.0
110,110,2018-09-01_17-08-15-620-W-B-user501,2.741553753878737,2.741553753878737,0.0,0.2759406276856184,0.2759406276856184,0.0
111,111,2018-09-01_17-20-37-941-I-B-user504,3.2235027406260937,3.2235027406260937,0.0,0.11101590515427633,0.11101590515427633,0.0
112,112,2018-09-01_17-20-37-941-W-B-user503,0.4146465153147077,0.4146465153147077,0.0,0.02594767925854816,0.02594767925854816,0.0
113,113,2018-09-01_17-20-57-400-I-B-user505,2.2483536053212507,2.2483536053212507,0.0,0.19183753751170865,0.19183753751170865,0.0
114,114,2018-09-01_17-20-57-400-W-B-user501,2.608994744716001,2.608994744716001,0.0,0.12965140970702116,0.12965140970702116,0.0
115,115,2018-09-01_17-33-42-951-I-B-user502,2.8397518077468584,2.8397518077468584,0.0,0.2930991888198623,0.2930991888198623,0.0
116,116,2018-09-01_17-33-42-951-W-B-user503,0.007809730090401423,0.007809730090401423,0.0,0.0006438749099233501,0.0006438749099233501,0.0
117,117,2018-09-01_17-33-58-376-I-B-user504,3.4921016424644638,3.4921016424644638,0.0,0.3489523584259336,0.3489523584259336,0.0
118,118,2018-09-01_17-33-58-376-W-B-user505,1.572591757022579,1.572591757022579,0.0,0.04046757195896723,0.04046757195896723,0.0
119,119,2018-09-08_11-26-50-995-I-B-user601,3.69272981665213,3.69272981665213,0.0,0.4058365089012986,0.4058365089012986,0.0
120,120,2018-09-08_11-26-50-995-W-B-user602,2.0240951830530696,2.0240951830530696,0.0,0.07694907285162456,0.07694907285162456,0.0
121,121,2018-09-08_11-27-01-675-I-B-user603,1.8241402502131048,1.8241402502131048,0.0,0.08088515389912099,0.08088515389912099,0.0
122,122,2018-09-08_11-27-01-675-W-B-user604,-1.1510263195294197,-1.1510263195294197,0.0,0.00010943195431619428,0.00010943195431619428,0.0
123,123,2018-09-08_11-43-03-106-I-T-user601,3.4060515588404034,3.4060515588404034,0.0,0.39384562377020577,0.39384562377020577,0.0
124,124,2018-09-08_11-43-03-106-W-T-user605,1.6986709046219977,1.6986709046219977,0.0,0.008156257672597556,0.008156257672597556,0.0
125,125,2018-09-08_11-43-44-665-I-B-user603,1.7417073469654074,1.7417073469654074,0.0,0.09350082505690274,0.09350082505690274,0.0
126,126,2018-09-08_11-43-44-665-W-B-user602,3.403118410253167,3.403118410253167,0.0,0.7037104474133342,0.7037104474133342,0.0
127,127,2018-09-08_11-56-25-567-I-T-user601,2.549577677699744,2.549577677699744,0.0,0.13767179629722226,0.13767179629722226,0.0
128,128,2018-09-08_11-56-25-567-W-T-user604,2.285167478648296,2.285167478648296,0.0,0.015275660218266141,0.015275660218266141,0.0
129,129,2018-09-08_12-01-43-738-I-B-user602,2.141751528965835,2.141751528965835,0.0,0.08258259124222883,0.08258259124222883,0.0
130,130,2018-09-08_12-01-43-738-W-B-user605,3.7636303931709536,3.7636303931709536,0.0,0.22291902190080065,0.22291902190080065,0.0
131,131,2018-09-08_12-09-26-1-I-T-user603,2.7906252456588883,2.7906252456588883,0.0,0.16504187476051088,0.16504187476051088,0.0
132,132,2018-09-08_12-09-26-1-W-T-user601,3.0113925875943823,3.0113925875943823,0.0,0.47861832580022295,0.47861832580022295,0.0
133,133,2018-09-08_12-17-43-362-I-T-user605,3.746794159971664,3.746794159971664,0.0,0.2297555800707347,0.2297555800707347,0.0
134,134,2018-09-08_12-17-43-362-W-T-user604,0.41687868397811023,0.41687868397811023,0.0,0.001825539078937693,0.001825539078937693,0.0
135,135,2018-09-08_12-34-07-349-I-B-user603,1.8664403915838736,1.8664403915838736,0.0,0.03606976134377245,0.03606976134377245,0.0
136,136,2018-09-08_12-34-07-349-W-B-user605,2.99578596828599,2.99578596828599,0.0,0.05025213192097629,0.05025213192097629,0.0
137,137,2018-09-08_12-34-17-60-I-T-user602,1.4799198197849694,1.4799198197849694,0.0,0.04225803362478304,0.04225803362478304,0.0
138,138,2018-09-08_12-34-17-60-W-T-user604,1.8707032450530283,1.8707032450530283,0.0,0.02029095010595541,0.02029095010595541,0.0
139,139,2018-09-08_12-52-57-257-I-B-user601,5.080215718568888,5.080215718568888,0.0,0.9475452364639304,0.9475452364639304,0.0
140,140,2018-09-08_12-52-57-257-W-B-user603,2.071895697728912,2.071895697728912,0.0,0.09607767555224342,0.09607767555224342,0.0
141,141,2018-09-08_12-54-50-681-I-T-user604,1.9944161046511104,1.9944161046511104,0.0,0.12100712674375386,0.12100712674375386,0.0
142,142,2018-09-08_12-54-50-681-W-T-user602,1.9867268684160264,1.9867268684160264,0.0,0.09975980640759348,0.09975980640759348,0.0
143,143,2018-09-08_13-06-31-913-I-B-user605,2.352876462794621,2.352876462794621,0.0,0.041670139953459966,0.041670139953459966,0.0
144,144,2018-09-08_13-06-31-913-W-B-user603,2.6388955876872258,2.6388955876872258,0.0,0.2793636149111298,0.2793636149111298,0.0
145,145,2018-09-08_13-09-49-380-I-T-user602,2.6832429856311446,2.6832429856311446,0.0,0.1757111331919591,0.1757111331919591,0.0
146,146,2018-09-08_13-09-49-380-W-T-user601,4.09260278654456,4.09260278654456,0.0,0.6441997028833449,0.6441997028833449,0.0
147,147,2018-09-08_13-22-56-739-I-B-user605,1.789946142648012,1.789946142648012,0.0,0.030346423128244995,0.030346423128244995,0.0
148,148,2018-09-08_13-22-56-739-W-B-user602,3.4116258103936916,3.4116258103936916,0.0,0.2372635658562279,0.2372635658562279,0.0
149,149,2018-09-08_13-23-19-683-I-B-user604,1.627649613891407,1.627649613891407,0.0,0.06024368763698995,0.06024368763698995,0.0
150,150,2018-09-08_13-23-19-683-W-B-user601,3.5966015363819617,3.5966015363819617,0.0,0.6678926188680349,0.6678926188680349,0.0
151,151,2018-09-08_13-37-33-89-I-T-user605,2.266391766316864,2.266391766316864,0.0,0.18415892627083336,0.18415892627083336,0.0
152,152,2018-09-08_13-37-33-89-W-T-user601,2.3070273893357287,2.3070273893357287,0.0,0.2285850718782439,0.2285850718782439,0.0
153,153,2018-09-08_13-37-59-49-I-T-user604,2.2963386409720905,2.2963386409720905,0.0,0.03640204992101758,0.03640204992101758,0.0
154,154,2018-09-08_13-37-59-49-W-T-user603,1.9550423072907943,1.9550423072907943,0.0,0.02022740778062471,0.02022740778062471,0.0
155,155,2018-09-08_13-50-28-425-I-B-user604,3.374908136914672,3.374908136914672,0.0,0.2505464442287039,0.2505464442287039,0.0
156,156,2018-09-08_13-50-28-425-W-B-user605,2.366338025353378,2.366338025353378,0.0,0.13730179544696394,0.13730179544696394,0.0
157,157,2018-09-08_13-53-53-463-I-B-user602,3.3835490456286537,3.3835490456286537,0.0,0.2435048158139232,0.2435048158139232,0.0
158,158,2018-09-08_13-53-53-463-W-B-user603,2.8838315303665047,2.8838315303665047,0.0,0.09510950374270574,0.09510950374270574,0.0
0,0,2018-02-17_14-33-35-477-I-T-kingferry,2.5724139177973955,2.5724139177973955,0.0,0.030041386211984523,0.030041386211984523,0.0
1,1,2018-02-17_14-33-35-477-W-T-dd17,3.289583644190774,3.289583644190774,0.0,0.2139271369481754,0.2139271369481754,0.0
2,2,2018-02-17_14-45-40-200-I-T-theotherguy,2.8494588928997677,2.8494588928997677,0.0,0.1512360433862354,0.1512360433862354,0.0
3,3,2018-02-17_14-45-40-200-W-T-qmjhl,0.8444812104931776,0.8444812104931776,0.0,0.00386013747163571,0.00386013747163571,0.0
4,4,2018-02-17_14-58-58-929-I-T-kingferry,1.9037125848137304,1.9037125848137304,0.0,0.010044780599091585,0.010044780599091585,0.0
5,5,2018-02-17_14-58-58-929-W-T-qmjhl,2.0217499119897777,2.0217499119897777,0.0,0.032426196446363215,0.032426196446363215,0.0
6,6,2018-02-17_14-59-22-962-I-B-theotherguy,2.518457299746129,2.518457299746129,0.0,0.2865674240833497,0.2865674240833497,0.0
7,7,2018-02-17_14-59-22-962-W-B-dd17,3.4690206077120465,3.4690206077120465,0.0,0.4701484887266186,0.4701484887266186,0.0
8,8,2018-02-17_15-13-33-271-I-B-qmjhl,4.587432631707088,4.587432631707088,0.0,0.4842074461810298,0.4842074461810298,0.0
9,9,2018-02-17_15-13-33-271-W-B-kingferry,2.849765565225318,2.849765565225318,0.0,0.10277796317084156,0.10277796317084156,0.0
10,10,2018-02-17_15-15-12-644-I-T-dd17,3.165197870505569,3.165197870505569,0.0,0.5394332766774259,0.5394332766774259,0.0
11,11,2018-02-17_15-15-12-644-W-T-theotherguy,4.0895557254049315,4.0895557254049315,0.0,0.6508048960003381,0.6508048960003381,0.0
12,12,2018-02-17_15-30-27-188-I-B-qmjhl,1.0281816907672423,1.0281816907672423,0.0,0.010005859825484685,0.010005859825484685,0.0
13,13,2018-02-17_15-30-27-188-W-B-theotherguy,3.5324106390450374,3.5324106390450374,0.0,0.31147688410095115,0.31147688410095115,0.0
14,14,2018-02-17_15-58-54-6-I-T-kingferry,-0.3925649181916029,-0.3925649181916029,0.0,0.000981491936535563,0.000981491936535563,0.0
15,15,2018-02-17_15-58-54-6-W-T-theotherguy,2.4691187554190566,2.4691187554190566,0.0,0.2698048878655273,0.2698048878655273,0.0
16,16,2018-02-17_15-59-37-779-I-B-qmjhl,0.5151793487905199,0.5151793487905199,0.0,0.002261845157657012,0.002261845157657012,0.0
17,17,2018-02-17_15-59-37-779-W-B-dd17,2.8832726497183727,2.8832726497183727,0.0,0.18808488832096654,0.18808488832096654,0.0
18,18,2018-02-17_16-12-17-891-I-T-dd17,3.751437756888536,3.751437756888536,0.0,0.3571959721178453,0.3571959721178453,0.0
19,19,2018-02-17_16-12-17-891-W-T-qmjhl,0.06585203763918379,0.06585203763918379,0.0,0.01042175483437272,0.01042175483437272,0.0
20,20,2018-02-17_16-12-53-703-I-T-theotherguy,2.487941658941798,2.487941658941798,0.0,0.20613249087443666,0.20613249087443666,0.0
21,21,2018-02-17_16-12-53-703-W-T-kingferry,0.9521358825160604,0.9521358825160604,0.0,0.004499632020945066,0.004499632020945066,0.0
22,22,2018-02-25_13-14-22-215-I-T-playerC,3.8950726876869135,3.8950726876869135,0.0,0.5459275050689679,0.5459275050689679,0.0
23,23,2018-02-25_13-14-22-215-W-T-PlayerD,3.4218384313514814,3.4218384313514814,0.0,0.3634572372456809,0.3634572372456809,0.0
24,24,2018-02-25_13-16-01-653-I-T-PlayerA,4.199340257435255,4.199340257435255,0.0,0.9258374873325858,0.9258374873325858,0.0
25,25,2018-02-25_13-16-01-653-W-T-PlayerB,0.8234789748575837,0.8234789748575837,0.0,0.012054670270241655,0.012054670270241655,0.0
26,26,2018-02-25_13-33-09-475-I-T-PlayerA,5.789132844751375,5.789132844751375,0.0,0.9881141415214943,0.9881141415214943,0.0
27,27,2018-02-25_13-33-09-475-W-T-PlayerE,1.5657839148664214,1.5657839148664214,0.0,0.011906172500279644,0.011906172500279644,0.0
28,28,2018-02-25_13-34-11-253-I-B-playerC,3.8666137435868255,3.8666137435868255,0.0,0.4359735402372858,0.4359735402372858,0.0
29,29,2018-02-25_13-34-11-253-W-B-PlayerB,1.678476553504007,1.678476553504007,0.0,0.02013954539163692,0.02013954539163692,0.0
30,30,2018-02-25_13-49-51-506-I-B-PlayerB,2.549802826975037,2.549802826975037,0.0,0.027606480280486075,0.027606480280486075,0.0
31,31,2018-02-25_13-49-51-506-W-B-PlayerE,2.2105831384077024,2.2105831384077024,0.0,0.021681442666748967,0.021681442666748967,0.0
32,32,2018-02-25_13-50-22-285-I-T-PlayerA,4.753443193589279,4.753443193589279,0.0,0.6047109585212556,0.6047109585212556,0.0
33,33,2018-02-25_13-50-22-285-W-T-PlayerD,2.4359344079074954,2.4359344079074954,0.0,0.3163798832345391,0.3163798832345391,0.0
34,34,2018-02-25_14-05-58-190-I-T-playerC,2.0526567606544552,2.0526567606544552,0.0,0.07146814304777807,0.07146814304777807,0.0
35,35,2018-02-25_14-05-58-190-W-T-PlayerA,4.273207971076447,4.273207971076447,0.0,0.9845210980533208,0.9845210980533208,0.0
36,36,2018-02-25_14-07-04-471-I-T-PlayerE,4.554460226449856,4.554460226449856,0.0,0.5586165703220659,0.5586165703220659,0.0
37,37,2018-02-25_14-07-04-471-W-T-PlayerD,2.016803016625544,2.016803016625544,0.0,0.0510966488181182,0.0510966488181182,0.0
38,38,2018-02-25_14-21-26-22-I-B-playerC,2.666961031510497,2.666961031510497,0.0,0.2306177351825243,0.2306177351825243,0.0
39,39,2018-02-25_14-21-26-22-W-B-PlayerE,4.017920976330642,4.017920976330642,0.0,0.4039098547493877,0.4039098547493877,0.0
40,40,2018-02-25_14-21-51-412-I-T-PlayerB,2.383356965605324,2.383356965605324,0.0,0.1560414598680059,0.1560414598680059,0.0
41,41,2018-02-25_14-21-51-412-W-T-PlayerD,2.4607592578350386,2.4607592578350386,0.0,0.1652088076459826,0.1652088076459826,0.0
42,42,2018-02-25_14-35-36-494-I-B-PlayerA,6.204012635926999,6.204012635926999,0.0,0.9914786659296424,0.9914786659296424,0.0
43,43,2018-02-25_14-35-36-494-W-B-playerC,1.3612840078675248,1.3612840078675248,0.0,0.020700726708206142,0.020700726708206142,0.0
44,44,2018-02-25_14-35-41-678-I-T-PlayerD,2.738268411578068,2.738268411578068,0.0,0.02287432682329049,0.02287432682329049,0.0
45,45,2018-02-25_14-35-41-678-W-T-PlayerB,-0.9072583821049642,-0.9072583821049642,0.0,1.0868411625682563e-05,1.0868411625682563e-05,0.0
46,46,2018-02-25_14-49-36-200-I-B-PlayerB,1.2987800726215832,1.2987800726215832,0.0,0.03229154207226405,0.03229154207226405,0.0
47,47,2018-02-25_14-49-36-200-W-B-PlayerA,3.7403468029568168,3.7403468029568168,0.0,0.6241577967726073,0.6241577967726073,0.0
48,48,2018-02-25_14-50-44-6-I-B-PlayerE,4.419233301190516,4.419233301190516,0.0,0.4188446567561935,0.4188446567561935,0.0
49,49,2018-02-25_14-50-44-6-W-B-playerC,3.2822677261053355,3.2822677261053355,0.0,0.3269143599151962,0.3269143599151962,0.0
50,50,2018-02-25_15-05-13-792-I-B-PlayerE,5.0924576202752485,5.0924576202752485,0.0,0.5518420863122526,0.5518420863122526,0.0
51,51,2018-02-25_15-05-13-792-W-B-PlayerB,1.8519811679492035,1.8519811679492035,0.0,0.0532796833030062,0.0532796833030062,0.0
52,52,2018-02-25_15-05-31-847-I-T-PlayerD,1.6949272162458255,1.6949272162458255,0.0,0.06353520747659737,0.06353520747659737,0.0
53,53,2018-02-25_15-05-31-847-W-T-PlayerA,4.547189980533068,4.547189980533068,0.0,0.9678788030680974,0.9678788030680974,0.0
54,54,2018-02-25_15-51-57-535-I-T-playA,-0.6460342941151644,-0.6460342941151644,0.0,0.00017692857245748202,0.00017692857245748202,0.0
55,55,2018-02-25_15-51-57-535-W-T-playB,0.9448360810132534,0.9448360810132534,0.0,0.004695694566236646,0.004695694566236646,0.0
56,56,2018-02-25_15-52-10-32-I-T-playC,1.8229573031735635,1.8229573031735635,0.0,0.029351260483720068,0.029351260483720068,0.0
57,57,2018-02-25_15-52-10-32-W-T-playD,1.5568099137245712,1.5568099137245712,0.0,0.006183140554213854,0.006183140554213854,0.0
58,58,2018-02-25_16-05-37-615-I-B-playA,0.3270240183842503,0.3270240183842503,0.0,0.0004431884136233758,0.0004431884136233758,0.0
59,59,2018-02-25_16-05-37-615-W-B-playE,4.202406079133814,4.202406079133814,0.0,0.21471879339192504,0.21471879339192504,0.0
60,60,2018-02-25_16-06-52-924-I-B-playC,2.460718882426648,2.460718882426648,0.0,0.03913113662944545,0.03913113662944545,0.0
61,61,2018-02-25_16-06-52-924-W-B-playB,0.15214072134108214,0.15214072134108214,0.0,0.0010695950917203863,0.0010695950917203863,0.0
62,62,2018-02-25_16-20-27-786-I-B-playB,0.8167662371849431,0.8167662371849431,0.0,0.007072136679278328,0.007072136679278328,0.0
63,63,2018-02-25_16-20-27-786-W-B-playE,3.895897607258672,3.895897607258672,0.0,0.1975991884563809,0.1975991884563809,0.0
64,64,2018-02-25_16-21-48-356-I-T-playA,-0.3043638775334383,-0.3043638775334383,0.0,0.0014852324791433313,0.0014852324791433313,0.0
65,65,2018-02-25_16-21-48-356-W-T-playD,0.7892507030323292,0.7892507030323292,0.0,0.0061213507169064745,0.0061213507169064745,0.0
66,66,2018-02-25_16-35-14-962-I-T-playE,1.9655904094277,1.9655904094277,0.0,0.008104789559175199,0.008104789559175199,0.0
67,67,2018-02-25_16-35-14-962-W-T-playD,-0.05923715206038337,-0.05923715206038337,0.0,0.00032591116215848154,0.00032591116215848154,0.0
68,68,2018-02-25_16-35-15-258-I-T-playC,3.713775371772624,3.713775371772624,0.0,0.3067337688277624,0.3067337688277624,0.0
69,69,2018-02-25_16-35-15-258-W-T-playA,2.4867913857559287,2.4867913857559287,0.0,0.024030610272771143,0.024030610272771143,0.0
70,70,2018-02-25_16-53-19-560-I-B-playC,1.4986058835177325,1.4986058835177325,0.0,0.023151950179492568,0.023151950179492568,0.0
71,71,2018-02-25_16-53-19-560-W-B-playE,3.2269391985467517,3.2269391985467517,0.0,0.2499904363067347,0.2499904363067347,0.0
72,72,2018-02-25_16-53-24-685-I-T-playB,1.406676782160444,1.406676782160444,0.0,0.01500248425851519,0.01500248425851519,0.0
73,73,2018-02-25_16-53-24-685-W-T-playD,2.3628051293881223,2.3628051293881223,0.0,0.004827187763350825,0.004827187763350825,0.0
74,74,2018-02-25_17-05-45-845-I-B-playA,2.2310067361235144,2.2310067361235144,0.0,0.027918511787283024,0.027918511787283024,0.0
75,75,2018-02-25_17-05-45-845-W-B-playC,3.282287324652922,3.282287324652922,0.0,0.25465184662130114,0.25465184662130114,0.0
76,76,2018-02-25_17-06-48-147-I-T-playD,1.2328670353127276,1.2328670353127276,0.0,0.013074648576812613,0.013074648576812613,0.0
77,77,2018-02-25_17-06-48-147-W-T-playB,0.8797240799515142,0.8797240799515142,0.0,0.003444096731229812,0.003444096731229812,0.0
78,78,2018-02-25_17-20-28-378-I-B-playB,1.3146859353997886,1.3146859353997886,0.0,0.012124474644355171,0.012124474644355171,0.0
79,79,2018-02-25_17-20-28-378-W-B-playA,3.706962741588791,3.706962741588791,0.0,0.42724493912966094,0.42724493912966094,0.0
80,80,2018-02-25_17-20-56-708-W-T-playC,2.1318965079526784,2.1318965079526784,0.0,0.033886226199673464,0.033886226199673464,0.0
81,81,2018-02-25_17-33-02-263-I-T-playE,3.9139366907592033,3.9139366907592033,0.0,0.2388663612619173,0.2388663612619173,0.0
82,82,2018-02-25_17-33-02-263-W-T-playB,3.7753562664155456,3.7753562664155456,0.0,0.09174953956125513,0.09174953956125513,0.0
83,83,2018-02-25_17-33-34-929-I-B-playD,0.4039249985523252,0.4039249985523252,0.0,0.0016030512535178884,0.0016030512535178884,0.0
84,84,2018-02-25_17-33-34-929-W-B-playA,4.269396948394989,4.269396948394989,0.0,0.5240243170745554,0.5240243170745554,0.0
85,85,2018-02-25_17-47-15-16-I-T-playE,3.4001303058495513,3.4001303058495513,0.0,0.0441292866829939,0.0441292866829939,0.0
86,86,2018-02-25_17-47-15-16-W-T-playA,4.652660104290028,4.652660104290028,0.0,0.44548476582721397,0.44548476582721397,0.0
87,87,2018-02-25_17-51-49-71-I-B-playD,1.1726063133376847,1.1726063133376847,0.0,0.022512061167408167,0.022512061167408167,0.0
88,88,2018-02-25_17-51-49-71-W-B-playC,1.3017852471756974,1.3017852471756974,0.0,0.00800581436856881,0.00800581436856881,0.0
89,89,2018-02-25_18-05-08-996-I-B-playD,2.07733868014225,2.07733868014225,0.0,0.05777066726546255,0.05777066726546255,0.0
90,90,2018-02-25_18-05-08-996-W-B-playE,3.4484120316857543,3.4484120316857543,0.0,0.12033914776999953,0.12033914776999953,0.0
91,91,2018-02-25_18-06-25-166-I-T-playB,1.2257108122095577,1.2257108122095577,0.0,0.008368652177230637,0.008368652177230637,0.0
92,92,2018-02-25_18-06-25-166-W-T-playC,1.6995776453533074,1.6995776453533074,0.0,0.015254285087255312,0.015254285087255312,0.0
93,93,2018-03-03_14-31-25-188-I-T-playerF,3.2922466556597247,3.2922466556597247,0.0,0.7512134246825353,0.7512134246825353,0.0
94,94,2018-03-03_14-31-25-188-W-T-playerG,3.9494540943500094,3.9494540943500094,0.0,0.3901337342919943,0.3901337342919943,0.0
95,95,2018-03-03_14-36-59-99-I-B-playerH,4.625023939038256,4.625023939038256,0.0,0.7268810200652359,0.7268810200652359,0.0
96,96,2018-03-03_14-36-59-99-W-B-player,1.0819903192158744,1.0819903192158744,0.0,0.004848577670287274,0.004848577670287274,0.0
97,97,2018-03-03_14-50-02-899-I-B-playerH,4.8763393649729805,4.8763393649729805,0.0,0.9115760550371712,0.9115760550371712,0.0
98,98,2018-03-03_14-50-02-899-W-B-playerG,2.9574399575835595,2.9574399575835595,0.0,0.06138408113393753,0.06138408113393753,0.0
99,99,2018-03-03_14-55-34-435-I-B-playerF,3.2231355189260538,3.2231355189260538,0.0,0.6467005967969447,0.6467005967969447,0.0
100,100,2018-03-03_14-55-34-435-W-B-playerJ,2.1868849699884585,2.1868849699884585,0.0,0.041713224159924116,0.041713224159924116,0.0
101,101,2018-03-03_15-08-47-393-I-B-playerF,4.577457047079526,4.577457047079526,0.0,0.8763976225960012,0.8763976225960012,0.0
102,102,2018-03-03_15-08-47-393-W-B-player,1.132393090135876,1.132393090135876,0.0,0.006505765650442154,0.006505765650442154,0.0
103,103,2018-03-03_15-11-18-614-I-B-playerG,4.123127816894957,4.123127816894957,0.0,0.3766286571723347,0.3766286571723347,0.0
104,104,2018-03-03_15-11-18-614-W-B-playerJ,3.873577632393636,3.873577632393636,0.0,0.2838642429950603,0.2838642429950603,0.0
105,105,2018-03-03_15-24-43-406-W-T-playerF,3.115716633084069,3.115716633084069,0.0,0.8253241002198579,0.8253241002198579,0.0
106,106,2018-03-03_15-26-12-985-I-B-playerJ,3.0938670842325537,3.0938670842325537,0.0,0.4747163926133975,0.4747163926133975,0.0
107,107,2018-03-03_15-26-12-985-W-B-player,1.5399822018665414,1.5399822018665414,0.0,0.010785107166439684,0.010785107166439684,0.0
108,108,2018-03-03_15-40-45-399-I-T-playerH,4.561330889225836,4.561330889225836,0.0,0.8991911306935756,0.8991911306935756,0.0
109,109,2018-03-03_15-40-45-399-W-T-playerJ,3.390762428738648,3.390762428738648,0.0,0.13823920840911305,0.13823920840911305,0.0
110,110,2018-03-03_15-41-13-419-I-B-playerG,2.4596949175448644,2.4596949175448644,0.0,0.011933927971637587,0.011933927971637587,0.0
111,111,2018-03-03_15-41-13-419-W-B-player,1.7865003778327957,1.7865003778327957,0.0,0.009383151510996314,0.009383151510996314,0.0
112,112,2018-03-03_15-54-55-137-I-B-playerF,3.5641228237876765,3.5641228237876765,0.0,0.8846601405421497,0.8846601405421497,0.0
113,113,2018-03-03_15-54-55-137-W-B-playerH,4.775238743199234,4.775238743199234,0.0,0.8157531011757875,0.8157531011757875,0.0
114,114,2018-03-03_15-55-22-859-I-B-player,2.4192775052243216,2.4192775052243216,0.0,0.05014174468120422,0.05014174468120422,0.0
115,115,2018-03-03_15-55-22-859-W-B-playerG,3.474131649483632,3.474131649483632,0.0,0.1266761590600745,0.1266761590600745,0.0
116,116,2018-03-03_16-08-55-856-I-T-playerJ,4.2866484017757305,4.2866484017757305,0.0,0.5902698732892077,0.5902698732892077,0.0
117,117,2018-03-03_16-08-55-856-W-T-playerH,3.429368996740628,3.429368996740628,0.0,0.6287025116436102,0.6287025116436102,0.0
118,118,2018-03-03_16-09-54-314-I-B-playerG,4.057819518880748,4.057819518880748,0.0,0.5877090484262666,0.5877090484262666,0.0
119,119,2018-03-03_16-09-54-314-W-B-playerF,5.146439786642295,5.146439786642295,0.0,0.94865929782364,0.94865929782364,0.0
120,120,2018-03-03_16-23-45-184-I-T-playerJ,4.191576187185543,4.191576187185543,0.0,0.3349786373262272,0.3349786373262272,0.0
121,121,2018-03-03_16-23-45-184-W-T-playerG,3.7743785321794734,3.7743785321794734,0.0,0.2439722656538635,0.2439722656538635,0.0
122,122,2018-03-03_16-24-56-532-I-T-player,1.318598804234961,1.318598804234961,0.0,0.01562941618909133,0.01562941618909133,0.0
123,123,2018-03-03_16-24-56-532-W-T-playerF,4.189151676094556,4.189151676094556,0.0,0.8312420643472449,0.8312420643472449,0.0
124,124,2018-03-03_16-37-02-627-I-T-player,1.7385892844242754,1.7385892844242754,0.0,0.05007523961951175,0.05007523961951175,0.0
125,125,2018-03-03_16-37-02-627-W-T-playerH,3.2084415881163317,3.2084415881163317,0.0,0.027427409713511527,0.027427409713511527,0.0
126,126,2018-03-03_16-37-41-689-I-B-playerJ,3.2937360877181665,3.2937360877181665,0.0,0.166790384711599,0.166790384711599,0.0
127,127,2018-03-03_16-37-41-689-W-B-playerF,3.4866307116647923,3.4866307116647923,0.0,0.9044746379230036,0.9044746379230036,0.0
128,128,2018-03-03_16-49-28-573-I-T-playerG,3.0021765108554885,3.0021765108554885,0.0,0.2088616281018876,0.2088616281018876,0.0
129,129,2018-03-03_16-49-28-573-W-T-playerH,4.253135353335097,4.253135353335097,0.0,0.6414627851354453,0.6414627851354453,0.0
130,130,2018-03-03_16-50-57-586-I-B-player,1.3300891691514185,1.3300891691514185,0.0,0.0053747612382907825,0.0053747612382907825,0.0
131,131,2018-03-03_16-50-57-586-W-B-playerJ,1.2435183325843349,1.2435183325843349,0.0,0.015465180208276934,0.015465180208276934,0.0
132,132,2018-03-04_16-23-14-328-I-B-gamma,2.7569109098346773,2.7569109098346773,0.0,0.3150612855300382,0.3150612855300382,0.0
133,133,2018-03-04_16-23-14-328-W-B-delta,3.5122771174480505,3.5122771174480505,0.0,0.15556250272410696,0.15556250272410696,0.0
134,134,2018-03-04_16-32-00-897-I-B-alpha,3.5990911708901656,3.5990911708901656,0.0,0.4160450313643629,0.4160450313643629,0.0
135,135,2018-03-04_16-32-00-897-W-B-beta,3.7566473140501353,3.7566473140501353,0.0,0.3956407354781787,0.3956407354781787,0.0
136,136,2018-03-04_16-44-52-917-I-T-alpha,4.31212981552795,4.31212981552795,0.0,0.4974080825598735,0.4974080825598735,0.0
137,137,2018-03-04_16-44-52-917-W-T-epsilon,0.6760474108182022,0.6760474108182022,0.0,0.0060595502444603655,0.0060595502444603655,0.0
138,138,2018-03-04_16-45-46-434-I-B-gamma,4.738135003680883,4.738135003680883,0.0,0.715452776574277,0.715452776574277,0.0
139,139,2018-03-04_16-45-46-434-W-B-beta,2.7740828246603457,2.7740828246603457,0.0,0.0554162269922266,0.0554162269922266,0.0
140,140,2018-03-04_16-58-01-813-I-T-alpha,3.900350605067248,3.900350605067248,0.0,0.6623882709206892,0.6623882709206892,0.0
141,141,2018-03-04_16-58-01-813-W-T-delta,3.179512562026052,3.179512562026052,0.0,0.0400800494758529,0.0400800494758529,0.0
142,142,2018-03-04_16-58-48-564-I-T-beta,3.182358805285957,3.182358805285957,0.0,0.6375336207244139,0.6375336207244139,0.0
143,143,2018-03-04_16-58-48-564-W-T-epsilon,1.0171686322791258,1.0171686322791258,0.0,0.003603810565233564,0.003603810565233564,0.0
144,144,2018-03-04_17-11-56-584-I-B-epsilon,0.5743251934658344,0.5743251934658344,0.0,0.0028787696663348924,0.0028787696663348924,0.0
145,145,2018-03-04_17-11-56-584-W-B-delta,2.7445147910888448,2.7445147910888448,0.0,0.03011594735993128,0.03011594735993128,0.0
146,146,2018-03-04_17-12-05-975-I-B-gamma,5.245204667748903,5.245204667748903,0.0,0.9501527004492042,0.9501527004492042,0.0
147,147,2018-03-04_17-12-05-975-W-B-alpha,4.634950497937342,4.634950497937342,0.0,0.8805682809850933,0.8805682809850933,0.0
148,148,2018-03-04_17-25-20-50-I-B-beta,3.9456006427220114,3.9456006427220114,0.0,0.7680495044847644,0.7680495044847644,0.0
149,149,2018-03-04_17-25-20-50-W-B-delta,3.0415575781523883,3.0415575781523883,0.0,0.075653713409149,0.075653713409149,0.0
150,150,2018-03-04_17-26-05-379-I-B-gamma,3.4584505715273446,3.4584505715273446,0.0,0.5359689085473689,0.5359689085473689,0.0
151,151,2018-03-04_17-26-05-379-W-B-epsilon,1.7514520189647709,1.7514520189647709,0.0,0.00581393757711561,0.00581393757711561,0.0
152,152,2018-03-04_17-37-48-342-I-B-delta,2.904185075096734,2.904185075096734,0.0,0.11743042250362698,0.11743042250362698,0.0
153,153,2018-03-04_17-37-48-342-W-B-beta,4.063151491895891,4.063151491895891,0.0,0.9327843982872468,0.9327843982872468,0.0
154,154,2018-03-04_17-40-24-748-I-B-alpha,4.003953120425696,4.003953120425696,0.0,0.7285276736061678,0.7285276736061678,0.0
155,155,2018-03-04_17-40-24-748-W-B-gamma,3.985209093388816,3.985209093388816,0.0,0.8009979185179749,0.8009979185179749,0.0
156,156,2018-03-04_17-52-36-829-I-B-epsilon,1.0764032962626144,1.0764032962626144,0.0,0.001275124487824341,0.001275124487824341,0.0
157,157,2018-03-04_17-52-36-829-W-B-gamma,2.556283142128521,2.556283142128521,0.0,0.2209394725055701,0.2209394725055701,0.0
158,158,2018-03-04_17-52-53-448-I-B-beta,3.659301805800004,3.659301805800004,0.0,0.8323584075852087,0.8323584075852087,0.0
159,159,2018-03-04_17-52-53-448-W-B-alpha,1.556887467161153,1.556887467161153,0.0,0.06184934581105641,0.06184934581105641,0.0
160,160,2018-03-04_18-05-46-288-I-B-epsilon,0.4926443450456084,0.4926443450456084,0.0,0.006102545232260533,0.006102545232260533,0.0
161,161,2018-03-04_18-05-46-288-W-B-beta,2.904567643387602,2.904567643387602,0.0,0.4119822175117317,0.4119822175117317,0.0
162,162,2018-03-04_18-06-42-851-I-B-delta,4.02256002678062,4.02256002678062,0.0,0.03664481545418893,0.03664481545418893,0.0
163,163,2018-03-04_18-06-42-851-W-B-alpha,3.3630534594367583,3.3630534594367583,0.0,0.2940866740217155,0.2940866740217155,0.0
164,164,2018-03-04_18-20-44-311-I-B-epsilon,2.3778166809509216,2.3778166809509216,0.0,0.021164301214898668,0.021164301214898668,0.0
165,165,2018-03-04_18-20-44-311-W-B-alpha,3.443185033522356,3.443185033522356,0.0,0.2364523722297334,0.2364523722297334,0.0
166,166,2018-03-04_18-21-30-606-I-B-delta,3.4031692315836213,3.4031692315836213,0.0,0.08989509054219844,0.08989509054219844,0.0
167,167,2018-03-04_18-21-30-606-W-B-gamma,4.48032675627142,4.48032675627142,0.0,0.7512997907865504,0.7512997907865504,0.0
168,168,2018-03-04_18-33-41-474-I-T-delta,3.924407719890745,3.924407719890745,0.0,0.4368886642673671,0.4368886642673671,0.0
169,169,2018-03-04_18-33-41-474-W-T-epsilon,2.2561846842382867,2.2561846842382867,0.0,0.03398240399063058,0.03398240399063058,0.0
170,170,2018-03-04_18-34-39-751-I-B-beta,3.936852095783464,3.936852095783464,0.0,0.6743298944596036,0.6743298944596036,0.0
171,171,2018-03-04_18-34-39-751-W-B-gamma,2.750555302820997,2.750555302820997,0.0,0.1938306917945783,0.1938306917945783,0.0
172,172,2018-06-08_13-38-05-898-I-B-red,2.0360595768945893,2.0360595768945893,0.0,0.07613987753905671,0.07613987753905671,0.0
173,173,2018-06-08_13-38-05-898-W-B-green,1.9374835379997968,1.9374835379997968,0.0,0.0249147405849279,0.0249147405849279,0.0
174,174,2018-06-08_13-39-21-846-I-B-blue,3.1731746413635555,3.1731746413635555,0.0,0.1677190465607283,0.1677190465607283,0.0
175,175,2018-06-08_13-39-21-846-W-B-orange,2.9070812133006316,2.9070812133006316,0.0,0.24169347365886346,0.24169347365886346,0.0
176,176,2018-06-08_13-55-43-443-I-B-red,3.395521540803298,3.395521540803298,0.0,0.277847030129944,0.277847030129944,0.0
177,177,2018-06-08_13-55-43-443-W-B-pink,1.970005393051844,1.970005393051844,0.0,0.13564108498857114,0.13564108498857114,0.0
178,178,2018-06-08_13-58-18-9-I-T-blue,3.7019479303401504,3.7019479303401504,0.0,0.6115781130331904,0.6115781130331904,0.0
179,179,2018-06-08_13-58-18-9-W-T-green,0.9632881244588952,0.9632881244588952,0.0,0.0036256308545253055,0.0036256308545253055,0.0
180,180,2018-06-08_14-09-16-969-I-B-red,2.243625857852595,2.243625857852595,0.0,0.13004411709700295,0.13004411709700295,0.0
181,181,2018-06-08_14-09-16-969-W-B-orange,1.9895700822371536,1.9895700822371536,0.0,0.03144694604450072,0.03144694604450072,0.0
182,182,2018-06-08_14-11-38-545-I-T-green,0.16791674172566218,0.16791674172566218,0.0,0.0007116070787312518,0.0007116070787312518,0.0
183,183,2018-06-08_14-11-38-545-W-T-pink,1.7280169107834826,1.7280169107834826,0.0,0.15247641037697754,0.15247641037697754,0.0
184,184,2018-06-08_14-27-12-890-I-T-pink,1.1909483116029715,1.1909483116029715,0.0,0.03190785395646127,0.03190785395646127,0.0
185,185,2018-06-08_14-27-12-890-W-T-orange,1.0118922409403153,1.0118922409403153,0.0,0.010385514913355844,0.010385514913355844,0.0
186,186,2018-06-08_14-31-20-150-I-B-blue,3.4333447268850423,3.4333447268850423,0.0,0.5312490263512769,0.5312490263512769,0.0
187,187,2018-06-08_14-31-20-150-W-B-red,2.850292061697189,2.850292061697189,0.0,0.17743951790610293,0.17743951790610293,0.0
188,188,2018-06-08_14-44-07-464-I-T-blue,1.8872761171165668,1.8872761171165668,0.0,0.06384495805991643,0.06384495805991643,0.0
189,189,2018-06-08_14-44-07-464-W-T-pink,1.5029994908973077,1.5029994908973077,0.0,0.11528139892380328,0.11528139892380328,0.0
190,190,2018-06-08_14-44-26-144-I-B-green,0.3614375188145207,0.3614375188145207,0.0,0.0016948455051450408,0.0016948455051450408,0.0
191,191,2018-06-08_14-44-26-144-W-B-orange,1.283774947182998,1.283774947182998,0.0,0.031335897217466616,0.031335897217466616,0.0
192,192,2018-06-08_14-59-15-472-I-B-orange,3.9764499974771232,3.9764499974771232,0.0,0.10751236689482044,0.10751236689482044,0.0
193,193,2018-06-08_14-59-15-472-W-B-green,0.8318594706774379,0.8318594706774379,0.0,0.002116617771482523,0.002116617771482523,0.0
194,194,2018-06-08_15-09-33-44-I-B-red,3.1727313726912083,3.1727313726912083,0.0,0.11743757973276765,0.11743757973276765,0.0
195,195,2018-06-08_15-09-33-44-W-B-blue,3.510730999118132,3.510730999118132,0.0,0.15037211623133026,0.15037211623133026,0.0
196,196,2018-06-08_15-22-30-837-I-B-green,2.133225764429592,2.133225764429592,0.0,0.006777562303560048,0.006777562303560048,0.0
197,197,2018-06-08_15-22-30-837-W-B-red,2.3566431309372216,2.3566431309372216,0.0,0.19592427732771805,0.19592427732771805,0.0
198,198,2018-06-08_15-22-36-67-I-B-pink,3.2870991078010925,3.2870991078010925,0.0,0.21215019635033733,0.21215019635033733,0.0
199,199,2018-06-08_15-22-36-67-W-B-blue,2.9619622182584964,2.9619622182584964,0.0,0.19832745064704005,0.19832745064704005,0.0
200,200,2018-06-08_15-35-18-558-I-B-pink,3.1986232917423485,3.1986232917423485,0.0,0.2305333673624544,0.2305333673624544,0.0
201,201,2018-06-08_15-35-18-558-W-B-green,1.4499396405520055,1.4499396405520055,0.0,0.0031690239234023468,0.0031690239234023468,0.0
202,202,2018-06-08_15-35-59-88-I-B-orange,2.7048996440960087,2.7048996440960087,0.0,0.09516822599581402,0.09516822599581402,0.0
203,203,2018-06-08_15-35-59-88-W-B-red,4.494983092072821,4.494983092072821,0.0,0.7139914638133328,0.7139914638133328,0.0
204,204,2018-06-08_15-49-48-161-I-B-orange,2.6553252638294618,2.6553252638294618,0.0,0.04429058258081897,0.04429058258081897,0.0
205,205,2018-06-08_15-49-48-161-W-B-blue,3.010871045913788,3.010871045913788,0.0,0.08728535619648578,0.08728535619648578,0.0
206,206,2018-06-08_15-51-08-556-I-B-pink,1.679158114007148,1.679158114007148,0.0,0.12366075400565578,0.12366075400565578,0.0
207,207,2018-06-08_15-51-08-556-W-B-red,2.44679658868726,2.44679658868726,0.0,0.14102984859160295,0.14102984859160295,0.0
208,208,2018-06-08_16-03-53-799-I-T-orange,2.119380671841286,2.119380671841286,0.0,0.10292588157899966,0.10292588157899966,0.0
209,209,2018-06-08_16-03-53-799-W-T-pink,2.123845884640528,2.123845884640528,0.0,0.08616794542593538,0.08616794542593538,0.0
210,210,2018-06-08_16-04-43-127-I-B-green,0.36459865368049815,0.36459865368049815,0.0,0.001849804047665412,0.001849804047665412,0.0
211,211,2018-06-08_16-04-43-127-W-B-blue,2.5750680211717043,2.5750680211717043,0.0,0.06727524834524934,0.06727524834524934,0.0
