AU01_r,AU02_r,AU04_r,AU05_r,AU06_r,AU07_r,AU09_r,AU10_r,AU12_r,AU14_r,AU15_r,AU17_r,AU20_r,AU23_r,AU25_r,AU26_r,AU45_r,Filename,anger,contempt,disgust,engagement,fear,is_male,gender_appearance_scale,joy,participant_id,sadness,surprise,valence,voluntary,truth
0.19868,0.106615556,0.176544444,0.04462,0.129793333,0.02536,0.043624444,0.194084444,0.306244444,0.215528889,0.199991111,0.870073333,0.153444444,0.105773333,1.411051111,0.640137778,0.139597778,2018-09-08_12-09-26-1-W-T-user601.csv,0.014831936,0.12306244,0.712405782,71.20562002,0.020261441,0,21.88378993,26.82937129,601,0.011520787,27.42801514,16.06856669,0,1
0.219768889,0.12896,0.07028,0.140315556,0.216784444,0.813253333,0.070655556,0.642897778,0.711988889,1.115106667,0.151402222,0.551264444,0.075957778,0.181508889,1.245611111,0.284448889,0.569857778,2018-09-08_12-54-50-681-W-T-user602.csv,0.38192891,0.045767505,0.167112727,68.03575036,0.930403516,0,40.52775524,57.61913,602,0.097707884,2.131506428,52.50356014,0,1
0.195278827,0.100204399,0.294956676,0.045727616,1.22154188,0.226269718,0.057418352,0.447200622,1.397411686,1.381519662,0.184978894,0.416509665,0.077718285,0.132652744,1.03443457,0.559515663,0.158282604,2018-09-08_11-56-25-567-W-T-user604.csv,0.05127735,0.057140221,0.512750213,65.13361171,0.300285601,1,85.48863319,55.6813702,604,0.088026653,3.579009033,51.39251345,0,1
0.202306154,0.168695845,0.024101311,0.108067096,0.637884915,0.658664741,0.071988447,0.267876028,1.233774717,0.306702955,0.132070651,0.77510331,0.098335925,0.209502333,1.544310153,0.388889136,0.533523661,2018-09-08_13-22-56-739-W-B-user602.csv,0.181457345,0.396352495,1.675377766,60.67145333,1.113450992,0,26.02528948,37.74616595,602,0.013057014,7.287636764,31.80761218,0,0
0.276425239,0.136031993,0.3926994,0.055527661,0.968846923,0.146958454,0.058922462,0.430957565,1.154616752,1.261153077,0.249586759,0.513556987,0.082161742,0.180717618,0.808184848,0.650657632,0.143223728,2018-09-08_12-34-17-60-W-T-user604.csv,0.020372316,0.121279503,0.294498427,58.71700071,0.29562385,1,88.36713636,49.43349456,604,0.048546559,3.41027731,46.76976817,0,1
0.299129082,0.19736503,0.029186847,0.058771384,1.153219285,0.360742057,0.037991557,0.9118507,1.629960009,1.350815374,0.233497001,0.294567874,0.114412353,0.101250833,0.581024217,0.293285937,0.144834481,2018-09-08_12-17-43-362-W-T-user604.csv,0.002207505,0.049996869,0.374502323,58.40431531,0.001964849,1,82.82746704,51.29331205,604,0.005671212,1.188439455,54.78735725,0,1
0.207987114,0.057089536,0.004296823,0.090879805,0.09322595,0.062226172,0.051806265,0.139117974,0.265683182,0.051679627,0.201479671,0.700513219,0.081681849,0.108409242,0.62443457,0.723108198,0.238024883,2018-09-01_13-39-43-649-W-T-user403.csv,0.200626367,5.57126297,0.695895477,57.92121431,0.068157319,0,24.21940604,22.73196302,403,0.026966762,20.14804453,17.50816851,0,1
0.305669851,0.162292824,0.006229727,0.194765608,0.344321262,0.542199511,0.043865808,0.154159076,0.995343257,0.218542546,0.172003999,0.836125306,0.058215952,0.174792268,1.218631415,0.39759609,0.431730727,2018-09-08_11-26-50-995-W-B-user602.csv,0.673670238,0.14032171,1.037976023,57.89081216,5.013647869,0,14.69677799,35.98934526,602,0.014998025,7.649698655,27.68014095,0,0
0.412830482,0.176065319,0.006640747,0.047924906,1.026502999,1.448449234,0.135585426,0.609420129,0.709077983,0.520033326,0.213670296,0.59340591,0.096167518,0.112872695,0.876809598,0.800026661,0.305229949,2018-09-01_16-41-44-747-W-B-user502.csv,0.30770038,0.41369954,1.654202958,57.67998112,0.121406476,0,18.24221324,32.50059607,502,0.665173956,7.115252049,6.459568889,0,0
0.141188625,0.052121751,0.03514108,0.154905577,0.36147745,1.392072873,0.079044657,0.691586314,0.162768274,0.393665852,0.158949122,0.401515219,0.076034215,0.101121973,0.478598089,0.929944457,0.222910464,2018-09-01_16-39-42-774-W-T-user503.csv,0.251782332,0.238197473,2.556916765,57.39275767,0.00476299,0,24.16382788,22.47560069,503,0.03281126,9.405042926,18.45965311,0,1
0.223445901,0.087291713,0.011137525,0.062517218,0.066787381,0.052299489,0.053488114,0.122966008,0.225658743,0.078706954,0.224185737,0.856163075,0.136087536,0.165872028,0.555221062,0.760715397,0.255003333,2018-09-01_13-01-05-856-W-B-user403.csv,0.047633873,2.682916482,0.402240604,54.69716641,0.008810659,0,24.50587166,20.03439851,403,0.039325928,16.28443057,12.56846973,0,0
0.378589202,0.230233282,0.524330149,0.077662742,0.494861142,0.961004221,0.050124417,0.085287714,0.197698289,0.142790491,0.195427683,0.61119529,0.088846923,0.148622528,0.953885803,1.269602311,0.224167963,2018-08-12_12-19-29-723-W-B-user304.csv,2.285899597,0.967686181,4.011283721,54.59283476,0.184883923,0,18.40875592,22.98954181,304,0.426379669,9.889547465,10.82923716,0,0
0.504299045,0.269306821,0.006827372,0.18525661,1.20124639,2.048298156,0.070882026,0.640028883,0.681428571,0.766378583,0.161648523,0.86546323,0.126034215,0.314132415,0.641801822,1.102097312,0.371695179,2018-09-01_15-42-41-661-W-T-user502.csv,0.447041148,0.209768371,2.13750746,53.79153437,0.211058007,0,19.72075387,28.16386978,502,0.297263915,5.905510961,1.404233688,0,1
0.196077778,0.078124444,0.070086667,0.140231111,0.386982222,1.42612,0.074504444,0.735584444,0.253126667,0.418431111,0.171668889,0.70266,0.116697778,0.114753333,0.540777778,0.958668889,0.225368889,2018-09-01_16-54-13-433-W-T-user503.csv,0.109857463,0.421053157,1.842545408,53.34870351,0.009246321,0,27.55814484,24.07664281,503,0.006568373,8.066962923,20.10462587,0,1
0.374447901,0.118826927,0.035503222,0.086031993,0.216627416,0.321655188,0.074247945,0.225723173,0.18944679,0.203872473,0.198009331,0.493834703,0.137013997,0.095620973,0.983325928,0.72467896,0.480133304,2018-09-01_11-33-29-289-W-T-user402.csv,0.637817664,0.4322241,2.803449702,53.32663914,0.262049682,0,7.010996459,18.72089674,402,0.468931413,21.75762927,9.904311651,0,1
0.248058209,0.13479449,0.00448567,0.022050655,1.617000667,2.077118418,0.109469007,0.741515219,0.927318374,0.707980449,0.22101533,0.665836481,0.081844035,0.123297045,0.809997778,0.956107532,0.338702511,2018-09-01_15-26-01-472-W-B-user502.csv,0.333531397,2.90159672,1.763066263,53.10063133,0.282513029,0,15.10165735,32.58268283,502,0.136540696,5.368084042,12.33611362,0,0
0.16330371,0.062579427,0.00419018,0.071910687,0.052977116,0.051852922,0.053141524,0.132977116,0.124350144,0.030977561,0.131886248,0.665652077,0.112950456,0.081508554,0.78718507,0.838533659,0.220008887,2018-09-01_12-46-23-862-W-T-user403.csv,0.020383891,6.14215473,0.645686341,53.07164542,0.021259331,0,24.96507056,9.382685486,403,0.054411189,21.69706134,2.263709089,0,1
0.186316374,0.09916463,0.008053766,0.116345257,0.336340813,0.363819151,0.052257276,0.166951789,1.047984892,0.259686736,0.113954677,0.543845812,0.090448789,0.115018885,1.366900689,0.837818263,0.525663186,2018-09-01_17-20-57-400-W-B-user501.csv,0.109794351,0.653102327,1.020766892,53.02538201,0.116929756,0,33.11773458,37.03706638,501,0.195426823,6.980871278,24.68099866,0,0
0.353679182,0.182472784,0.076014219,0.139011331,0.012683848,0.277331704,0.035016663,0.005225505,0.085507665,0.595896468,0.132614975,0.400613197,0.075627638,0.055636525,0.58764719,0.514956676,0.187593868,2018-08-12_11-51-07-800-W-B-user301.csv,0.142026031,0.805898418,2.753752883,52.5050903,0.00238648,1,67.20283849,5.461881703,301,0.232026565,18.72069535,3.68759728,0,0
0.226343035,0.071532993,0.017947123,0.053499222,0.489435681,0.483210398,0.145016663,0.383268163,0.364847812,0.258900244,0.220291046,0.64227505,0.216507443,0.170446567,1.278706954,1.073281493,0.374727838,2018-09-01_13-15-43-356-W-T-user402.csv,0.680059557,0.654015862,3.24071269,52.01053777,0.534794972,0,17.84708627,16.03558361,402,0.058690782,19.14380455,4.228347217,0,1
0.468878027,0.182654966,0.001944012,0.074107976,1.121661853,1.641552988,0.079684515,0.66796934,0.602877138,0.611348589,0.227611642,0.834250167,0.126629638,0.097929349,0.604878916,0.771390802,0.302112864,2018-09-01_17-08-02-6-W-B-user502.csv,0.11658391,0.128921778,2.210788856,51.99459695,0.149487491,0,20.74618636,27.17223178,502,0.108637135,5.809876828,5.907694032,0,0
0.208344812,0.076500778,0.018375917,0.052841591,0.167251722,0.064363475,0.076805154,0.178755832,0.501199733,0.148922462,0.193152633,0.732252833,0.161890691,0.162903799,0.75473006,0.748171517,0.251904021,2018-09-01_13-25-48-398-W-T-user403.csv,0.020907892,10.99082068,0.539590567,51.84777746,0.073478011,0,28.89233481,15.88493748,403,0.066067037,17.44048513,9.215079489,0,1
0.172641635,0.044079094,0.040288825,0.053808043,0.210979782,0.553388136,0.1064008,0.180564319,0.043768052,0.047267274,0.24109309,0.544416796,0.144445679,0.146578538,1.048982448,1.019580093,0.350993113,2018-09-01_12-35-37-636-W-B-user402.csv,1.762151791,0.32323305,5.086265624,51.8100226,0.252384183,0,10.58852392,7.976613783,402,0.576849788,22.20115341,-0.972209229,0,0
0.3927,0.157448889,0.452688889,0.074466667,0.756395556,0.794684444,0.046411111,0.113631111,0.34488,0.203284444,0.207793333,0.747057778,0.176573333,0.156304444,0.986924444,1.048951111,0.293173333,2018-08-12_12-38-51-916-W-T-user304.csv,0.520535129,1.642529068,2.510192206,50.22118986,0.313729742,0,10.55180885,22.33594173,304,0.066077964,10.24657964,10.868843,0,1
0.293732504,0.078602533,0.38921573,0.07233948,0.658009331,1.154310153,0.0373006,0.09437014,0.270026661,0.182712731,0.230148856,0.628864697,0.131870695,0.162010664,0.934136859,1.193141524,0.183294823,2018-08-12_12-04-18-738-W-B-user304.csv,3.138997695,0.197019909,2.006912945,50.20385327,0.358849265,0,13.65523505,29.94862207,304,0.331117206,6.54344395,18.6175612,0,0
0.179971118,0.078102644,0.567553877,0.080657632,0.16921573,0.299051322,0.03037325,0.759435681,0.345052211,1.059513442,0.104710064,0.608562542,0.120735392,0.181495223,1.310504332,0.552397245,0.213832482,2018-09-08_13-23-19-683-W-B-user601.csv,0.013258181,0.101869771,0.636490418,49.73267268,0.324162609,0,40.88826506,31.45045163,601,0.015301253,4.531030056,26.89397557,0,0
0.114585648,0.03938236,0.162668296,0.188969118,0.677247278,1.5682515,0.05528327,1.022139525,0.256507443,0.530775383,0.139773384,0.529471229,0.076509665,0.101704066,0.624823373,0.818569207,0.150153299,2018-09-01_17-33-42-951-W-B-user503.csv,0.123598882,0.347163941,1.846555293,46.50690563,0.002128061,0,33.52529424,15.78734017,503,0.261943479,8.131348792,9.385122608,0,0
0.204727838,0.05055321,0.075427683,0.144998889,0.033203733,0.024123528,0.088513664,0.02681182,0.416758498,0.089140191,0.251581871,0.671299711,0.207178405,0.181692957,0.845794268,0.670653188,0.47329038,2018-09-01_16-11-35-982-W-B-user501.csv,0.171213709,0.131150434,1.192541977,45.99849461,0.061429995,0,32.2148303,25.41710611,501,0.047728977,6.555575377,17.40187836,0,0
0.150735392,0.091268607,1.169466785,0.044154632,0.123143746,0.148786936,0.054890024,0.241197512,0.377413908,0.196347478,0.290224395,0.616325261,0.123270384,0.182397245,1.03600311,0.745201066,0.151575206,2018-09-08_13-37-33-89-W-T-user601.csv,0.016239736,0.273347156,1.367912263,44.56399863,0.077879338,0,13.57630853,20.09333318,601,0.094292683,8.251173434,13.68993754,0,1
0.410759831,0.336574095,0.055178849,0.160570984,0.178511442,0.421013108,0.041699622,0.320875361,0.573223728,0.576240835,0.280715397,0.657669407,0.05073317,0.091524106,0.936071984,0.308891358,0.465556543,2018-09-08_11-43-44-665-W-B-user602.csv,0.041088395,0.186592575,0.318733666,44.52036223,4.935165419,0,30.88139872,36.89488413,602,0.067621145,1.460657079,36.94761139,0,0
0.6403,0.282111111,0.686055556,0.063366667,0.061668889,0.057466667,0.066704444,0.092946667,0.247422222,0.254557778,0.508731111,1.297242222,0.212146667,0.233562222,0.776155556,0.707497778,0.143486667,2018-09-08_13-06-31-913-W-B-user603.csv,0.596933964,3.69984498,1.602528075,44.49537798,0.055017608,1,45.32741868,7.521978293,603,0.334675404,13.7082971,-2.161174448,0,0
0.306216396,0.046216396,0.057831593,0.150371029,0.20510331,0.478362586,0.123099311,0.195685403,0.090153299,0.169120196,0.182972673,0.441752944,0.105016663,0.07052655,1.164396801,0.768629194,0.443541435,2018-09-01_11-20-44-762-W-T-user402.csv,1.085743552,0.296848101,3.004471568,44.39357786,0.586241189,0,6.782918608,13.52859963,402,0.346115477,14.58620792,5.787643285,0,1
0.566795556,0.289031111,0.666768889,0.11646,0.027004444,0.06422,0.103653333,0.145288889,0.154777778,0.279997778,0.378706667,1.300333333,0.215457778,0.261508889,0.841137778,0.785615556,0.175893333,2018-09-08_12-52-57-257-W-B-user603.csv,0.712014235,2.363223947,2.038772428,44.30472611,0.390214434,1,45.14376907,1.165946339,603,0.437132364,16.80314034,-6.176396832,0,0
0.148520329,0.077245057,0.008702511,0.126347478,0.126147523,0.125607643,0.036647412,0.065241058,0.699340147,0.284521218,0.115660964,0.581037547,0.081944012,0.132908243,1.007465008,0.730810931,0.480877583,2018-09-01_17-08-15-620-W-B-user501.csv,0.197270894,0.268312872,0.959143319,43.79533447,0.203565799,0,37.42315372,23.70607975,501,0.247850425,6.879707267,11.21832837,0,0
0.241479671,0.109271273,0.037889358,0.181635192,0.075738725,0.226409687,0.076403022,0.05622084,0.448564763,0.103132637,0.224578982,0.691057543,0.171057543,0.201595201,0.92029549,0.821539658,0.51119529,2018-09-01_16-54-20-277-W-T-user501.csv,0.517102437,0.668585612,1.409139403,43.35732072,0.095173792,0,39.34364325,20.9952023,501,0.340172225,6.77819639,9.061119616,0,1
0.386962897,0.176151966,0.626622973,0.090468785,0.172588314,0.631219729,0.028360364,0.02706954,0.133223728,0.094834481,0.227156188,0.767864919,0.042457232,0.173337036,0.906176405,1.134379027,0.135623195,2018-08-12_11-36-15-129-W-B-user304.csv,0.09080141,0.411851878,0.879866157,43.0810567,0.010535565,0,13.21564893,25.28934086,304,0.080557658,8.143788813,15.36107445,0,0
0.19273717,0.06753166,0.101328594,0.028651411,0.008344812,0.218526994,0.041706288,0.000653188,0.05688958,0.60478116,0.149415685,0.475598756,0.044334592,0.074876694,0.39753166,0.412712731,0.161050878,2018-08-12_12-17-32-726-W-B-user301.csv,0.092277145,0.357707039,2.810240952,42.98008908,0.010316987,1,68.31216648,5.677109118,301,0.281610998,15.19357856,1.977554999,0,0
0.311484444,0.189091111,0.140715556,0.04602,0.474964444,0.102553333,0.146831111,0.713686667,0.703191111,0.906468889,0.362088889,0.608582222,0.09466,0.285077778,0.638811111,0.664813333,0.36536,2018-09-01_15-30-27-34-W-T-user504.csv,0.243821799,5.275765428,3.333511342,42.35185755,0.171537822,1,65.8612544,9.913710248,504,0.375474823,3.380690685,1.948928974,0,1
0.363050433,0.130315485,0.208244835,0.036900689,0.252623861,0.066531882,0.067829371,0.511175294,0.436047545,0.676405243,0.605623195,0.848506998,0.287824928,0.353979116,0.668786936,0.752475006,0.285494335,2018-09-01_16-12-49-857-W-T-user504.csv,0.455667205,5.277992631,2.589542543,42.20257495,1.114475479,1,66.57883857,1.544333505,504,0.186025568,3.10254739,-9.088071573,0,1
0.187165074,0.106900689,0.231444124,0.135416574,0.425069984,1.423654743,0.104687847,0.739162408,0.152988225,0.367158409,0.170546545,0.562892691,0.083528105,0.155423239,0.447289491,0.974552322,0.253254832,2018-09-01_17-20-37-941-W-B-user503.csv,0.083427194,0.269001331,1.430329521,42.14116212,0.004973842,0,28.89051715,17.19348345,503,0.013274675,6.359277601,14.94348024,0,0
0.38437014,0.234412353,0.119191291,0.150728727,0.036138636,0.252901577,0.06946012,0.17102866,0.129740058,0.08623417,0.332932682,0.79778938,0.11282826,0.16239058,0.627369474,0.509373473,0.239513442,2018-09-08_13-53-53-463-W-B-user603.csv,0.083746771,1.613395676,1.060744202,41.52586209,0.473381685,1,43.40602532,8.671846859,603,0.183204567,13.88020851,1.149518897,0,0
0.257920462,0.074830038,0.122761609,0.032701622,0.112492779,0.411897356,0.055203288,0.811110864,0.476914019,1.974181293,0.139162408,0.870866474,0.192183959,0.136558543,0.756749611,0.279573428,0.223652522,2018-08-12_12-36-33-550-W-B-user305.csv,0.007435031,0.125662354,0.408391173,40.87403324,0.014825887,1,68.05856995,21.10896732,305,0.018687854,7.173376511,18.12995982,0,0
0.158969118,0.071584092,0.574436792,0.083912464,0.074092424,0.141737392,0.034881138,0.504416796,0.15674739,0.86987114,0.151506332,0.625396579,0.110630971,0.166922906,1.180702066,0.556138636,0.16167074,2018-09-08_13-09-49-380-W-T-user601.csv,0.053751374,0.208319159,0.599031716,40.73922521,0.321629907,0,47.39421032,23.31041541,601,0.076609682,3.330230015,18.5502209,0,1
0.276245279,0.121659631,0.165423239,0.052537214,0.062939347,0.197022884,0.052272828,0.03609198,0.16471673,0.923388136,0.087649411,0.453672517,0.1426483,0.112719396,0.692826039,0.511017552,0.244607865,2018-08-12_13-36-00-673-W-T-user301.csv,0.386760491,2.736946709,1.892394317,40.27645046,0.009489873,1,67.36554804,3.790409578,301,0.572408409,11.07642126,-0.881983951,0,1
0.172142222,0.052122222,0.167237778,0.032144444,0.047531111,0.03398,0.057351111,0.056924444,0.291691111,0.118328889,0.241486667,0.532417778,0.111886667,0.054475556,0.89706,0.635048889,0.113571111,2018-09-01_11-17-07-681-W-B-user404.csv,0.010229966,0.565156043,0.708115818,37.60978274,0.042071357,0,20.74613407,24.22232291,404,0.006880727,1.726871584,24.42779026,0,0
0.634514552,0.315658743,0.122710509,0.182477227,0.014516774,0.292186181,0.099037992,0.225412131,0.099513442,0.141530771,0.44411242,0.713985781,0.139635637,0.208893579,0.723552544,0.612072873,0.20298156,2018-09-08_13-37-59-49-W-T-user603.csv,0.243072765,1.149052684,1.361646239,37.47429712,0.415204439,1,45.31413633,7.776009118,603,0.124367059,12.66607912,0.095941979,0,1
0.181415241,0.068069318,0.373499222,0.061255277,0.074019107,0.274461231,0.062179516,0.526418574,0.228011553,1.084632304,0.13951122,0.628749167,0.087180627,0.140862031,0.953210398,0.581835148,0.228178183,2018-08-12_14-21-19-68-W-B-user305.csv,0.00152208,0.18054857,0.442905054,37.4343008,0.006161549,1,69.00045064,8.448131494,305,0.012639619,11.77367393,6.501282632,0,0
0.434966667,0.272391111,0.383344444,0.090133333,0.262342222,0.067842222,0.135033333,0.421888889,0.388164444,0.659026667,0.494882222,0.977517778,0.257626667,0.379006667,0.643557778,0.739606667,0.178871111,2018-09-01_15-58-52-950-W-T-user504.csv,0.187724452,5.250725798,2.60185223,37.14096052,0.585623183,1,63.69815941,5.951061534,504,0.804460419,3.01207055,-2.995352768,0,1
0.175425461,0.090422128,0.226198623,0.058598089,0.055349922,0.162908243,0.09831593,0.823503666,0.369835592,1.646654077,0.134405688,0.733988003,0.112908243,0.230288825,0.657982671,0.304616752,0.275996445,2018-08-12_12-05-51-37-W-T-user305.csv,0.009429427,0.331326162,0.373969288,36.17375423,0.537588629,1,67.2926686,14.4094497,305,0.042680958,7.285788127,8.382462835,0,1
0.628673628,0.938640302,0.207902688,0.387113975,0.395327705,-0.626251944,0.253143746,0.559017996,0.669797823,1.102199511,0.405747612,0.565081093,0.18646523,0.734179071,0.858738058,0.374067985,0.604825594,2018-08-12_13-37-20-143-W-B-user303.csv,0.032440634,1.049949438,0.778303196,33.88534836,0.081861616,1,79.05832618,16.64153333,303,0.614892339,5.850275563,9.832817152,0,0
0.414296823,0.204752277,0.304394579,0.057984892,0.391137525,0.105972006,0.133763608,0.660168851,0.722068429,0.883865808,0.59466563,0.733041546,0.174612308,0.193965785,0.918544768,0.775221062,0.39807154,2018-09-01_16-26-18-672-W-B-user504.csv,0.090677472,8.898553405,2.240410774,33.32623221,0.087314801,1,68.36645784,3.009663231,504,0.407228389,2.060845631,-5.406861427,0,0
0.2691513,0.132703844,0.119800044,0.083614752,0.023794712,0.221635192,0.048660298,0.020202177,0.086318596,0.907949345,0.103643635,0.506656299,0.147980449,0.132268385,0.634650078,0.568960231,0.210011109,2018-08-12_13-51-01-824-W-B-user301.csv,0.08204357,4.075302193,2.205841437,32.75269858,0.025532239,1,66.50167445,1.763900615,301,0.034967484,11.09567236,-2.249479341,0,0
0.176254166,0.098484781,0.171224172,0.043583648,0.056327483,0.010379916,0.04659409,0.075267718,0.452977116,0.097240613,0.237189513,0.455289936,0.125465452,0.10562986,0.84127305,0.486934015,0.139244612,2018-09-01_12-05-48-218-W-B-user404.csv,0.007754926,0.136633168,0.478328797,32.31820145,0.002472595,0,23.20059842,21.60644339,404,0.008780131,1.229136673,21.87119491,0,0
0.392473333,0.24162,0.311713333,0.190446667,0.666828889,0.141584444,0.13212,0.585111111,0.97594,0.811306667,0.415717778,0.95106,0.161642222,0.287617778,1.086637778,0.687864444,0.345153333,2018-09-01_15-40-51-48-W-B-user505.csv,0.048466678,1.667907472,1.186337609,31.03931243,2.215149012,1,60.00728702,10.74299909,505,0.892487075,6.080863017,3.134678177,0,0
0.189897801,0.064327927,0.701255277,0.057962675,0.12682515,0.147213953,0.047053988,0.274843368,0.26975561,0.681655188,0.108131526,0.431612975,0.102092868,0.100715397,0.662243946,0.645432126,0.227009553,2018-09-01_12-59-15-78-W-B-user401.csv,0.091040782,0.619996172,0.530300401,30.54342411,0.541343447,0,34.52693824,14.08043393,401,0.09406007,5.004363267,7.204242014,0,0
0.206233333,0.062737778,0.633188889,0.146995556,0.018626667,0.537177778,0.065846667,0.513971111,0.042988889,0.800797778,0.133435556,0.647577778,0.070773333,0.120931111,0.676844444,0.62296,0.317037778,2018-08-12_14-06-23-202-W-T-user305.csv,0.137580466,0.187660715,0.479794471,29.96451404,0.01257691,1,68.24312175,5.239729081,305,0.353490159,9.621699489,4.556771401,0,1
0.207305043,0.096120862,0.699117974,0.061301933,0.000233282,0.002426128,0.061017552,0.105389913,0.104732282,0.736698511,0.155600978,0.566860698,0.122974895,0.138413686,0.547038436,0.624516774,0.226334148,2018-09-01_12-05-14-620-W-T-user401.csv,0.160960234,0.407383794,0.653049127,29.08141752,2.279578186,0,43.63241525,8.842340365,401,0.087136813,4.617203752,-0.33474271,0,1
0.402328372,0.211013108,0.256765163,0.11569429,0.44082204,0.055185514,0.078004888,0.433317041,0.782681626,0.714901133,0.240071095,0.910348811,0.182148412,0.2362986,1.139573428,0.757809376,0.298542546,2018-09-01_15-56-51-866-W-T-user505.csv,0.061650206,1.712740641,1.552940599,28.87875829,1.650848529,1,64.92197277,6.982571918,505,0.34275145,2.829693082,1.888114257,0,1
0.633971111,0.279366667,0.278497778,0.072008889,0.149011111,0.071604444,0.060228889,0.503966667,0.197613333,0.480764444,0.386242222,0.456037778,0.201831111,0.155071111,0.705971111,1.209246667,0.298595556,2018-08-12_14-21-17-501-W-T-user303.csv,0.052453642,0.274834915,1.346751429,27.91015198,0.041301608,1,84.61299337,7.018619174,303,1.05509605,9.198783555,2.372397539,0,1
0.194191111,0.095237778,0.678991111,0.060735556,0.042037778,0.014444444,0.067308889,0.284146667,0.187837778,0.716097778,0.152295556,0.517548889,0.140815556,0.139088889,0.740968889,0.660957778,0.220308889,2018-09-01_13-12-20-286-W-B-user401.csv,0.110850499,0.739953423,0.879969188,27.17138235,0.898951567,0,46.96865099,6.334756526,401,0.161601367,4.860325205,-2.282985153,0,0
0.307924444,0.098446667,0.432651111,0.153751111,0.18004,0.110726667,0.158108889,0.127851111,0.303975556,0.586062222,0.440673333,0.680173333,0.166437778,0.205673333,0.739855556,0.517291111,0.324611111,2018-09-01_17-33-58-376-W-B-user505.csv,0.16904434,0.969012704,1.001551202,25.90191307,0.201923132,1,61.24547011,4.395316997,505,0.077515988,6.555745642,-0.990461185,0,0
0.220786492,0.055354366,0.567947123,0.035209953,0.008929127,0.013954677,0.040362142,0.044487892,0.088531438,0.47204399,0.115840924,0.361959565,0.1008998,0.091386359,0.577787158,0.620188847,0.247667185,2018-09-01_13-27-54-915-W-T-user401.csv,0.107498794,2.137140826,1.08218128,24.91638494,1.180960581,0,47.36039397,2.252904321,401,0.123234194,5.5227895,-5.173910571,0,1
0.303154855,0.142794935,0.268029327,0.141404132,0.183885803,0.049911131,0.076449678,0.161844035,0.355421018,0.345325483,0.412730504,0.82136192,0.124943346,0.156151966,0.859117974,0.877000667,0.248387025,2018-09-01_16-25-20-765-W-B-user505.csv,0.044901644,1.598844679,1.527181665,22.90605118,1.052455996,1,65.5220771,6.91709785,505,0.218876733,2.277070822,2.544115395,0,0
0.448120418,0.181766274,0.568413686,0.032761609,0.241746279,0.056194179,0.028042657,0.716934015,0.369055765,0.968718063,0.313659187,0.537231726,0.1508998,0.35880471,0.428673628,0.759040213,0.29442124,2018-08-12_12-56-37-196-W-B-user303.csv,0.004320438,0.160230898,0.765955425,22.59422876,0.060516471,1,83.88023983,10.94302902,303,0.248716235,3.714633672,7.888645407,0,0
0.195551111,0.12404,0.107564444,0.061608889,0.722613333,0.56642,0.061375556,0.073893333,0.488962222,0.895513333,0.170742222,0.649235556,0.114666667,0.094388889,0.817173333,0.968251111,0.440164444,2018-09-08_11-43-03-106-W-T-user605.csv,0.040174049,0.371022268,0.454936848,22.40314649,0.34010675,1,57.54662583,8.878326646,605,0.168730881,1.056059777,0.930633021,0,1
0.234515556,0.102873333,0.250628889,0.060313333,0.050262222,0.017275556,0.03788,0.142977778,0.189493333,0.30136,0.205244444,0.450884444,0.134651111,0.113157778,1.167773333,0.681415556,0.120608889,2018-09-01_11-51-21-457-W-T-user404.csv,0.019203232,0.393763107,0.809426223,20.122568,0.004334974,0,20.48593455,7.305969819,404,0.012703232,1.877248091,6.825449443,0,1
0.170559876,0.05646523,0.007153966,0.073410353,0.01263497,0.086085314,0.031808487,0.058798045,0.074332371,0.074723395,0.158173739,0.32372806,0.072063986,0.057696068,0.607307265,0.486078649,0.411817374,2018-08-12_11-31-52-459-W-B-user302.csv,0.013774276,0.154504296,0.759317113,19.21771716,0.014451042,0,60.43058148,11.41370275,302,0.06311,2.087377679,9.518998125,0,0
0.221908889,0.108526667,0.014068889,0.08236,0.013342222,0.070591111,0.032137778,0.0326,0.078548889,0.093995556,0.127422222,0.277546667,0.08206,0.056053333,0.618164444,0.487702222,0.358862222,2018-08-12_12-58-02-439-W-T-user302.csv,0.026976146,0.248091162,1.138543992,18.9991642,0.009828179,0,58.21378442,10.60807004,302,0.070934556,3.235304484,8.428957035,0,1
0.518680293,0.23838036,0.474207954,0.030962008,0.06070651,0.016702955,0.032406132,0.332726061,0.082932682,0.573017107,0.317293935,0.516454121,0.087371695,0.412643857,0.397949345,0.980188847,0.25384359,2018-08-12_14-03-49-927-W-B-user303.csv,0.063262438,0.166275895,0.757661287,18.99895419,0.139525874,1,83.5948143,7.872116963,303,1.062628533,8.112043662,2.560102431,0,0
0.231168629,0.138411464,0.016818485,0.069722284,0.001419685,0.039124639,0.024130193,0.030395468,0.038720284,0.07862475,0.170550989,0.469226839,0.087047323,0.117831593,0.508298156,0.402059542,0.280151078,2018-08-12_11-49-35-321-W-B-user302.csv,0.158015938,0.166807571,1.937586134,18.85632919,0.004656838,0,62.67713249,9.845978135,302,0.111416436,1.733736408,5.363110987,0,0
0.240582093,0.106514108,0.172906021,0.032728283,0.063910242,0.037740502,0.03728727,0.16165741,0.328662519,0.153390358,0.137940458,0.443532548,0.101048656,0.110162186,1.007940458,0.471630749,0.110999778,2018-09-01_12-18-59-653-W-T-user404.csv,0.011432519,0.21124414,0.745239184,16.87732189,0.007157082,0,17.71531393,5.772635757,404,0.012212475,1.916832509,6.158888528,0,1
0.179733393,0.073141524,0.028835814,0.104687847,0.002877138,0.055696512,0.028220396,0.014436792,0.031173073,0.040677627,0.12497445,0.340497667,0.108746945,0.073092646,0.615432126,0.478893579,0.341326372,2018-08-12_13-53-02-58-W-B-user302.csv,0.06032505,0.198930936,1.469221574,15.35208792,0.006074094,0,54.76371787,6.49975758,302,0.376836255,2.643768994,4.825946763,0,0
0.190306599,0.091053099,0.481095312,0.103332593,0.019055765,0.100228838,0.124812264,0.258369251,0.202572762,0.219506776,0.162590535,0.625769829,0.166385248,0.272041769,0.790431015,0.650573206,0.183879138,2018-09-01_13-40-00-286-W-T-user405.csv,0.197072749,0.40908621,1.062321986,13.44739693,0.025661741,1,67.48613462,0.018755429,405,0.277930522,0.388361661,-5.368485991,0,1
0.085603199,0.075021106,0.079169074,0.048102644,0.587896023,0.219186847,0.056860698,0.038886914,0.443965785,1.092937125,0.207291713,0.516027549,0.161775161,0.097242835,0.839517885,0.961506332,0.359495668,2018-09-08_13-50-28-425-W-B-user605.csv,0.052069034,0.377745767,0.550552187,12.45195516,0.080628879,1,56.2653182,3.915678359,605,0.049799969,0.711908172,-1.086387549,0,0
0.224451111,0.091917778,0.243415556,0.050622222,0.029622222,0.073448889,0.048606667,0.195606667,0.239584444,0.176364444,0.135277778,0.495577778,0.072584444,0.132166667,0.970822222,0.764173333,0.192913333,2018-09-01_11-51-46-346-W-B-user405.csv,0.053553525,0.170374154,0.616883562,10.94902301,0.497258098,1,62.67781109,2.211170538,405,0.564087571,1.124938135,-1.074827206,0,0
0.179197956,0.068886914,0.472359476,0.03938236,0.017851589,0.306705177,0.129615641,0.215287714,0.226805154,0.225185514,0.179304599,0.682083981,0.082195068,0.118049322,0.80688958,0.613888025,0.180939791,2018-09-01_11-38-53-670-W-B-user405.csv,0.031954247,0.171544505,0.977854115,10.82982351,0.24854897,1,70.6679379,0.773054308,405,0.311205439,0.396546007,-0.178653252,0,0
0.235527661,0.100086647,0.535900911,0.062490558,0.025743168,0.07257054,0.097573873,0.29088647,0.261441902,0.148635859,0.196762942,0.637947123,0.146782937,0.173141524,0.957911575,0.668831371,0.207129527,2018-09-01_12-19-24-693-W-B-user405.csv,0.126963598,0.504386211,0.702661826,8.552881353,0.241972011,1,66.68392368,1.337951601,405,0.255338811,0.566991979,-2.044990618,0,0
0.135251111,0.041688889,0.361688889,0.029393333,0.846264444,0.193388889,0.03538,0.507671111,1.38384,1.332873333,0.082506667,0.246011111,0.072162222,0.028891111,1.071566667,0.516244444,0.216673333,2018-09-08_11-27-01-675-W-B-user604.csv,0.003456115,0.154372387,0.384785506,6.900096927,0.816705761,1,87.24588025,4.43329054,604,0.020279745,0.244034203,5.80481316,0,0
0.167911575,0.087060653,0.278598089,0.037425017,0.228353699,0.595560986,0.057780493,0.389728949,0.522794935,1.062872695,0.188302599,0.750862031,0.167453899,0.100513219,0.882150633,0.503752499,0.322277272,2018-09-08_12-34-07-349-W-B-user605.csv,0.010133957,0.571489646,0.510606117,5.342783131,0.367018371,1,61.29273087,1.962760732,605,0.031464979,0.24889077,0.485375293,0,0
0.203177778,0.132668889,0.031044444,0.06846,0.245508889,0.205322222,0.024344444,0.243055556,0.027793333,0.476022222,0.113091111,0.307531111,0.072931111,0.197762222,0.52848,0.49924,0.364708889,2018-09-08_12-01-43-738-W-B-user605.csv,0.033411867,0.183946669,0.435491001,5.248744362,0.004223931,1,54.68909915,2.534200582,605,0.042001331,0.47735276,2.06933286,0,0
0.360357698,0.176309709,0.183481449,0.15755832,1.01322595,0.97055321,0.096551877,0.751281937,1.426547434,0.935225505,0.120515441,0.696794046,0.094005777,0.274841146,1.26273717,0.509960009,0.287151744,2018-02-17_14-33-35-477-W-T-dd17.csv,0.30212834,0.189141668,0.556079804,68.70159991,0.186899802,0,8.593550138,50.64230221,1002,0.526205759,6.517336097,37.98549287,1,1
0.199662297,0.339811153,0.031257498,0.229773384,0.013357032,0.173425905,0.040677627,0.546131971,0.0999489,0.053172628,0.228615863,0.59944679,0.101932904,0.3373006,0.496767385,0.631077538,0.227338369,2018-02-17_14-45-40-200-W-T-qmjhl.csv,1.833105897,0.712435177,3.317664977,48.49219463,0.007545399,1,53.69101151,9.459145756,1004,0.17056571,7.326288005,-3.144728086,1,1
0.133128889,0.207653333,0.023106667,0.105942222,0.030615556,0.099051111,0.055137778,0.365802222,0.15676,0.090606667,0.225317778,0.530591111,0.109926667,0.12728,0.600291111,0.595506667,0.289466667,2018-02-17_14-58-58-929-W-T-qmjhl.csv,0.599032651,0.405313292,1.675782611,45.71968678,0.033244462,1,53.35852117,16.99035456,1004,0.048763164,4.82472278,5.811071055,1,1
0.341826261,0.089913353,0.294179071,0.059426794,0.3390491,0.481297489,0.10208176,0.2882515,0.486700733,0.404823373,0.240477672,0.623208176,0.113232615,0.093025994,0.985712064,0.530513219,0.397427238,2018-02-17_14-59-22-962-W-B-dd17.csv,0.503718684,0.107333497,1.116199833,52.20264516,0.85978865,0,14.92036166,36.93257573,1002,0.405130253,3.969384311,27.65256436,1,0
0.496016441,0.167796045,0.264047989,0.110428794,0.316049767,0.459628971,0.03706954,0.418762497,0.297482782,0.211013108,0.26753166,1.057889358,0.139895579,0.156178627,0.709197956,0.728224839,0.25107976,2018-02-17_15-13-33-271-W-B-kingferry.csv,0.357415056,0.512418963,1.158886312,52.79628832,0.023098081,0,25.32045141,29.92656804,1001,0.352061238,4.984446064,20.64041046,1,0
0.22052655,0.033072651,0.457289491,0.015920907,0.06893357,0.715647634,0.035478783,0.309748945,0.196103088,0.008418129,0.189044657,0.496949567,0.113203733,0.065996445,0.704576761,0.607929349,0.128029327,2018-02-17_15-15-12-644-W-T-theotherguy.csv,0.101949428,0.123410277,1.518442697,42.05934506,0.021863911,1,63.8431177,24.31464515,1003,0.175900031,4.307501484,20.83840803,1,1
0.237984892,0.078684737,0.36268607,0.049591202,0.064256832,0.636565208,0.060133304,0.242139525,0.154019107,0.013741391,0.160486559,0.665760942,0.120622084,0.08017996,0.796689625,0.642028438,0.158407021,2018-02-17_15-30-27-188-W-B-theotherguy.csv,0.125680426,0.153223285,1.965435778,43.61897408,0.083067797,1,62.65958699,16.79049848,1003,0.37488945,5.870799514,5.18656702,1,0
0.221417463,0.061499667,0.274541213,0.027718285,0.127311709,0.672426128,0.039784492,0.266896245,0.307033992,0.044954455,0.121153077,0.51533437,0.072606088,0.052872695,0.805887581,0.575652077,0.125580982,2018-02-17_15-58-54-6-W-T-theotherguy.csv,0.248740703,0.125610624,1.526528519,47.32046522,0.002438981,1,62.45250768,25.50311515,1003,0.29746828,5.159048187,15.64487463,1,1
0.222266667,0.043795556,0.377753333,0.068504444,0.187733333,0.2305,0.091864444,0.145708889,0.288671111,0.338437778,0.172857778,0.432388889,0.118228889,0.129075556,1.095884444,0.880468889,0.31634,2018-02-17_15-59-37-779-W-B-dd17.csv,0.173457916,1.382112909,0.811115504,38.49334007,0.692094957,0,15.49861262,16.29173535,1002,0.157537953,3.689808461,8.364118803,1,0
0.29245501,0.161679627,0.102248389,0.098333704,0.206931793,0.15401022,0.074587869,0.441821817,0.476865141,0.351737392,0.218762497,0.521699622,0.157656076,0.259853366,0.864216841,0.66771162,0.26165741,2018-02-17_16-12-17-891-W-T-qmjhl.csv,0.943084336,2.483830566,3.817810609,48.26245497,0.016295473,1,53.92353664,13.66020157,1004,0.10753086,6.450206326,-1.074724416,1,1
0.872983781,0.376358587,0.185187736,0.207080649,0.453716952,0.501004221,0.045843146,0.613790269,0.696916241,0.287445012,0.171466341,0.899077983,0.10700511,0.133916907,0.732026216,0.673439236,0.372286159,2018-02-17_16-12-53-703-W-T-kingferry.csv,0.089375813,0.767596022,1.386473717,64.25124855,0.017442299,0,37.34591555,24.94331891,1001,0.082969912,15.13307014,14.4612901,1,1
0.200277716,0.114978894,0.90952455,0.096276383,0.033590313,0.211290824,0.067396134,0.083394801,0.100275494,0.104981115,0.171139747,0.583014886,0.150415463,0.178147078,0.585992002,0.724283493,0.315276605,2018-02-25_13-14-22-215-W-T-PlayerD.csv,1.544449505,1.392192018,1.799388574,24.66296106,0.058295451,1,56.44581831,2.277939835,1006,0.329800902,4.051818371,-5.262304927,1,1
0.272075094,0.142952677,0.036243057,0.075149967,0.150910909,1.148271495,0.046778494,0.023990224,0.215403244,0.018284826,0.138493668,0.384561209,0.131608531,0.164701178,1.039995557,0.520788714,0.193305932,2018-02-25_13-16-01-653-W-T-PlayerB.csv,0.020931957,12.38889779,0.777103786,34.13069492,0.28648854,1,53.18354673,20.31629358,1008,0.007853393,1.913039469,20.67663609,1,1
0.143217778,0.144295556,1.229146667,0.053291111,0.038691111,1.354184444,0.038804444,0.79118,0.679553333,0.006453333,0.106991111,0.32444,0.093786667,0.155797778,0.799308889,0.558448889,0.126291111,2018-02-25_13-33-09-475-W-T-PlayerE.csv,0.084678637,1.070932833,1.569153667,28.79871898,0.016893461,1,66.70865365,6.525987598,1009,0.040778137,4.906565284,7.24192351,1,1
0.238653633,0.129557876,0.015221062,0.100086647,0.11874028,1.456398578,0.060008887,0.016549656,0.152741613,0.011577427,0.146145301,0.47767385,0.116629638,0.136380804,1.292052877,0.823605865,0.130815374,2018-02-25_13-34-11-253-W-B-PlayerB.csv,0.02176407,10.27935167,1.075761759,23.65663645,0.013079368,1,47.62643127,5.247968467,1008,0.010034009,2.304778617,5.1316672,1,0
0.158484444,0.048524444,1.602691111,0.062737778,0.042526667,1.543964444,0.048931111,0.8114,0.659166667,0.043633333,0.108924444,0.393122222,0.068402222,0.078293333,0.694466667,0.487033333,0.146528889,2018-02-25_13-49-51-506-W-B-PlayerE.csv,0.019282507,0.960346425,1.333760231,26.74654491,0.002046248,1,68.87018747,8.117916714,1009,0.158206676,5.273109605,7.111959777,1,0
0.268253333,0.104475556,0.386082222,0.105022222,0.068397778,0.360555556,0.061893333,0.359851111,0.515797778,0.617275556,0.13888,0.354246667,0.103164444,0.141333333,0.560622222,0.540615556,0.566815556,2018-02-25_13-50-22-285-W-T-PlayerD.csv,0.213321,2.347930188,2.725341885,33.13627132,0.058325792,1,62.83179869,3.626452563,1006,0.141653167,2.754260063,-4.753175115,1,1
0.333137081,0.110939791,1.162028438,0.135301044,0.06030882,0.195967563,0.178769162,0.109413464,0.369946679,0.49149078,0.347309487,0.677293935,0.283539214,0.190268829,0.796707398,0.875358809,0.378242613,2018-02-25_14-05-58-190-W-T-PlayerA.csv,0.099948985,9.744620474,1.856226528,53.04152897,0.34283868,0,42.62701662,2.114734644,1007,0.874477462,16.69154844,-15.82805262,1,1
0.446578538,0.152099533,0.506254166,0.186987336,0.046734059,0.140213286,0.165689847,0.260119973,0.295909798,0.617700511,0.222028438,0.527027327,0.130417685,0.203961342,0.619249056,0.437451677,0.338764719,2018-02-25_14-07-04-471-W-T-PlayerD.csv,0.063907496,1.439984544,2.447359867,34.79686251,0.102783759,1,57.63230638,5.077749309,1006,0.253805373,3.710034881,-6.154061703,1,1
0.11276383,0.088235948,1.514510109,0.062923795,0.172123973,1.613763608,0.058284826,1.08521884,0.869837814,0.038244835,0.133312597,0.365543213,0.120199956,0.181912908,0.94940902,0.577462786,0.180666519,2018-02-25_14-21-26-22-W-B-PlayerE.csv,0.024119727,0.826714691,1.472194916,22.32599046,0.002280053,1,64.22923461,4.464429486,1009,0.120740256,4.735801202,3.595467586,1,0
0.294752277,0.087347256,0.337584981,0.093217063,0.029424572,0.105907576,0.144234615,0.346556321,0.213399245,0.399464563,0.213608087,0.411788491,0.134223506,0.184343479,0.971664075,0.63836703,0.360990891,2018-02-25_14-21-51-412-W-T-PlayerD.csv,0.385780185,2.325634497,1.485412875,24.19301881,0.018565308,1,59.2247843,3.363226982,1006,0.081622875,4.280069487,-1.985943737,1,1
0.287311709,0.14156854,0.790795379,0.067411686,0.334070207,1.472552766,0.048913575,0.333872473,0.397833815,0.814494557,0.088718063,0.488520329,0.084721173,0.109017996,1.229273495,0.845434348,0.160853144,2018-02-25_14-35-36-494-W-B-playerC.csv,1.632398695,0.248974855,1.476565698,51.33488585,0.011546639,0,13.81394014,26.79390802,1005,0.964456296,2.957865826,15.07811298,1,0
0.305851111,0.151491111,0.521766667,0.087508889,0.047015556,0.113686667,0.033273333,0.121637778,0.616491111,0.877608889,0.319073333,0.701128889,0.197804444,0.159095556,0.782013333,0.623046667,0.194293333,2018-02-25_14-35-41-678-W-T-PlayerB.csv,0.248322861,1.142500539,1.766154289,25.97973491,0.00802161,1,49.31717615,2.650958863,1008,0.011028471,4.826536487,-2.569776599,1,1
0.312754943,0.118262608,1.29001333,0.195021106,0.017913797,0.152574983,0.0528016,0.037720507,0.204076872,0.459413464,0.222337258,0.451895134,0.102810487,0.158342591,0.87861142,0.490635414,0.281506332,2018-02-25_14-49-36-200-W-B-PlayerA.csv,0.129169883,0.911868895,2.176453948,64.34840248,0.351635891,0,35.2021137,6.73932819,1007,0.519901589,24.71522164,-8.060762356,1,0
0.243679182,0.185158854,1.058589202,0.177829371,0.497889358,1.351419685,0.052810487,0.53309709,0.556576316,0.873634748,0.224207954,0.826434126,0.136556321,0.201315263,0.89850922,0.646043102,0.165507665,2018-02-25_14-50-44-6-W-B-playerC.csv,1.02698617,0.176094783,1.362570637,57.2185372,0.007271716,0,15.23669115,34.64523468,1005,0.363881289,4.001105059,23.36948553,1,0
0.216714064,0.139680071,0.502770495,0.070313264,0.121068651,0.484270162,0.048202622,0.254056876,0.774039102,0.535101089,0.230342146,0.719557876,0.130082204,0.177944901,1.130828705,0.805327705,0.152986003,2018-02-25_15-05-13-792-W-B-PlayerB.csv,0.366447753,3.17962838,1.098264804,27.92909762,0.057198341,1,53.91649819,6.736053524,1008,0.020848366,3.575101689,-2.235945843,1,0
0.241941791,0.101317485,1.120717618,0.163588092,0.01263497,0.052090647,0.052572762,0.046396356,0.181101977,0.48782715,0.183596978,0.439213508,0.085516552,0.261957343,0.899862253,0.463379249,0.327909354,2018-02-25_15-05-31-847-W-T-PlayerA.csv,0.375967809,2.355714622,1.379301773,57.23326236,0.5398151,0,39.18634374,4.732220319,1007,0.329383327,21.76948446,-13.75551714,1,1
0.367716063,0.146027549,1.008533659,0.028615863,0.006403022,0.13537214,0.111084204,0.051270829,0.01879138,0.002086203,0.249900022,0.52636303,0.1408998,0.060119973,0.645158854,0.834272384,0.254805599,2018-02-25_15-51-57-535-W-T-playB.csv,0.245326494,0.894893098,0.976284641,16.24162718,0.005439736,1,67.3427306,3.566494861,1011,0.025873073,2.389633287,-0.08645032,1,1
0.315041102,0.15048878,0.003197067,0.062979338,0.046045323,0.788335925,0.012399467,0.052257276,0.088111531,0.033183737,0.102939347,0.331890691,0.106116419,0.090162186,0.525367696,0.738258165,0.174094646,2018-02-25_15-52-10-32-W-T-playD.csv,0.086276854,0.126626575,0.390045019,30.72985724,0.003855363,1,58.84496523,20.20854705,1013,0.319920668,1.441960496,22.45393945,1,1
0.234081315,0.137751611,0.069735614,0.13656743,1.019404577,0.192819374,0.153383693,0.604803377,1.010962008,0.741675183,0.250168851,0.460268829,0.123443679,0.286036436,1.002897134,0.371333037,0.28670962,2018-02-25_16-05-37-615-W-B-playE.csv,1.072785107,1.517426328,1.543708504,21.633976,7.693837751,1,48.65840762,4.485561064,1014,8.545636715,2.887385572,-13.9943339,1,0
0.271106667,0.10068,1.099346667,0.061413333,0.00146,0.090877778,0.102088889,0.027924444,0.012364444,0.011462222,0.256173333,0.448571111,0.162095556,0.080762222,0.631277778,0.709997778,0.310053333,2018-02-25_16-06-52-924-W-B-playB.csv,0.061212802,0.66907804,0.967890366,11.32987324,0.042677485,1,63.88103638,0.036113594,1011,0.022640495,2.497279347,-1.527438505,1,0
0.411255556,0.137626667,0.14976,0.082006667,0.749873333,0.361095556,0.238142222,0.51176,0.652877778,0.468922222,0.246197778,0.552351111,0.13268,0.153391111,0.9465,0.592188889,0.23978,2018-02-25_16-20-27-786-W-B-playE.csv,0.119971752,2.45898525,4.323317429,39.86513626,1.016870396,1,46.80669291,7.772862727,1014,6.824515153,4.21782911,-11.80238443,1,0
0.507882693,0.20507665,0.021784048,0.043237058,0.206600755,0.997151744,0.030131082,0.181846256,0.327025106,0.102132859,0.138424795,0.437382804,0.159911131,0.111590758,0.778555877,0.816223062,0.19471673,2018-02-25_16-21-48-356-W-T-playD.csv,0.259182174,0.196480865,0.608341407,47.7963108,0.002200949,1,58.76695974,30.72744524,1013,0.018467396,4.251757954,29.76918252,1,1
0.344827816,0.177771606,0.042830482,0.067962675,0.358835814,0.932510553,0.053432571,0.709577872,0.660131082,0.302863808,0.124392357,0.481777383,0.103428127,0.184205732,0.719515663,0.960248834,0.218744723,2018-02-25_16-35-14-962-W-T-playD.csv,0.396099112,0.676270037,0.548846965,48.84540564,0.002675688,1,62.13898915,35.09709895,1013,0.284507827,2.618531456,35.79618589,1,1
0.271153333,0.066613333,0.492291111,0.045515556,0.015337778,0.193013333,0.102513333,0.19976,0.388653333,0.150315556,0.14736,0.454335556,0.182906667,0.106397778,0.859368889,0.628931111,0.292106667,2018-02-25_16-35-15-258-W-T-playA.csv,0.913236739,4.242160627,2.909194161,31.36520489,0.013291035,1,57.08807349,3.610048397,1010,0.44084678,4.837199507,-2.77177408,1,1
0.299646745,0.146514108,0.0108998,0.053125972,0.722297267,0.10677405,0.077578316,0.361708509,0.560448789,0.926338591,0.459089091,0.445174406,0.101810709,0.136938458,0.883785825,0.713574761,0.258982448,2018-02-25_16-53-19-560-W-B-playE.csv,0.219049056,1.353384507,2.489957965,24.25355252,5.038229534,1,44.80019988,2.49701189,1014,7.695682553,2.903149143,-10.46622252,1,0
0.349793333,0.159066667,0.038862222,0.041235556,0.226611111,0.962944444,0.04386,0.318275556,0.373402222,0.154333333,0.153635556,0.417244444,0.116773333,0.167151111,0.995351111,1.143526667,0.240753333,2018-02-25_16-53-24-685-W-T-playD.csv,0.178775368,1.149066538,0.351026684,46.90575647,0.002383654,1,63.06131445,27.85823655,1013,0.047771461,2.503652728,21.76969474,1,1
0.068289269,0.047822706,0.188773606,0.071839591,0.001279716,0.001257498,0.038980227,0.01962675,0.011177516,0.169617863,0.108311486,0.595423239,0.139495668,0.205254388,1.116867363,0.350297712,0.10127305,2018-02-25_17-05-45-845-W-B-playC.csv,0.009403716,0.621625392,0.652297842,2.716628369,0.16490894,1,81.36239163,0.11335452,1012,0.307315163,0.513542933,-2.245161422,1,0
0.27132415,0.072717174,1.058682515,0.034039102,0.026929571,0.290535437,0.086483004,0.050199956,0.03618307,0.009786714,0.214394579,0.590239947,0.160197734,0.093792491,0.812048434,0.917402799,0.283348145,2018-02-25_17-06-48-147-W-T-playB.csv,0.265976288,0.681349676,1.264755584,19.98317082,0.016194514,1,61.33999575,1.740294446,1011,0.11908722,2.783918993,-2.193487072,1,1
0.280895357,0.137553877,0.537385026,0.140502111,0.011801822,0.34327705,0.1162986,0.173732504,0.340288825,0.058893579,0.221948456,0.538691402,0.104414575,0.150459898,0.732099533,0.743919129,0.169608976,2018-02-25_17-20-28-378-W-B-playA.csv,1.096377093,9.224668486,3.370192598,32.31810764,0.014581973,1,52.79463515,0.557587244,1010,1.304475003,4.687411819,-6.933251508,1,0
0.170613197,0.08748056,0.418626972,0.085481004,0.003645857,0.004770051,0.089406799,0.135772051,0.04345701,0.452148412,0.197369474,0.70723617,0.084325705,0.178751389,0.758515885,0.440830927,0.190930904,2018-02-25_17-20-56-708-W-T-playC.csv,0.024668263,1.023901108,0.817881178,7.571926226,0.007227596,1,74.64462579,0.440569194,1012,0.224434696,1.346786239,-3.368376388,1,1
0.28161964,0.129197956,0.948255943,0.06890691,0.08401022,0.773579205,0.114587869,0.043865808,0.090568763,0.019620084,0.146147523,0.421821817,0.130262164,0.083570318,0.788813597,0.863885803,0.284256832,2018-02-25_17-33-02-263-W-T-playB.csv,0.165818689,0.713932913,1.577200491,22.22439199,0.004465325,1,60.67662937,5.140112003,1011,0.094982166,2.550097448,0.493011459,1,1
0.138620307,0.030662075,0.476138636,0.071450789,0.138669185,0.157180627,0.0609509,0.221355254,0.594783382,0.175700955,0.098626972,0.403461453,0.104245723,0.063248167,0.937624972,0.573025994,0.230459898,2018-02-25_17-33-34-929-W-B-playA.csv,0.839314348,4.5420158,4.232972294,36.8796257,0.037964538,1,54.63695264,6.318671223,1010,0.515951581,3.092116078,-1.461882254,1,0
0.284673333,0.131188889,0.606006667,0.062597778,0.127511111,0.293753333,0.109048889,0.285471111,0.576751111,0.31434,0.13406,0.382162222,0.131633333,0.146115556,0.918177778,0.777151111,0.382206667,2018-02-25_17-47-15-16-W-T-playA.csv,0.172344598,3.453006475,2.728297755,29.37147528,0.003516655,1,56.58124746,6.912387886,1010,0.299180626,2.65602468,-0.012833441,1,1
0.163916907,0.09764719,0.228280382,0.124796712,0.071766274,0.01232615,0.045232171,0.248584759,0.384778938,0.665589869,0.177476116,0.638895801,0.106676294,0.229055765,1.197498334,0.422894912,0.118593646,2018-02-25_17-51-49-71-W-B-playC.csv,0.208556955,2.60397403,1.383366537,18.32684607,0.102353313,1,69.65781335,4.78001791,1012,0.958018279,3.260223692,-5.959736,1,0
0.317938236,0.140379916,0.113119307,0.077309487,0.552990447,0.108955788,0.143774717,0.400073317,0.681166408,0.996305266,0.220404355,0.453114863,0.12172184,0.163883581,0.834267941,0.449593424,0.227129527,2018-02-25_18-05-08-996-W-B-playE.csv,0.491002793,2.637331286,2.626142483,37.14054997,1.734557557,1,44.30952626,5.947764611,1014,12.85199697,3.986777819,-14.32729751,1,0
0.43305932,0.259066874,0.36393246,0.13059098,0.019853366,0.011135303,0.03958898,0.170402133,0.175323262,0.537813819,0.147769385,0.613552544,0.077465008,0.291557432,1.287009553,0.600297712,0.152677183,2018-02-25_18-06-25-166-W-T-playC.csv,0.041953846,1.725074704,1.348364356,18.95327795,0.021467194,1,70.48262883,2.654135847,1012,0.842905138,4.079618081,-8.771116834,1,1
0.189117974,0.122977116,0.079802266,0.047220618,0.910286603,0.179106865,0.100550989,0.438913575,1.241355254,0.561668518,0.190842035,0.704150189,0.156296379,0.38600311,0.961968452,0.643145968,0.443583648,2018-03-03_14-31-25-188-W-T-playerG.csv,0.179122507,1.562081048,4.033965986,53.56497317,0.013386238,1,48.99716663,21.56326045,1016,0.033375726,5.365396923,7.463829352,1,1
0.244415556,0.12186,0.825993333,0.041462222,0.145577778,0.385975556,0.069317778,0.164375556,0.289773333,0.111044444,0.161926667,0.595282222,0.139033333,0.15166,0.849093333,0.602671111,0.390931111,2018-03-03_14-36-59-99-W-B-playerI.csv,0.017228619,0.369882709,2.716826246,57.70535705,0.006159798,1,48.97692729,5.490062672,1018,0.011678462,24.58370332,-5.370628609,1,0
0.367517778,0.291895556,0.192408889,0.08666,0.806175556,0.233562222,0.084655556,0.42534,0.990913333,0.561546667,0.293428889,0.831846667,0.21596,0.231175556,0.845302222,0.57536,0.396868889,2018-03-03_14-50-02-899-W-B-playerG.csv,0.346572662,1.734396009,4.830988166,46.13241469,0.043752378,1,45.58798701,17.60510498,1016,0.015885432,4.923200021,7.537505502,1,0
0.191837778,0.107077778,0.407784444,0.065884444,0.415715556,0.065737778,0.066348889,0.093497778,0.914197778,0.490811111,0.226204444,0.59718,0.1529,0.099962222,0.892122222,0.663528889,0.358228889,2018-03-03_14-55-34-435-W-B-IplayerJ.csv,0.031679642,0.834468091,0.652253989,36.29979914,0.002750445,0,38.7846132,21.10140531,1019,0.020518787,3.652572235,17.50081375,1,0
0.204558987,0.145116641,0.952674961,0.059237947,0.093736947,0.466816263,0.089002444,0.149795601,0.207127305,0.056058654,0.10778938,0.600306599,0.117042879,0.228047101,1.003870251,0.77011553,0.410382137,2018-03-03_15-08-47-393-W-B-playerI.csv,0.026930721,0.282562293,2.688483192,53.34810816,0.001525888,1,48.23717615,1.217032375,1018,0.009615184,20.84430235,-10.33327986,1,0
0.254250167,0.097709398,0.418169296,0.05759609,0.362501666,0.111299711,0.103643635,0.082894912,0.874130193,0.383232615,0.288946901,0.820062208,0.16197956,0.192970451,0.896154188,0.785623195,0.371141969,2018-03-03_15-11-18-614-W-B-IplayerJ.csv,0.025981149,2.0734446,1.361250463,34.1202205,0.013302409,0,39.35788447,13.92433186,1019,0.017881855,4.36532563,12.15762303,1,0
0.35616,0.142342222,0.126642222,0.061177778,0.523108889,0.609611111,0.046777778,0.302002222,0.678897778,0.552931111,0.140293333,0.515273333,0.120617778,0.155613333,0.877624444,0.522344444,0.448855556,2018-03-03_15-24-43-406-W-T-playerF.csv,0.385050212,0.100628347,0.950094378,52.75483417,0.03802565,0,6.991387226,33.54665353,1015,0.289612963,5.320982877,20.75850502,1,1
0.188997778,0.119686667,0.946895556,0.068933333,0.125782222,0.572593333,0.08776,0.20294,0.243853333,0.080262222,0.214104444,0.651988889,0.09664,0.317406667,0.719711111,0.658477778,0.44066,2018-03-03_15-26-12-985-W-B-playerI.csv,0.023885079,0.91739761,2.314083717,47.78060715,0.00177438,1,49.99377085,1.605977672,1018,0.014091428,16.60432276,-12.27378601,1,0
0.179733393,0.102690513,0.293643635,0.055149967,0.716842924,0.287096201,0.106589647,0.269740058,1.255427683,0.468562542,0.219813375,0.578746945,0.185623195,0.20965341,1.14755832,0.598522551,0.45510331,2018-03-03_15-40-45-399-W-T-playerJ.csv,0.032594419,2.28228187,1.44568712,35.16980177,0.012659981,0,43.38002658,15.0738346,1019,0.020803034,5.008890743,10.04035651,1,1
0.145832037,0.077238392,0.933572539,0.060055543,0.171233059,0.568895801,0.136187514,0.247458343,0.278015996,0.090326594,0.190268829,0.616722951,0.113134859,0.182637192,0.848480338,0.652548323,0.336780715,2018-03-03_15-41-13-419-W-B-playerI.csv,0.022861917,0.454581766,2.789817248,46.66918642,0.001608928,1,51.94545363,1.474704026,1018,0.022264896,15.35319765,-13.85722865,1,0
0.065298823,0.033099311,0.115596534,0.029273495,0.610699845,0.609520107,0.096005332,0.538347034,0.822701622,0.451888469,0.375429905,0.67508998,0.276356365,0.247071762,0.959822262,0.755936459,0.274745612,2018-03-03_15-54-55-137-W-B-playerH.csv,0.202440613,1.254526373,2.222706691,55.90492512,0.032147244,0,13.96046282,16.8107429,1017,0.507713451,14.16807859,-3.948864,1,0
0.176918463,0.061752944,0.122748278,0.041050878,0.409093535,0.099951122,0.070673184,0.271755166,0.615820929,0.319973339,0.190635414,0.619946679,0.106867363,0.208733615,0.828060431,0.666627416,0.481797378,2018-03-03_15-55-22-859-W-B-playerG.csv,0.368838253,2.728950255,7.760124134,42.80800345,0.302243744,1,43.27990035,8.442873984,1016,0.143635456,4.476531141,-0.935699425,1,0
0.199037992,0.057967118,0.10622084,0.043799156,0.35371473,0.373834703,0.051797378,0.543357032,0.726380804,0.400302155,0.428593646,1.009153521,0.19778938,0.126383026,1.140573206,0.829668963,0.26489669,2018-03-03_16-08-55-856-W-T-playerH.csv,0.595022602,3.176671184,2.545205102,57.322505,0.255222041,0,13.12437332,12.51666337,1017,0.272508532,18.10619948,-8.181575101,1,1
0.221775161,0.068355921,0.154376805,0.055620973,0.579595645,0.718498112,0.079224617,0.454456787,0.658822484,0.504721173,0.302768274,0.779602311,0.163790269,0.168700289,0.968355921,0.747322817,0.313052655,2018-03-03_16-09-54-314-W-B-playerF.csv,0.125738837,2.290914053,1.83008637,52.64425825,0.774775609,0,7.379591737,24.99789179,1015,0.551897239,5.92109204,7.332290605,1,0
0.201415241,0.197182848,0.100215508,0.068513664,0.720495446,0.158664741,0.068438125,0.227425017,1.101219729,0.370762053,0.174870029,0.759069096,0.138555877,0.269313486,0.632357254,0.464598978,0.304481226,2018-03-03_16-23-45-184-W-T-playerG.csv,0.201693604,1.350186864,4.898720525,43.38994757,0.009669652,1,52.72714662,11.39565057,1016,0.036064333,4.347811924,2.848319386,1,1
0.392399467,0.146654077,0.210337703,0.059486781,0.413972451,0.655249945,0.061046434,0.305849811,0.535049989,0.439180182,0.204625639,0.700782048,0.1290491,0.2154499,0.85520551,0.559533437,0.450204399,2018-03-03_16-24-56-532-W-T-playerF.csv,0.318795531,0.173833383,1.145314502,49.84058372,0.391761252,0,7.803866317,29.53971646,1015,0.554374161,6.096026436,16.99027528,1,1
0.24251944,0.091002,0.129517885,0.041661853,0.175716507,0.170648745,0.047580538,0.242381693,0.544474561,0.308202622,0.47713397,1.14309709,0.209931126,0.144090202,0.963063764,0.856445234,0.236634081,2018-03-03_16-37-02-627-W-T-playerH.csv,0.246142906,2.701180876,2.360530008,50.9931573,0.397884287,0,10.18586024,8.67213683,1017,0.251245187,16.24926701,-13.54383308,1,1
0.325216619,0.130073317,0.161764052,0.076140858,0.53976894,0.620299933,0.094412353,0.440868696,0.611990669,0.426011997,0.294983337,0.983759165,0.1880982,0.143896912,0.897389469,0.759255721,0.289162408,2018-03-03_16-37-41-689-W-B-playerF.csv,0.201799426,1.875850109,1.909084972,54.34914265,0.368039038,0,9.389528693,32.54738123,1015,0.595677612,5.727434161,19.15766825,1,0
0.199831149,0.132415019,0.113168185,0.118551433,0.22651633,0.375996445,0.133128194,0.489424572,0.67052655,0.289564541,0.350570984,0.674350144,0.18065541,0.212510553,0.907500555,0.643330371,0.186942902,2018-03-03_16-49-28-573-W-T-playerH.csv,0.031287461,1.198610268,1.783790994,54.26811906,0.062994114,0,11.62903977,18.470552,1017,0.384685422,17.80312748,-3.788837628,1,1
0.277469451,0.157553877,0.35674739,0.102988225,0.166067541,0.013536992,0.095520995,0.007576094,0.494647856,0.19232615,0.17723617,0.601548545,0.128131526,0.135203288,0.715194401,0.566391913,0.392366141,2018-03-03_16-50-57-586-W-B-playerJ.csv,0.060297078,8.737989388,1.363815923,24.97647179,0.012526192,0,48.55933892,2.692335725,1019,0.019117958,3.60617917,-1.283472055,1,0
0.351057778,0.14578,0.666073333,0.070926667,1.882564444,1.446528889,0.069917778,0.61394,1.93246,1.69804,0.099202222,0.850257778,0.106533333,0.278528889,0.963228889,0.503422222,0.456773333,2018-03-04_16-23-14-328-W-B-delta.csv,0.004206328,0.35033,0.263805905,27.07615205,0.002558956,1,58.47985814,19.17360219,1021,0.012747741,1.103885628,13.96813811,1,0
0.117580538,0.034396801,0.673132637,0.01723617,0.001255277,0.000433237,0.037482782,0.146787381,0.068193735,0.116009776,0.185683182,0.381473006,0.061437458,0.050984226,0.717009553,0.216629638,0.097447234,2018-03-04_16-32-00-897-W-B-beta.csv,0.070359324,0.393359891,0.754243976,19.58767179,0.746966392,0,60.57459269,6.399275239,1023,0.007215427,2.994968459,5.469816322,1,0
0.243739169,0.096574095,0.052719396,0.058524772,1.404385692,2.527353921,0.044416796,1.107562764,1.052641635,1.780279938,0.136311931,0.65683848,0.099837814,0.14861142,0.74872695,0.418311486,0.209706732,2018-03-04_16-44-52-917-W-T-epsilon.csv,0.028252024,0.042893804,0.145858447,71.82691763,0.001392444,1,70.23007585,62.98582296,1024,0.196649069,2.752947936,55.62669543,1,1
0.208578094,0.064932237,0.447727172,0.037233948,0.035098867,0.012874917,0.076505221,0.239404577,0.286698511,0.279237947,0.19077094,0.542957121,0.125394357,0.127856032,0.929735614,0.392997112,0.154430127,2018-03-04_16-45-46-434-W-B-beta.csv,0.208252592,0.22314702,0.93565915,31.92129908,4.573954075,0,57.66969438,14.70663146,1023,0.006676565,5.54520213,8.95479592,1,0
0.185361031,0.072937125,0.839546767,0.06041102,2.261168629,1.859746723,0.095045545,0.78683848,2.335638747,1.86628527,0.323616974,0.778895801,0.11827816,0.204936681,0.980233282,0.660562097,0.064912242,2018-03-04_16-58-01-813-W-T-delta.csv,0.004685251,0.182114119,0.430329002,11.12114647,0.038140645,1,56.50980308,4.75689856,1021,0.032264066,0.572989617,-2.515710533,1,1
0.30294379,0.108282604,0.062892691,0.066034215,1.127676072,2.407009553,0.033625861,0.838922462,0.718364808,1.458733615,0.15881804,0.67125972,0.10528327,0.134039102,0.810208843,0.443192624,0.185376583,2018-03-04_16-58-48-564-W-T-epsilon.csv,0.018570742,0.056390945,0.356325309,60.18950365,0.001651546,1,73.18247428,46.23122503,1024,0.306968458,3.626053331,39.1997151,1,1
0.360713175,0.183421462,0.419564541,0.048127083,2.128491446,1.133503666,0.131579649,0.536185292,1.931141969,1.892932682,0.256167518,1.098655854,0.1282004,0.494585648,0.504145745,0.514681182,0.318591424,2018-03-04_17-11-56-584-W-B-delta.csv,0.003327513,0.293187468,0.388724539,5.851144736,0.06862869,1,60.1932,1.290362755,1021,0.070480598,0.462039965,-4.114538804,1,0
0.16017996,0.045387692,0.072130638,0.087098423,0.018680293,0.121950678,0.0208487,0.060646523,0.186403022,0.121826261,0.119864475,0.468584759,0.080124417,0.11381693,0.697113975,0.665018885,0.209037992,2018-03-04_17-12-05-975-W-B-alpha.csv,0.019725427,0.198807749,1.864517727,46.85112594,0.862758456,0,19.91707148,8.623788725,1022,0.725672501,20.47288292,0.68085878,1,0
0.023564444,0.014122222,0.018766667,0.003617778,0.126953333,0.061135556,0.042513333,0.015597778,0.08936,0.100835556,0.008815556,0.028468889,3.33E-05,0.048348889,0.169266667,0.018297778,0.042133333,2018-03-04_17-25-20-50-W-B-delta.csv,0.003301503,0.18706268,0.783647712,9.855266275,0.298014183,1,57.8471223,0.471139412,1021,0.031953595,0.645566732,-2.550549346,1,0
0.3427,0.116777778,0.10718,0.073477778,1.030308889,2.196971111,0.035835556,0.811971111,0.568071111,1.321464444,0.209686667,0.709742222,0.089722222,0.123624444,0.713517778,0.568084444,0.19656,2018-03-04_17-26-05-379-W-B-epsilon.csv,0.023622567,0.314281221,0.542226314,57.53639076,0.002338847,1,71.37626939,44.20386797,1024,0.583464831,3.09964965,31.37228708,1,0
0.321952899,0.112063986,0.368435903,0.062979338,0.006671851,0.00101533,0.015836481,0.073257054,0.178360364,0.181712953,0.146374139,0.561626305,0.115834259,0.078602533,1.131115308,0.342663853,0.155249945,2018-03-04_17-37-48-342-W-B-beta.csv,0.659248906,1.517740524,1.141163013,31.30121712,3.42046704,0,61.51368469,11.40452509,1023,0.005390968,5.399239724,4.171634289,1,0
0.128697778,0.03872,0.161735556,0.066608889,1.059771111,0.295602222,0.103026667,0.783155556,1.716837778,1.29622,0.213366667,0.840891111,0.231546667,0.200571111,1.118517778,0.590537778,0.233773333,2018-03-04_17-40-24-748-W-B-gamma.csv,0.035120455,0.286487765,0.942320555,52.68465943,0.115012577,0,46.81672717,22.61842616,1020,0.025657028,15.01627942,10.16740192,1,0
0.177967118,0.093461453,0.207858254,0.082401689,0.791790713,0.304287936,0.073648078,0.549189069,1.510331038,1.002321706,0.170471006,0.747702733,0.180768718,0.159062431,1.161435237,0.815743168,0.266509665,2018-03-04_17-52-36-829-W-B-gamma.csv,0.093065517,0.473982978,1.477940084,52.38089927,0.085140522,0,45.02858537,17.49792759,1020,0.009957804,16.15546419,7.274613484,1,0
0.116477778,0.058655556,0.247948889,0.091293333,0.03698,0.218777778,0.066817778,0.345584444,0.232168889,0.13126,0.191384444,0.688188889,0.119564444,0.252986667,0.641702222,0.584097778,0.284844444,2018-03-04_17-52-53-448-W-B-alpha.csv,0.017641072,0.779754913,1.401496025,46.20340437,0.050044956,0,17.30863367,1.299734879,1022,1.429421961,26.81482697,-10.10734175,1,0
0.236283048,0.125872028,0.560533215,0.059313486,0.012439458,0.002457232,0.05802044,0.08651633,0.109560098,0.155883137,0.131788491,0.580973117,0.120344368,0.144834481,0.846107532,0.415425461,0.112843813,2018-03-04_18-05-46-288-W-B-beta.csv,0.256626707,0.192484368,0.937675162,22.66616165,4.001681189,0,68.01438233,5.121323218,1023,0.004861609,5.089156122,1.284157471,1,0
0.216749611,0.107796045,0.033217063,0.10064208,0.03556543,0.068953566,0.032510553,0.070455454,0.177471673,0.053554766,0.142183959,0.561804044,0.087151744,0.119146856,0.600806487,0.562475006,0.246020884,2018-03-04_18-06-42-851-W-B-alpha.csv,0.002629372,0.336309,1.355616869,40.95506805,0.088798639,0,16.74621746,3.067785164,1022,0.779586335,25.13963623,-1.605656422,1,0
0.274853333,0.131968889,0.08266,0.095706667,0.027651111,0.104155556,0.037497778,0.048971111,0.118391111,0.174511111,0.174897778,0.734822222,0.261682222,0.139284444,0.803653333,0.70078,0.248997778,2018-03-04_18-20-44-311-W-B-alpha.csv,0.03645857,1.425990139,2.236544704,38.90556297,0.099496707,0,15.53941652,0.601098217,1022,2.099064513,19.35886549,-9.059726571,1,0
0.281741835,0.09827816,0.170311042,0.118222617,1.009246834,0.431153077,0.074336814,0.772201733,1.748418129,0.925623195,0.213085981,0.936174184,0.181552988,0.141852922,1.298433681,0.761764052,0.255652077,2018-03-04_18-21-30-606-W-B-gamma.csv,0.688568748,0.914327034,2.308925259,61.47961074,0.139925768,0,43.538147,29.7327075,1020,0.131777433,14.03567497,16.56159016,1,0
0.33772495,0.141866252,0.118038214,0.099026883,0.805234392,1.627958232,0.085149967,0.975318818,0.422190624,1.259613419,0.233623639,0.639997778,0.112355032,0.184432348,0.715003333,0.569777827,0.279269051,2018-03-04_18-33-41-474-W-T-epsilon.csv,0.12112412,0.132592782,0.526811278,47.2253715,0.007575414,1,69.16539431,30.92571672,1024,0.831944314,5.218037065,19.58582568,1,1
0.305276605,0.241861809,0.293172628,0.087038436,0.386602977,0.108171517,0.105123306,0.441319707,0.995529882,1.007680515,0.251668518,0.628953566,0.117727172,0.191499667,1.37543657,0.890215508,0.321808487,2018-03-04_18-34-39-751-W-B-gamma.csv,0.139989975,0.865318972,1.982263503,52.05220934,0.032857182,0,45.61766863,13.14577508,1020,0.056967761,17.24112725,-0.393990745,1,0
0.302903799,0.202739391,0.277029549,0.12017996,0.086218618,0.500768718,0.078311486,0.214019107,0.173968007,0.202128416,0.175954232,0.759046879,0.120508776,0.107031771,0.708300378,0.658471451,0.360813153,2018-06-08_13-38-05-898-W-B-W-green.csv,0.036237127,1.658189288,0.810196259,14.66102151,0.331119554,1,82.24804922,5.397544719,1026,0.122975635,2.801764493,3.276560502,1,0
0.141555556,0.069971111,1.573777778,0.044142222,0.308484444,0.016106667,0.040613333,0.931577778,0.755593333,0.576695556,0.145753333,0.432333333,0.083364444,0.095322222,1.485477778,0.42928,0.412091111,2018-06-08_13-39-21-846-W-B-W-orange.csv,0.100250278,0.117888153,0.568485653,38.54460527,0.029804454,0,45.25640538,25.18195076,1028,0.172211925,2.973956353,18.94537812,1,0
0.311570762,0.090037769,0.087780493,0.053579205,0.574590091,0.959888914,0.070248834,0.69371473,0.580530993,0.252826039,0.259955565,0.771270829,0.135067763,0.165036659,0.9671984,0.867036214,0.461621862,2018-06-08_13-55-43-443-W-B-W-pink.csv,0.307121055,1.307171065,4.300588848,52.10619398,0.002359645,0,29.5943274,24.31156936,1029,0.025434982,6.273470073,13.94666873,1,0
0.196418574,0.112355032,0.339831149,0.098958009,0.092670518,0.460779827,0.117780493,0.213163741,0.13836703,0.219384581,0.290455454,0.909557876,0.094625639,0.117527216,0.542672739,0.582892691,0.324707843,2018-06-08_13-58-18-9-W-T-W-green.csv,0.093497239,1.717287489,0.670480311,19.78522115,0.155369325,1,81.52877373,9.929128841,1026,0.120481747,1.991628851,3.4722323,1,1
0.089800044,0.057053988,1.44879138,0.045225505,0.45651633,0.044561209,0.049844479,1.018566985,1.123801378,0.522206176,0.115454344,0.50875361,0.107900467,0.17353477,1.153112642,0.528762497,0.327347256,2018-06-08_14-09-16-969-W-B-W-orange.csv,0.234303634,0.155581393,1.191398105,30.31055531,0.230297304,0,47.0883567,12.35514367,1028,0.156603048,2.337780113,2.609182067,1,0
0.644330149,0.263423684,0.087851589,0.145692068,0.484232393,0.888198178,0.049373473,0.466507443,0.540919796,0.194812264,0.336807376,1.319724506,0.156291935,0.375712064,0.694656743,0.819469007,0.325803155,2018-06-08_14-11-38-545-W-T-W-pink.csv,0.503638782,0.997060681,3.846394764,64.49557032,0.308533287,0,21.88069688,29.76723844,1029,0.344831356,16.72631716,10.79578283,1,1
0.143223728,0.118555877,1.026063097,0.062890469,0.337942679,0.030033326,0.037176183,0.703768052,1.314361253,0.373974672,0.153448123,0.618464786,0.110699845,0.229031326,1.072959342,0.413270384,0.363192624,2018-06-08_14-27-12-890-W-T-W-orange.csv,0.388126944,0.1790682,0.591744657,34.79706605,0.099566932,0,45.97340728,18.0629695,1028,0.305987133,1.7741665,3.706986101,1,1
0.295134415,0.131466341,0.420319929,0.136602977,0.87638747,0.268411464,0.103054877,0.800919796,0.960062208,0.728451455,0.29335481,0.843572539,0.293497001,0.20665852,0.974194623,0.826074206,0.337327261,2018-06-08_14-31-20-150-W-B-W-red.csv,0.250309313,4.150896925,1.024913663,55.41390272,0.112767925,0,12.54770104,32.30818026,1025,0.133240171,5.090807026,9.130419064,1,0
0.492961564,0.254021329,0.083601422,0.066687403,0.557762719,0.735414352,0.069137969,0.710688736,0.740555432,0.288349256,0.172628305,0.682670518,0.150119973,0.20665852,1.722372806,0.910893135,0.54610531,2018-06-08_14-44-07-464-W-T-W-pink.csv,0.199866472,1.551843108,2.781821589,56.16990523,0.340180055,0,22.39037776,22.47662853,1029,0.101968025,14.12658085,6.975414561,1,1
0.1808487,0.045303266,0.68670962,0.029953344,0.669102422,0.078440347,0.058631415,1.266522995,1.381021995,0.450884248,0.145316596,0.648351477,0.110268829,0.09258387,1.330375472,0.474827816,0.235307709,2018-06-08_14-44-26-144-W-B-W-orange.csv,0.157758513,0.184332585,1.111275838,22.97154194,0.04104021,0,45.21120164,9.298896018,1028,0.469094351,2.226438084,-3.810325938,1,0
0.226713333,0.10962,0.540766667,0.145282222,0.095297778,0.859131111,0.183686667,0.22238,0.162784444,0.250437778,0.232171111,0.921733333,0.161904444,0.162204444,0.625124444,0.392946667,0.259522222,2018-06-08_14-59-15-472-W-B-W-green.csv,0.337704832,2.25006104,0.999990516,21.59886798,0.004955781,1,84.87332136,10.02474142,1026,0.301866965,2.226164529,2.634167611,1,0
0.172268385,0.064161298,0.14492335,0.076618529,0.44221062,0.140162186,0.074143524,0.263925794,0.350433237,1.315129971,0.153799156,0.65484559,0.218835814,0.268751389,0.5790491,0.6146012,0.467771606,2018-06-08_15-09-33-44-W-B-W-blue.csv,0.149011137,1.990198563,4.908281308,35.86018677,5.260852779,1,78.80965643,6.273199112,1027,0.009437373,1.680344949,0.60903676,1,0
0.384562222,0.219628889,0.858608889,0.179248889,0.736566667,0.513093333,0.105393333,0.830331111,0.851633333,0.732411111,0.257404444,0.670948889,0.215237778,0.178635556,0.93868,0.723448889,0.346277778,2018-06-08_15-22-30-837-W-B-W-red.csv,1.858426985,2.329641933,1.938641862,58.25241635,0.362827077,0,20.56881881,30.01958664,1025,1.326720732,7.062899448,14.33425702,1,0
0.413275556,0.175346667,0.222877778,0.099515556,0.4706,0.222604444,0.063651111,0.303228889,0.254802222,1.147817778,0.239184444,0.749264444,0.219426667,0.240762222,0.578566667,0.817515556,0.460215556,2018-06-08_15-22-36-67-W-B-W-blue.csv,0.113288165,1.512315447,4.310397839,39.27462989,2.556288258,1,81.86880605,6.36802651,1027,0.127857899,1.170189246,-5.104649913,1,0
0.183581426,0.085636525,0.376371917,0.113181515,0.166902911,0.823592535,0.126831815,0.305965341,0.279009109,0.423099311,0.379551211,0.951281937,0.159882248,0.232221729,0.79832926,0.513025994,0.309466785,2018-06-08_15-35-18-558-W-B-W-green.csv,0.243433131,3.655122939,1.138532265,23.30570151,0.015216014,1,85.99881091,11.49562096,1026,0.296152525,2.485337665,4.225935078,1,0
0.530530993,0.257002888,0.395814264,0.187067318,0.566447456,0.222672739,0.062803821,0.723003777,0.618244835,0.742281715,0.496227505,0.593092646,0.176178627,0.190204399,1.072988225,1.072841591,0.402626083,2018-06-08_15-35-59-88-W-B-W-red.csv,2.019784075,1.018306025,1.720157315,53.13012959,0.511255174,0,28.96459347,21.99252665,1025,1.062536042,7.396325555,7.162624729,1,0
0.372842222,0.13002,0.175357778,0.107786667,0.517388889,0.265453333,0.074366667,0.353146667,0.290244444,1.2997,0.155864444,0.683791111,0.181955556,0.181822222,0.418842222,0.501971111,0.46674,2018-06-08_15-49-48-161-W-B-W-blue.csv,0.018924435,0.665803065,3.422293954,34.67268871,2.310806567,1,78.33136868,8.158008152,1027,0.015913489,1.180064672,1.965236621,1,0
0.504092424,0.260262164,0.230146634,0.175296601,1.045052211,0.30789158,0.061159742,1.104423462,1.236947345,1.124476783,0.547251722,0.794116863,0.223994668,0.234294601,1.046178627,0.990868696,0.326996223,2018-06-08_15-51-08-556-W-B-W-red.csv,0.601453462,0.921334876,0.938032602,60.0597219,0.393904103,0,20.25355348,40.29147334,1025,0.447644532,6.151001877,25.29527435,1,0
0.254868889,0.153475556,0.055224444,0.066924444,0.646546667,0.784546667,0.076197778,0.690351111,0.670297778,0.265604444,0.191108889,0.835608889,0.147626667,0.241877778,1.411184444,0.873235556,0.330566667,2018-06-08_16-03-53-799-W-T-W-pink.csv,0.075104745,1.487494891,4.236992748,54.15046411,0.123692061,0,24.5725,22.73000992,1029,0.084894558,10.75303803,12.28117122,1,1
0.359662222,0.111308889,0.293106667,0.082342222,0.518364444,0.212866667,0.085871111,0.305966667,0.412371111,1.099811111,0.26588,0.888477778,0.225391111,0.401115556,0.466653333,0.607455556,0.505526667,2018-06-08_16-04-43-127-W-B-W-blue.csv,0.009966245,0.781307748,4.02622668,23.80434321,0.861120114,1,86.65335344,4.320764196,1027,0.0511628,0.815029922,-0.141018218,1,0
