,0
0,18_0_0_20170110232054251.jpg.chip
1,18_0_0_20170110232121048.jpg.chip
2,18_0_0_20170117140132816.jpg.chip
3,18_0_1_20170113132626633.jpg.chip
4,18_1_0_20170109213130477.jpg.chip
5,18_1_0_20170109213550274.jpg.chip
6,18_1_0_20170117140340105.jpg.chip
7,18_1_0_20170117140751537.jpg.chip
8,18_1_3_20170119155644533.jpg.chip
9,19_1_0_20170103201755639.jpg.chip
10,20_0_0_20170104230025073.jpg.chip
11,20_0_0_20170113132332102.jpg.chip
12,20_0_0_20170117003449983.jpg.chip
13,20_0_0_20170117140705537.jpg.chip
14,20_0_3_20170119151303902.jpg.chip
15,20_1_0_20170105183447816.jpg.chip
16,20_1_0_20170117133854316.jpg.chip
17,20_1_1_20170112231413086.jpg.chip
18,20_1_1_20170113005427278.jpg.chip
19,20_1_1_20170114030841465.jpg.chip
20,20_1_1_20170114031114934.jpg.chip
21,20_1_2_20170104015622356.jpg.chip
22,20_1_2_20170104020257804.jpg.chip
23,20_1_3_20170119153750257.jpg.chip
24,20_1_4_20170103212722908.jpg.chip
25,20_1_4_20170103224540624.jpg.chip
26,21_0_0_20170120134243735.jpg.chip
27,21_0_1_20170120133302908.jpg.chip
28,21_1_0_20170112233431458.jpg.chip
29,21_1_0_20170116215450607.jpg.chip
30,21_1_1_20170113005845999.jpg.chip
31,21_1_2_20170116163813584.jpg.chip
32,21_1_2_20170116171712885.jpg.chip
33,21_1_2_20170116175142157.jpg.chip
34,21_1_3_20170104222121713.jpg.chip
35,21_1_3_20170119154352346.jpg.chip
36,22_0_1_20170113132348359.jpg.chip
37,22_0_2_20170116162917882.jpg.chip
38,22_0_3_20170104230121056.jpg.chip
39,22_1_0_20170116220938702.jpg.chip
40,22_1_1_20170112192911566.jpg.chip
41,22_1_1_20170112233613616.jpg.chip
42,22_1_1_20170114025927882.jpg.chip
43,22_1_1_20170114031355312.jpg.chip
44,22_1_1_20170114033220857.jpg.chip
45,22_1_2_20170104022012028.jpg.chip
46,22_1_3_20170104222151616.jpg.chip
47,22_1_3_20170104231720114.jpg.chip
48,22_1_3_20170119163704869.jpg.chip
49,23_0_0_20170116221012037.jpg.chip
50,23_0_0_20170116221710870.jpg.chip
51,23_0_0_20170117144439657.jpg.chip
52,23_0_0_20170117144555155.jpg.chip
53,23_0_2_20170116172908582.jpg.chip
54,23_1_0_20170103180035647.jpg.chip
55,23_1_0_20170117144740562.jpg.chip
56,23_1_0_20170117145105755.jpg.chip
57,23_1_1_20170113010455151.jpg.chip
58,23_1_3_20170104231807345.jpg.chip
59,23_1_4_20161223230008236.jpg.chip
60,23_1_4_20170103224510895.jpg.chip
61,24_0_0_20170116222146786.jpg.chip
62,24_0_0_20170117194640228.jpg.chip
63,24_0_1_20170113134109338.jpg.chip
64,24_0_1_20170116002302626.jpg.chip
65,24_0_2_20170116163855503.jpg.chip
66,24_0_2_20170116170746007.jpg.chip
67,24_0_3_20170119150342598.jpg.chip
68,24_0_3_20170119165628798.jpg.chip
69,24_0_4_20170117194356247.jpg.chip
70,24_1_0_20170116220453857.jpg.chip
71,24_1_0_20170116222759439.jpg.chip
72,24_1_0_20170117150731090.jpg.chip
73,24_1_1_20170116164334832.jpg.chip
74,24_1_2_20170116161931674.jpg.chip
75,24_1_2_20170116165051346.jpg.chip
76,24_1_2_20170116170015633.jpg.chip
77,24_1_2_20170116173552106.jpg.chip
78,24_1_2_20170116174538267.jpg.chip
79,24_1_3_20170104231911026.jpg.chip
80,24_1_3_20170117145425107.jpg.chip
81,24_1_3_20170117150528724.jpg.chip
82,24_1_3_20170117150530668.jpg.chip
83,24_1_3_20170119165918215.jpg.chip
84,24_1_4_20170103233956963.jpg.chip
85,24_1_4_20170117145459404.jpg.chip
86,24_1_4_20170117194848067.jpg.chip
87,25_0_0_20170102233508810.jpg.chip
88,25_0_0_20170113181534141.jpg.chip
89,25_0_0_20170117193011274.jpg.chip
90,25_0_0_20170117195019627.jpg.chip
91,25_0_0_20170117195250189.jpg.chip
92,25_0_1_20170113134128353.jpg.chip
93,25_0_1_20170113145149676.jpg.chip
94,25_0_1_20170113151512351.jpg.chip
95,25_0_1_20170114032830907.jpg.chip
96,25_0_1_20170116002302626.jpg.chip
97,25_0_1_20170117195252189.jpg.chip
98,25_0_2_20161219193843611.jpg.chip
99,25_0_3_20170104214432805.jpg.chip
100,25_0_3_20170117135144679.jpg.chip
101,25_1_0_20170104022204452.jpg.chip
102,25_1_0_20170116165420657.jpg.chip
103,25_1_0_20170117134530533.jpg.chip
104,25_1_0_20170117135211463.jpg.chip
105,25_1_1_20170112205209506.jpg.chip
106,25_1_1_20170113183706142.jpg.chip
107,25_1_2_20170116174820922.jpg.chip
108,25_1_2_20170116175239383.jpg.chip
109,25_1_2_20170117022422149.jpg.chip
110,25_1_3_20170104222315121.jpg.chip
111,25_1_3_20170117180220918.jpg.chip
112,25_1_3_20170119154344723.jpg.chip
113,25_1_3_20170119171923120.jpg.chip
114,25_1_3_20170119172102729.jpg.chip
115,26_0_0_20170104194358449.jpg.chip
116,26_0_0_20170113210126348.jpg.chip
117,26_0_0_20170116181050820.jpg.chip
118,26_0_0_20170116193220165.jpg.chip
119,26_0_0_20170117152347004.jpg.chip
120,26_0_0_20170120134036223.jpg.chip
121,26_0_1_20170113134729040.jpg.chip
122,26_0_1_20170113151947665.jpg.chip
123,26_0_1_20170113154809050.jpg.chip
124,26_0_1_20170114033015053.jpg.chip
125,26_0_1_20170116030153348.jpg.chip
126,26_0_1_20170116182311719.jpg.chip
127,26_0_1_20170117091210764.jpg.chip
128,26_0_2_20170116175955916.jpg.chip
129,26_0_2_20170116181354956.jpg.chip
130,26_0_2_20170116182451477.jpg.chip
131,26_0_2_20170119180202654.jpg.chip
132,26_0_3_20170117154452224.jpg.chip
133,26_0_3_20170119162933629.jpg.chip
134,26_0_3_20170119180530883.jpg.chip
135,26_0_3_20170119183101318.jpg.chip
136,26_0_4_20170103235258756.jpg.chip
137,26_0_4_20170104165424576.jpg.chip
138,26_0_4_20170117152714787.jpg.chip
139,26_0_4_20170117153648990.jpg.chip
140,26_1_0_20170109134235854.jpg.chip
141,26_1_0_20170109141214949.jpg.chip
142,26_1_0_20170113000016345.jpg.chip
143,26_1_0_20170116180349689.jpg.chip
144,26_1_0_20170116192554607.jpg.chip
145,26_1_0_20170116224857470.jpg.chip
146,26_1_0_20170116235853558.jpg.chip
147,26_1_0_20170117105735230.jpg.chip
148,26_1_0_20170117173532444.jpg.chip
149,26_1_0_20170117173945869.jpg.chip
150,26_1_0_20170117175317465.jpg.chip
151,26_1_1_20170112213024014.jpg.chip
152,26_1_1_20170112230617333.jpg.chip
153,26_1_1_20170112235543761.jpg.chip
154,26_1_1_20170113011825553.jpg.chip
155,26_1_1_20170113012012655.jpg.chip
156,26_1_1_20170113134115794.jpg.chip
157,26_1_1_20170116024218334.jpg.chip
158,26_1_1_20170116160647680.jpg.chip
159,26_1_1_20170116164056356.jpg.chip
160,26_1_1_20170116184558816.jpg.chip
161,26_1_1_20170116223432216.jpg.chip
162,26_1_1_20170116234802444.jpg.chip
163,26_1_1_20170117003333387.jpg.chip
164,26_1_1_20170117134032319.jpg.chip
165,26_1_1_20170117183713316.jpg.chip
166,26_1_1_20170117183916995.jpg.chip
167,26_1_2_20170104022654101.jpg.chip
168,26_1_2_20170116175437182.jpg.chip
169,26_1_2_20170116180343830.jpg.chip
170,26_1_2_20170116180346479.jpg.chip
171,26_1_2_20170116180548534.jpg.chip
172,26_1_2_20170116180658254.jpg.chip
173,26_1_2_20170116184059994.jpg.chip
174,26_1_2_20170116184237219.jpg.chip
175,26_1_2_20170116184639426.jpg.chip
176,26_1_2_20170116184704425.jpg.chip
177,26_1_3_20170109133424931.jpg.chip
178,26_1_3_20170117153041485.jpg.chip
179,26_1_3_20170117153340356.jpg.chip
180,26_1_3_20170117174603671.jpg.chip
181,26_1_3_20170119180533644.jpg.chip
182,26_1_3_20170119180544051.jpg.chip
183,26_1_3_20170119192422098.jpg.chip
184,26_1_3_20170119192843266.jpg.chip
185,26_1_3_20170119193102258.jpg.chip
186,26_1_3_20170119193116354.jpg.chip
187,26_1_4_20170103225928346.jpg.chip
188,27_0_0_20170116205311022.jpg.chip
189,27_0_0_20170117012806890.jpg.chip
190,27_0_0_20170117013636316.jpg.chip
191,27_0_1_20170114031440930.jpg.chip
192,27_0_1_20170116030530533.jpg.chip
193,27_0_1_20170117134943088.jpg.chip
194,27_0_3_20170104214555317.jpg.chip
195,27_0_3_20170119193229322.jpg.chip
196,27_1_0_20170117120616194.jpg.chip
197,27_1_1_20170109131744869.jpg.chip
198,27_1_1_20170114030211993.jpg.chip
199,27_1_1_20170117175920069.jpg.chip
200,27_1_2_20170116163003893.jpg.chip
201,27_1_2_20170116163607756.jpg.chip
202,27_1_2_20170116163614840.jpg.chip
203,27_1_2_20170116171014589.jpg.chip
204,27_1_2_20170116190003226.jpg.chip
205,27_1_3_20170104223400455.jpg.chip
206,27_1_4_20170103210539730.jpg.chip
207,28_0_0_20170113132654464.jpg.chip
208,28_0_0_20170117021206167.jpg.chip
209,28_0_0_20170117202618479.jpg.chip
210,28_0_1_20170113195927894.jpg.chip
211,28_0_1_20170117020048217.jpg.chip
212,28_0_1_20170117020124788.jpg.chip
213,28_0_1_20170117020644358.jpg.chip
214,28_0_1_20170117202354238.jpg.chip
215,28_0_3_20170119163006483.jpg.chip
216,28_0_3_20170119164001559.jpg.chip
217,28_0_3_20170119194511483.jpg.chip
218,28_0_3_20170119194927291.jpg.chip
219,28_0_3_20170119194935202.jpg.chip
220,28_0_4_20170104201846426.jpg.chip
221,28_1_0_20170115235915388.jpg.chip
222,28_1_0_20170116213524092.jpg.chip
223,28_1_0_20170117122004211.jpg.chip
224,28_1_1_20170112233537928.jpg.chip
225,28_1_1_20170112234500344.jpg.chip
226,28_1_1_20170112234526480.jpg.chip
227,28_1_1_20170112235203401.jpg.chip
228,28_1_1_20170116164109844.jpg.chip
229,28_1_1_20170116170856613.jpg.chip
230,28_1_1_20170116171301974.jpg.chip
231,28_1_1_20170117022158414.jpg.chip
232,28_1_1_20170117190456347.jpg.chip
233,28_1_2_20170116171528109.jpg.chip
234,28_1_2_20170116190041109.jpg.chip
235,28_1_3_20170117184127794.jpg.chip
236,28_1_3_20170119195104372.jpg.chip
237,28_1_3_20170119195104970.jpg.chip
238,28_1_4_20170117202601469.jpg.chip
239,29_0_0_20170104230319649.jpg.chip
240,29_0_0_20170117180851443.jpg.chip
241,29_0_0_20170117180949666.jpg.chip
242,29_0_1_20170117094745480.jpg.chip
243,29_0_2_20170116172141170.jpg.chip
244,29_1_1_20170112210246493.jpg.chip
245,29_1_1_20170116010429516.jpg.chip
246,29_1_1_20170116231359922.jpg.chip
247,29_1_1_20170117165555736.jpg.chip
248,29_1_2_20170103181921865.jpg.chip
249,29_1_2_20170116192021943.jpg.chip
250,30_0_0_20170105164847516.jpg.chip
251,30_0_1_20170113195438285.jpg.chip
252,30_0_2_20170116173633448.jpg.chip
253,30_0_2_20170116173731692.jpg.chip
254,30_0_2_20170116223016131.jpg.chip
255,30_0_2_20170117134906136.jpg.chip
256,30_1_0_20170117135309423.jpg.chip
257,30_1_0_20170117135748734.jpg.chip
258,30_1_0_20170117144819225.jpg.chip
259,30_1_0_20170117150931275.jpg.chip
260,30_1_0_20170117171606522.jpg.chip
261,30_1_1_20170112210943668.jpg.chip
262,30_1_1_20170116160241839.jpg.chip
263,30_1_1_20170117123854164.jpg.chip
264,30_1_2_20170116164657011.jpg.chip
265,30_1_2_20170116164737724.jpg.chip
266,30_1_2_20170116191207397.jpg.chip
267,30_1_3_20170104232927250.jpg.chip
268,31_0_0_20170116182436465.jpg.chip
269,31_0_0_20170116191348943.jpg.chip
270,31_0_0_20170117120944631.jpg.chip
271,31_0_1_20170113134750410.jpg.chip
272,31_0_1_20170117134930189.jpg.chip
273,31_1_0_20170119150929511.jpg.chip
274,31_1_1_20170116154733116.jpg.chip
275,31_1_1_20170116155750618.jpg.chip
276,31_1_1_20170116231912509.jpg.chip
277,31_1_1_20170117005813452.jpg.chip
278,31_1_1_20170117135046063.jpg.chip
279,31_1_2_20170104023111549.jpg.chip
280,31_1_2_20170105161436755.jpg.chip
281,31_1_3_20170119200201348.jpg.chip
282,31_1_4_20170112235052769.jpg.chip
283,32_0_0_20170116205924224.jpg.chip
284,32_0_0_20170116213549300.jpg.chip
285,32_0_0_20170117120556801.jpg.chip
286,32_0_1_20170113134657712.jpg.chip
287,32_0_1_20170113135620561.jpg.chip
288,32_0_1_20170113145215078.jpg.chip
289,32_0_3_20170104232607114.jpg.chip
290,32_1_0_20170108224936101.jpg.chip
291,32_1_0_20170117134818845.jpg.chip
292,32_1_1_20170116160935586.jpg.chip
293,32_1_2_20170116190141356.jpg.chip
294,32_1_3_20170119200439598.jpg.chip
295,32_1_4_20170117203133752.jpg.chip
296,33_0_0_20170117155210391.jpg.chip
297,33_1_0_20170105003407044.jpg.chip
298,33_1_1_20170113161351324.jpg.chip
299,34_0_1_20170116204949668.jpg.chip
300,34_0_3_20170119165755400.jpg.chip
301,34_0_3_20170119181337573.jpg.chip
302,34_0_3_20170119195442526.jpg.chip
303,34_1_1_20170113011657832.jpg.chip
304,34_1_1_20170116234705929.jpg.chip
305,35_0_0_20170113142115723.jpg.chip
306,35_0_0_20170113142125523.jpg.chip
307,35_0_0_20170117121643525.jpg.chip
308,35_0_0_20170117130506374.jpg.chip
309,35_0_0_20170117175811427.jpg.chip
310,35_0_0_20170117190418977.jpg.chip
311,35_0_0_20170117204518056.jpg.chip
312,35_0_1_20170113183124869.jpg.chip
313,35_0_2_20170112215010390.jpg.chip
314,35_0_2_20170116175138888.jpg.chip
315,35_0_2_20170116182409965.jpg.chip
316,35_0_3_20170104214246948.jpg.chip
317,35_0_3_20170104230642411.jpg.chip
318,35_0_3_20170119201245052.jpg.chip
319,35_0_4_20170117174212110.jpg.chip
320,35_1_0_20170105162358962.jpg.chip
321,35_1_0_20170114033327130.jpg.chip
322,35_1_0_20170117135348429.jpg.chip
323,35_1_0_20170117144916091.jpg.chip
324,35_1_0_20170117183029095.jpg.chip
325,35_1_0_20170117185628434.jpg.chip
326,35_1_1_20170113001619378.jpg.chip
327,35_1_1_20170113005402981.jpg.chip
328,35_1_2_20170116191843657.jpg.chip
329,35_1_3_20170104214457383.jpg.chip
330,35_1_3_20170117183036190.jpg.chip
331,35_1_3_20170119201543070.jpg.chip
332,35_1_4_20170117203828719.jpg.chip
333,36_0_1_20170113151003293.jpg.chip
334,36_0_1_20170116191931354.jpg.chip
335,36_0_1_20170116203518157.jpg.chip
336,36_0_1_20170117135448300.jpg.chip
337,36_0_1_20170117163447723.jpg.chip
338,36_0_3_20170104220654654.jpg.chip
339,36_0_3_20170109140426932.jpg.chip
340,36_1_0_20170117091529401.jpg.chip
341,36_1_1_20170112224139515.jpg.chip
342,36_1_1_20170112231430536.jpg.chip
343,36_1_1_20170113012408913.jpg.chip
344,36_1_1_20170116011443442.jpg.chip
345,37_0_0_20170117140050797.jpg.chip
346,37_0_0_20170117171523531.jpg.chip
347,37_0_1_20170116030128110.jpg.chip
348,37_0_1_20170117164514945.jpg.chip
349,37_0_2_20170116192009515.jpg.chip
350,37_0_2_20170116192050747.jpg.chip
351,37_0_3_20170120221511381.jpg.chip
352,37_1_0_20170109142928166.jpg.chip
353,38_0_0_20170117091005107.jpg.chip
354,38_0_1_20170113183109470.jpg.chip
355,38_0_1_20170116200942002.jpg.chip
356,38_0_2_20170105170207172.jpg.chip
357,38_0_4_20170117151031427.jpg.chip
358,38_1_0_20170103181104225.jpg.chip
359,38_1_0_20170104201451243.jpg.chip
360,38_1_0_20170117184855295.jpg.chip
361,39_0_0_20170117181222276.jpg.chip
362,39_0_1_20170113141736403.jpg.chip
363,39_1_1_20170116021758628.jpg.chip
364,39_1_1_20170116165532163.jpg.chip
365,40_0_0_20170113184131287.jpg.chip
366,40_0_0_20170116210116677.jpg.chip
367,40_0_0_20170117171106050.jpg.chip
368,40_0_0_20170120220126473.jpg.chip
369,40_0_4_20170104201550378.jpg.chip
370,40_1_0_20170105172407051.jpg.chip
371,40_1_0_20170108234357077.jpg.chip
372,40_1_0_20170117143211602.jpg.chip
373,40_1_1_20170116231247019.jpg.chip
374,40_1_2_20170116222648635.jpg.chip
375,40_1_4_20170103230416025.jpg.chip
376,41_0_0_20170117133145780.jpg.chip
377,41_0_0_20170117185342291.jpg.chip
378,41_0_4_20170117022116049.jpg.chip
379,41_1_3_20170104235812019.jpg.chip
380,42_0_0_20170116224637121.jpg.chip
381,42_0_1_20170113155055273.jpg.chip
382,42_0_1_20170113174159700.jpg.chip
383,42_0_3_20170117175439914.jpg.chip
384,42_0_3_20170119204447575.jpg.chip
385,42_0_4_20170117185614642.jpg.chip
386,42_1_1_20170113011527191.jpg.chip
387,42_1_1_20170113012041287.jpg.chip
388,42_1_1_20170116021841454.jpg.chip
389,43_0_0_20170113181351741.jpg.chip
390,43_1_0_20170119204611182.jpg.chip
391,43_1_1_20170117010132729.jpg.chip
392,44_0_0_20170113210319338.jpg.chip
393,44_0_1_20170113185004294.jpg.chip
394,44_0_2_20170107213715065.jpg.chip
395,44_0_4_20170117204035832.jpg.chip
396,44_1_3_20170119164705141.jpg.chip
397,45_0_0_20170104172836234.jpg.chip
398,45_0_0_20170116203604318.jpg.chip
399,45_0_0_20170120221508470.jpg.chip
400,45_0_1_20170116191630240.jpg.chip
401,45_0_1_20170117172020917.jpg.chip
402,45_0_1_20170117181136802.jpg.chip
403,45_0_1_20170117204117178.jpg.chip
404,45_0_3_20170119204725919.jpg.chip
405,45_1_3_20170119171447928.jpg.chip
406,46_0_0_20170104203859666.jpg.chip
407,46_1_0_20170104171626722.jpg.chip
408,47_0_3_20170116025923457.jpg.chip
409,47_1_4_20170103234719420.jpg.chip
410,48_0_0_20170117121812224.jpg.chip
411,48_1_0_20170105000634011.jpg.chip
412,48_1_0_20170117003356908.jpg.chip
413,48_1_0_20170120222703841.jpg.chip
414,49_0_0_20170109001612820.jpg.chip
415,49_1_3_20170109132625049.jpg.chip
416,49_1_3_20170109142436892.jpg.chip
417,50_0_0_20170104213122948.jpg.chip
418,50_0_0_20170111200954229.jpg.chip
419,50_0_0_20170117180346013.jpg.chip
420,50_0_0_20170120220738491.jpg.chip
421,50_0_1_20170111204143668.jpg.chip
422,50_0_2_20170104212145355.jpg.chip
423,50_0_2_20170116172953191.jpg.chip
424,50_1_0_20170109012257664.jpg.chip
425,50_1_0_20170110151412371.jpg.chip
426,50_1_0_20170113000711114.jpg.chip
