,FAST_rating,x_0,y_0,x_1,y_1,x_2,y_2,x_3,y_3,x_4,y_4,x_5,y_5,x_6,y_6,x_7,y_7,x_8,y_8,x_9,y_9,x_10,y_10,x_11,y_11,x_12,y_12,x_13,y_13,x_14,y_14,x_15,y_15,x_16,y_16,x_17,y_17,x_18,y_18,x_19,y_19,x_20,y_20,x_21,y_21,x_22,y_22,x_23,y_23,x_24,y_24,x_25,y_25,x_26,y_26,x_27,y_27,x_28,y_28,x_29,y_29,x_30,y_30,x_31,y_31,x_32,y_32,x_33,y_33,x_34,y_34,x_35,y_35,x_36,y_36,x_37,y_37,x_38,y_38,x_39,y_39,x_40,y_40,x_41,y_41,x_42,y_42,x_43,y_43,x_44,y_44,x_45,y_45,x_46,y_46,x_47,y_47,x_48,y_48,x_49,y_49,x_50,y_50,x_51,y_51,x_52,y_52,x_53,y_53,x_54,y_54,x_55,y_55,x_56,y_56,x_57,y_57,x_58,y_58,x_59,y_59,x_60,y_60,x_61,y_61,x_62,y_62,x_63,y_63,x_64,y_64,x_65,y_65,x_66,y_66,x_67,y_67
http://snapdocket.com/fast/18_0_3_20170119151213151.jpg.chip.jpg,1.75,10.0,61.0,11.0,82.0,15.0,102.0,18.0,122.0,24.0,142.0,35.0,161.0,51.0,177.0,70.0,188.0,93.0,192.0,116.0,189.0,134.0,178.0,148.0,164.0,159.0,147.0,166.0,128.0,170.0,107.0,174.0,88.0,176.0,67.0,20.0,48.0,31.0,38.0,49.0,35.0,66.0,37.0,82.0,43.0,113.0,44.0,129.0,39.0,145.0,36.0,161.0,38.0,172.0,48.0,96.0,61.0,95.0,76.0,95.0,91.0,94.0,106.0,75.0,113.0,84.0,116.0,94.0,119.0,104.0,116.0,112.0,113.0,39.0,62.0,48.0,55.0,61.0,56.0,70.0,63.0,60.0,65.0,48.0,65.0,120.0,64.0,130.0,56.0,143.0,55.0,153.0,61.0,144.0,66.0,132.0,66.0,57.0,138.0,69.0,134.0,82.0,133.0,92.0,135.0,102.0,133.0,115.0,135.0,128.0,138.0,115.0,148.0,103.0,152.0,92.0,153.0,82.0,152.0,69.0,147.0,62.0,138.0,82.0,140.0,92.0,141.0,102.0,140.0,121.0,139.0,103.0,141.0,92.0,142.0,82.0,141.0
http://snapdocket.com/fast/18_1_3_20170117135709510.jpg.chip.jpg,5.0,-14.0,52.0,-14.0,81.0,-11.0,111.0,-5.0,138.0,6.0,162.0,26.0,180.0,50.0,193.0,73.0,202.0,95.0,202.0,113.0,192.0,124.0,172.0,136.0,154.0,149.0,137.0,160.0,118.0,166.0,100.0,168.0,81.0,167.0,61.0,18.0,40.0,34.0,33.0,54.0,30.0,73.0,33.0,90.0,41.0,122.0,42.0,135.0,35.0,147.0,32.0,158.0,31.0,166.0,38.0,106.0,60.0,108.0,77.0,111.0,95.0,114.0,112.0,84.0,116.0,95.0,121.0,106.0,125.0,116.0,121.0,122.0,116.0,37.0,58.0,50.0,52.0,64.0,54.0,75.0,63.0,63.0,64.0,49.0,64.0,117.0,62.0,128.0,52.0,141.0,52.0,149.0,57.0,142.0,63.0,130.0,64.0,47.0,134.0,69.0,130.0,89.0,130.0,100.0,132.0,111.0,130.0,120.0,129.0,127.0,130.0,119.0,148.0,110.0,160.0,98.0,162.0,86.0,162.0,67.0,153.0,52.0,135.0,89.0,137.0,100.0,137.0,110.0,135.0,121.0,133.0,110.0,147.0,99.0,151.0,88.0,150.0
http://snapdocket.com/fast/20_0_3_20170113133050904.jpg.chip.jpg,1.6,46.0,69.0,44.0,86.0,45.0,105.0,50.0,122.0,57.0,140.0,65.0,159.0,74.0,177.0,86.0,192.0,104.0,197.0,127.0,195.0,151.0,187.0,173.0,175.0,191.0,158.0,200.0,136.0,203.0,111.0,204.0,86.0,203.0,61.0,47.0,43.0,54.0,36.0,63.0,35.0,74.0,37.0,83.0,42.0,102.0,39.0,116.0,31.0,132.0,28.0,149.0,29.0,165.0,34.0,93.0,57.0,91.0,71.0,88.0,85.0,86.0,100.0,79.0,113.0,85.0,116.0,92.0,117.0,102.0,114.0,111.0,111.0,58.0,59.0,63.0,51.0,73.0,51.0,82.0,61.0,73.0,63.0,63.0,63.0,123.0,57.0,131.0,47.0,142.0,46.0,152.0,52.0,144.0,58.0,132.0,58.0,76.0,146.0,79.0,138.0,86.0,132.0,94.0,134.0,101.0,131.0,116.0,134.0,131.0,141.0,119.0,152.0,106.0,157.0,97.0,158.0,90.0,158.0,82.0,154.0,79.0,145.0,88.0,142.0,95.0,142.0,103.0,141.0,126.0,141.0,104.0,143.0,96.0,144.0,88.0,144.0
http://snapdocket.com/fast/21_1_3_20170119154311378.jpg.chip.jpg,2.8,0.0,68.0,0.0,91.0,0.0,115.0,3.0,138.0,13.0,157.0,31.0,174.0,52.0,186.0,74.0,197.0,97.0,201.0,118.0,197.0,136.0,187.0,154.0,175.0,166.0,158.0,173.0,138.0,176.0,116.0,178.0,94.0,179.0,71.0,25.0,46.0,38.0,36.0,55.0,32.0,73.0,32.0,88.0,36.0,115.0,36.0,131.0,31.0,146.0,31.0,161.0,38.0,169.0,50.0,100.0,58.0,100.0,71.0,101.0,84.0,102.0,96.0,81.0,111.0,90.0,113.0,98.0,116.0,106.0,113.0,114.0,111.0,42.0,60.0,53.0,53.0,65.0,53.0,75.0,62.0,65.0,65.0,52.0,65.0,119.0,64.0,130.0,54.0,142.0,54.0,151.0,61.0,143.0,66.0,131.0,66.0,64.0,142.0,78.0,134.0,90.0,129.0,98.0,132.0,107.0,129.0,120.0,135.0,131.0,143.0,119.0,150.0,108.0,153.0,99.0,154.0,90.0,153.0,78.0,149.0,69.0,142.0,90.0,141.0,98.0,141.0,107.0,141.0,126.0,143.0,108.0,140.0,98.0,141.0,90.0,140.0
http://snapdocket.com/fast/22_0_1_20170113193211629.jpg.chip.jpg,0.8,0.0,62.0,0.0,86.0,2.0,109.0,6.0,132.0,16.0,153.0,32.0,170.0,52.0,183.0,74.0,193.0,97.0,197.0,119.0,194.0,138.0,183.0,154.0,170.0,166.0,153.0,173.0,133.0,175.0,112.0,175.0,91.0,174.0,70.0,20.0,47.0,33.0,36.0,50.0,32.0,67.0,35.0,83.0,41.0,113.0,43.0,128.0,38.0,144.0,37.0,158.0,42.0,166.0,53.0,100.0,59.0,101.0,72.0,102.0,85.0,103.0,98.0,77.0,106.0,88.0,110.0,100.0,114.0,111.0,111.0,120.0,108.0,40.0,60.0,51.0,56.0,62.0,57.0,72.0,63.0,61.0,63.0,50.0,62.0,119.0,65.0,130.0,60.0,140.0,61.0,150.0,65.0,141.0,66.0,130.0,66.0,57.0,131.0,73.0,124.0,89.0,123.0,99.0,125.0,110.0,123.0,125.0,125.0,137.0,132.0,125.0,148.0,111.0,155.0,99.0,156.0,88.0,154.0,71.0,147.0,62.0,132.0,89.0,130.0,99.0,132.0,110.0,131.0,132.0,132.0,111.0,143.0,99.0,144.0,88.0,143.0
http://snapdocket.com/fast/22_1_0_20170117141120129.jpg.chip.jpg,5.8,0.0,56.0,1.0,80.0,5.0,103.0,12.0,125.0,23.0,144.0,37.0,161.0,52.0,176.0,72.0,185.0,92.0,187.0,109.0,182.0,122.0,169.0,132.0,152.0,142.0,135.0,149.0,116.0,156.0,98.0,159.0,78.0,159.0,59.0,22.0,31.0,36.0,24.0,53.0,22.0,70.0,25.0,84.0,33.0,121.0,34.0,132.0,28.0,143.0,25.0,154.0,24.0,162.0,30.0,103.0,56.0,104.0,73.0,105.0,89.0,107.0,105.0,85.0,113.0,94.0,116.0,103.0,119.0,111.0,117.0,117.0,113.0,41.0,56.0,53.0,50.0,66.0,50.0,76.0,61.0,65.0,63.0,51.0,62.0,118.0,61.0,128.0,51.0,140.0,50.0,148.0,56.0,141.0,63.0,130.0,63.0,65.0,139.0,81.0,136.0,94.0,133.0,102.0,135.0,109.0,133.0,117.0,135.0,125.0,138.0,117.0,147.0,109.0,152.0,101.0,154.0,92.0,154.0,80.0,149.0,71.0,140.0,93.0,142.0,101.0,143.0,109.0,142.0,119.0,139.0,109.0,140.0,101.0,142.0,93.0,142.0
http://snapdocket.com/fast/23_0_0_20170117144116074.jpg.chip.jpg,0.4,22.0,61.0,23.0,84.0,26.0,106.0,31.0,127.0,38.0,147.0,49.0,166.0,62.0,181.0,80.0,194.0,101.0,198.0,125.0,197.0,149.0,186.0,170.0,172.0,185.0,153.0,195.0,130.0,199.0,105.0,200.0,78.0,200.0,51.0,28.0,43.0,36.0,30.0,51.0,27.0,67.0,30.0,82.0,37.0,109.0,36.0,126.0,29.0,144.0,25.0,161.0,27.0,175.0,36.0,95.0,55.0,94.0,71.0,92.0,87.0,91.0,103.0,79.0,115.0,87.0,118.0,94.0,120.0,104.0,117.0,113.0,115.0,46.0,60.0,55.0,55.0,66.0,54.0,77.0,60.0,66.0,63.0,55.0,64.0,124.0,58.0,133.0,52.0,145.0,53.0,154.0,57.0,145.0,62.0,134.0,62.0,69.0,139.0,79.0,134.0,89.0,132.0,97.0,134.0,106.0,132.0,119.0,134.0,134.0,138.0,119.0,145.0,107.0,148.0,98.0,149.0,90.0,149.0,81.0,147.0,74.0,139.0,89.0,139.0,97.0,140.0,106.0,139.0,129.0,138.0,106.0,138.0,97.0,139.0,89.0,138.0
http://snapdocket.com/fast/24_0_2_20170116165047009.jpg.chip.jpg,2.8,24.0,65.0,24.0,85.0,27.0,105.0,31.0,125.0,38.0,144.0,49.0,162.0,62.0,179.0,79.0,194.0,100.0,199.0,122.0,195.0,141.0,183.0,157.0,166.0,170.0,148.0,179.0,129.0,184.0,107.0,188.0,85.0,191.0,62.0,33.0,49.0,42.0,41.0,55.0,39.0,68.0,40.0,80.0,45.0,113.0,42.0,128.0,36.0,144.0,33.0,160.0,35.0,173.0,43.0,97.0,58.0,96.0,75.0,95.0,91.0,94.0,109.0,80.0,114.0,87.0,118.0,96.0,121.0,105.0,118.0,113.0,114.0,48.0,61.0,56.0,56.0,67.0,56.0,76.0,63.0,66.0,63.0,56.0,63.0,123.0,62.0,133.0,56.0,144.0,55.0,152.0,60.0,144.0,62.0,134.0,63.0,64.0,134.0,75.0,133.0,87.0,133.0,97.0,135.0,107.0,133.0,123.0,133.0,139.0,134.0,124.0,153.0,108.0,160.0,98.0,161.0,87.0,160.0,74.0,151.0,68.0,136.0,87.0,137.0,97.0,139.0,107.0,137.0,135.0,135.0,108.0,151.0,98.0,152.0,88.0,150.0
http://snapdocket.com/fast/24_1_2_20170116173444326.jpg.chip.jpg,5.4,20.0,73.0,21.0,96.0,25.0,117.0,29.0,139.0,36.0,159.0,48.0,175.0,64.0,188.0,83.0,195.0,104.0,196.0,124.0,189.0,145.0,180.0,163.0,167.0,177.0,152.0,185.0,133.0,189.0,112.0,192.0,90.0,194.0,68.0,25.0,47.0,34.0,34.0,49.0,29.0,65.0,29.0,80.0,33.0,115.0,30.0,131.0,23.0,149.0,21.0,166.0,26.0,178.0,38.0,97.0,55.0,96.0,70.0,96.0,85.0,95.0,100.0,80.0,112.0,88.0,114.0,96.0,115.0,105.0,113.0,113.0,111.0,42.0,66.0,52.0,59.0,64.0,59.0,74.0,66.0,64.0,68.0,52.0,68.0,126.0,63.0,137.0,55.0,149.0,55.0,159.0,60.0,150.0,64.0,138.0,64.0,63.0,140.0,76.0,132.0,88.0,128.0,97.0,130.0,106.0,127.0,119.0,131.0,134.0,136.0,121.0,149.0,107.0,155.0,98.0,156.0,88.0,155.0,76.0,151.0,69.0,140.0,89.0,140.0,97.0,140.0,106.0,139.0,128.0,138.0,107.0,141.0,97.0,142.0,89.0,142.0
http://snapdocket.com/fast/24_1_2_20170116174612535.jpg.chip.jpg,5.2,37.0,61.0,37.0,81.0,41.0,99.0,48.0,116.0,58.0,134.0,69.0,151.0,80.0,167.0,91.0,183.0,106.0,190.0,126.0,189.0,147.0,178.0,166.0,164.0,182.0,147.0,193.0,126.0,197.0,101.0,197.0,75.0,197.0,50.0,36.0,43.0,43.0,35.0,55.0,35.0,68.0,38.0,80.0,44.0,105.0,41.0,122.0,32.0,140.0,29.0,157.0,31.0,172.0,39.0,93.0,59.0,92.0,75.0,91.0,91.0,89.0,107.0,80.0,115.0,87.0,119.0,94.0,122.0,103.0,119.0,111.0,116.0,49.0,56.0,57.0,51.0,69.0,51.0,79.0,61.0,67.0,62.0,56.0,61.0,120.0,60.0,130.0,50.0,142.0,49.0,154.0,55.0,144.0,61.0,131.0,62.0,76.0,135.0,82.0,133.0,89.0,133.0,97.0,136.0,104.0,133.0,118.0,136.0,134.0,139.0,120.0,153.0,107.0,158.0,98.0,158.0,90.0,156.0,83.0,148.0,81.0,137.0,90.0,140.0,97.0,142.0,105.0,142.0,130.0,140.0,106.0,145.0,98.0,144.0,90.0,142.0
http://snapdocket.com/fast/24_1_3_20170109132425493.jpg.chip.jpg,4.0,-12.0,64.0,-12.0,89.0,-9.0,114.0,-6.0,139.0,4.0,161.0,22.0,179.0,44.0,190.0,67.0,197.0,89.0,200.0,108.0,194.0,123.0,180.0,137.0,163.0,149.0,145.0,156.0,125.0,161.0,106.0,161.0,87.0,159.0,67.0,17.0,45.0,33.0,34.0,53.0,30.0,74.0,33.0,92.0,39.0,111.0,40.0,123.0,34.0,136.0,32.0,149.0,34.0,154.0,45.0,104.0,57.0,106.0,70.0,109.0,84.0,112.0,97.0,85.0,111.0,95.0,114.0,105.0,117.0,113.0,115.0,120.0,113.0,39.0,57.0,52.0,52.0,64.0,51.0,73.0,60.0,63.0,61.0,51.0,61.0,116.0,62.0,126.0,55.0,136.0,55.0,142.0,62.0,137.0,64.0,127.0,64.0,55.0,137.0,76.0,133.0,94.0,131.0,101.0,134.0,109.0,133.0,117.0,137.0,123.0,143.0,113.0,152.0,104.0,155.0,95.0,156.0,87.0,154.0,72.0,148.0,61.0,138.0,92.0,141.0,100.0,143.0,108.0,143.0,117.0,144.0,105.0,144.0,97.0,144.0,89.0,143.0
http://snapdocket.com/fast/24_1_4_20170103230137338.jpg.chip.jpg,5.2,43.0,53.0,42.0,74.0,45.0,93.0,51.0,113.0,59.0,132.0,70.0,150.0,80.0,167.0,91.0,184.0,109.0,188.0,131.0,185.0,153.0,173.0,173.0,157.0,190.0,137.0,200.0,114.0,203.0,88.0,203.0,61.0,203.0,35.0,38.0,34.0,44.0,27.0,54.0,30.0,65.0,36.0,76.0,43.0,105.0,41.0,121.0,33.0,137.0,26.0,155.0,26.0,170.0,32.0,92.0,61.0,92.0,76.0,90.0,92.0,89.0,108.0,80.0,116.0,86.0,119.0,94.0,121.0,102.0,118.0,111.0,116.0,51.0,55.0,58.0,50.0,70.0,51.0,80.0,61.0,68.0,63.0,57.0,62.0,120.0,61.0,130.0,51.0,142.0,49.0,154.0,54.0,145.0,62.0,132.0,63.0,72.0,134.0,79.0,132.0,88.0,132.0,96.0,135.0,105.0,133.0,121.0,134.0,138.0,134.0,122.0,152.0,107.0,159.0,97.0,159.0,89.0,157.0,79.0,150.0,77.0,137.0,89.0,141.0,97.0,142.0,106.0,141.0,132.0,136.0,105.0,142.0,96.0,142.0,88.0,141.0
http://snapdocket.com/fast/25_0_0_20170116001254628.jpg.chip.jpg,1.0,37.0,64.0,38.0,84.0,41.0,104.0,47.0,125.0,53.0,145.0,63.0,164.0,74.0,183.0,86.0,198.0,104.0,203.0,123.0,200.0,141.0,188.0,156.0,170.0,170.0,151.0,179.0,130.0,185.0,107.0,188.0,84.0,189.0,61.0,42.0,46.0,49.0,37.0,60.0,34.0,73.0,34.0,85.0,38.0,102.0,37.0,118.0,33.0,135.0,33.0,150.0,37.0,162.0,46.0,96.0,56.0,95.0,71.0,94.0,86.0,94.0,101.0,82.0,112.0,88.0,115.0,96.0,118.0,104.0,116.0,111.0,114.0,55.0,56.0,62.0,48.0,73.0,48.0,81.0,59.0,72.0,61.0,61.0,61.0,117.0,59.0,126.0,48.0,138.0,48.0,146.0,56.0,139.0,61.0,128.0,61.0,77.0,147.0,82.0,137.0,90.0,132.0,96.0,134.0,104.0,133.0,117.0,139.0,127.0,149.0,118.0,163.0,106.0,168.0,97.0,168.0,90.0,167.0,82.0,160.0,81.0,147.0,90.0,141.0,97.0,142.0,105.0,142.0,122.0,149.0,105.0,155.0,96.0,155.0,90.0,154.0
http://snapdocket.com/fast/25_0_0_20170117191222353.jpg.chip.jpg,1.2,7.0,56.0,9.0,80.0,12.0,104.0,15.0,127.0,22.0,149.0,36.0,168.0,53.0,185.0,73.0,199.0,97.0,202.0,122.0,199.0,143.0,186.0,161.0,170.0,175.0,151.0,181.0,129.0,183.0,105.0,186.0,82.0,190.0,58.0,19.0,48.0,30.0,35.0,47.0,30.0,64.0,32.0,81.0,39.0,115.0,41.0,133.0,34.0,151.0,33.0,168.0,38.0,178.0,52.0,98.0,58.0,97.0,73.0,97.0,87.0,97.0,103.0,79.0,110.0,88.0,114.0,97.0,117.0,107.0,114.0,115.0,111.0,43.0,60.0,52.0,55.0,64.0,55.0,73.0,61.0,63.0,64.0,52.0,64.0,122.0,63.0,132.0,57.0,143.0,57.0,153.0,62.0,144.0,65.0,133.0,65.0,59.0,135.0,74.0,132.0,88.0,132.0,98.0,134.0,108.0,132.0,123.0,133.0,138.0,136.0,124.0,152.0,109.0,158.0,98.0,158.0,87.0,157.0,73.0,151.0,65.0,137.0,88.0,139.0,98.0,140.0,109.0,139.0,132.0,138.0,109.0,148.0,98.0,149.0,87.0,148.0
http://snapdocket.com/fast/25_0_0_20170119171125583.jpg.chip.jpg,1.2,14.0,49.0,14.0,73.0,16.0,97.0,20.0,120.0,29.0,141.0,43.0,162.0,59.0,180.0,79.0,194.0,102.0,197.0,124.0,192.0,142.0,178.0,157.0,161.0,169.0,143.0,176.0,122.0,180.0,102.0,183.0,80.0,185.0,58.0,30.0,40.0,40.0,29.0,57.0,27.0,73.0,32.0,88.0,40.0,110.0,42.0,127.0,37.0,144.0,35.0,160.0,39.0,170.0,50.0,99.0,56.0,99.0,71.0,98.0,87.0,98.0,102.0,81.0,111.0,89.0,114.0,97.0,116.0,106.0,114.0,113.0,112.0,47.0,55.0,56.0,52.0,66.0,53.0,77.0,58.0,65.0,60.0,55.0,59.0,119.0,60.0,129.0,55.0,140.0,56.0,150.0,59.0,140.0,62.0,130.0,62.0,67.0,140.0,79.0,136.0,90.0,134.0,98.0,136.0,108.0,134.0,120.0,135.0,131.0,139.0,121.0,147.0,109.0,150.0,99.0,151.0,90.0,150.0,79.0,147.0,72.0,139.0,89.0,139.0,98.0,141.0,108.0,139.0,127.0,138.0,109.0,140.0,99.0,141.0,90.0,140.0
http://snapdocket.com/fast/25_1_2_20170116165425465.jpg.chip.jpg,5.6,13.0,87.0,13.0,108.0,16.0,129.0,20.0,150.0,26.0,170.0,38.0,187.0,57.0,198.0,79.0,201.0,104.0,201.0,129.0,199.0,152.0,193.0,170.0,181.0,184.0,164.0,190.0,144.0,194.0,122.0,196.0,100.0,197.0,80.0,26.0,47.0,36.0,34.0,51.0,29.0,67.0,28.0,83.0,33.0,110.0,30.0,126.0,25.0,143.0,25.0,160.0,30.0,172.0,40.0,97.0,55.0,97.0,65.0,96.0,76.0,96.0,88.0,82.0,111.0,90.0,112.0,97.0,112.0,105.0,111.0,113.0,111.0,42.0,68.0,51.0,59.0,64.0,58.0,75.0,66.0,64.0,69.0,51.0,70.0,123.0,64.0,133.0,55.0,145.0,55.0,156.0,63.0,146.0,66.0,134.0,66.0,69.0,148.0,79.0,133.0,90.0,125.0,98.0,127.0,107.0,125.0,120.0,132.0,132.0,146.0,120.0,154.0,108.0,157.0,99.0,158.0,90.0,157.0,79.0,155.0,75.0,147.0,90.0,139.0,98.0,139.0,107.0,138.0,126.0,146.0,107.0,143.0,98.0,144.0,90.0,143.0
http://snapdocket.com/fast/25_1_2_20170116174847586.jpg.chip.jpg,5.25,28.0,57.0,27.0,78.0,29.0,99.0,34.0,119.0,42.0,139.0,54.0,157.0,68.0,172.0,84.0,186.0,102.0,191.0,123.0,189.0,144.0,178.0,165.0,163.0,183.0,145.0,194.0,124.0,199.0,100.0,201.0,76.0,202.0,51.0,34.0,41.0,42.0,34.0,54.0,33.0,67.0,34.0,80.0,39.0,106.0,40.0,122.0,35.0,140.0,33.0,157.0,34.0,173.0,41.0,94.0,58.0,93.0,74.0,92.0,91.0,91.0,107.0,80.0,115.0,87.0,118.0,94.0,121.0,103.0,118.0,112.0,115.0,48.0,57.0,57.0,52.0,68.0,52.0,78.0,61.0,67.0,62.0,56.0,61.0,120.0,61.0,131.0,53.0,142.0,52.0,154.0,57.0,143.0,61.0,132.0,62.0,69.0,135.0,79.0,134.0,89.0,133.0,97.0,135.0,105.0,133.0,119.0,134.0,135.0,135.0,120.0,147.0,106.0,153.0,97.0,154.0,89.0,152.0,79.0,146.0,73.0,137.0,89.0,139.0,97.0,141.0,105.0,140.0,130.0,136.0,105.0,141.0,97.0,142.0,89.0,141.0
http://snapdocket.com/fast/26_0_1_20170113133950129.jpg.chip.jpg,1.0,13.0,46.0,14.0,69.0,17.0,92.0,22.0,113.0,31.0,134.0,44.0,151.0,60.0,167.0,76.0,180.0,95.0,183.0,114.0,180.0,130.0,167.0,145.0,153.0,158.0,136.0,167.0,117.0,172.0,95.0,176.0,74.0,178.0,52.0,27.0,49.0,38.0,40.0,54.0,40.0,69.0,43.0,85.0,48.0,111.0,47.0,127.0,40.0,143.0,37.0,159.0,38.0,169.0,48.0,99.0,60.0,99.0,74.0,100.0,89.0,100.0,104.0,80.0,112.0,89.0,114.0,99.0,117.0,107.0,114.0,115.0,112.0,44.0,58.0,54.0,54.0,65.0,54.0,74.0,61.0,64.0,62.0,53.0,62.0,122.0,61.0,132.0,53.0,142.0,53.0,152.0,57.0,144.0,61.0,133.0,62.0,66.0,138.0,77.0,135.0,89.0,133.0,97.0,136.0,106.0,133.0,116.0,134.0,126.0,136.0,117.0,146.0,107.0,151.0,98.0,153.0,88.0,152.0,77.0,147.0,71.0,139.0,88.0,140.0,97.0,141.0,106.0,139.0,121.0,137.0,107.0,140.0,98.0,142.0,89.0,141.0
http://snapdocket.com/fast/26_0_1_20170113154951523.jpg.chip.jpg,0.5,17.0,62.0,17.0,85.0,18.0,109.0,22.0,132.0,30.0,155.0,42.0,175.0,58.0,191.0,75.0,202.0,95.0,204.0,117.0,201.0,135.0,190.0,150.0,174.0,164.0,155.0,173.0,134.0,178.0,111.0,180.0,89.0,181.0,67.0,34.0,47.0,42.0,34.0,58.0,29.0,75.0,30.0,91.0,37.0,109.0,39.0,125.0,33.0,141.0,31.0,157.0,36.0,167.0,48.0,96.0,56.0,96.0,68.0,96.0,81.0,95.0,94.0,78.0,106.0,86.0,109.0,95.0,112.0,105.0,110.0,114.0,107.0,49.0,61.0,58.0,54.0,70.0,53.0,79.0,63.0,69.0,65.0,58.0,64.0,118.0,64.0,128.0,54.0,139.0,54.0,147.0,60.0,140.0,65.0,129.0,65.0,66.0,145.0,76.0,134.0,87.0,129.0,96.0,131.0,105.0,129.0,117.0,133.0,128.0,145.0,117.0,154.0,105.0,159.0,95.0,160.0,86.0,160.0,75.0,156.0,71.0,144.0,87.0,137.0,96.0,137.0,105.0,136.0,124.0,144.0,105.0,149.0,95.0,150.0,87.0,150.0
http://snapdocket.com/fast/26_0_1_20170116192106714.jpg.chip.jpg,1.25,18.0,52.0,17.0,76.0,19.0,99.0,22.0,122.0,29.0,143.0,41.0,163.0,56.0,182.0,74.0,198.0,97.0,203.0,120.0,199.0,138.0,185.0,153.0,166.0,165.0,146.0,173.0,124.0,177.0,101.0,179.0,78.0,180.0,54.0,30.0,37.0,39.0,26.0,53.0,23.0,68.0,25.0,81.0,32.0,114.0,31.0,129.0,25.0,144.0,23.0,158.0,27.0,167.0,39.0,98.0,55.0,98.0,71.0,99.0,87.0,99.0,103.0,80.0,110.0,89.0,114.0,99.0,117.0,108.0,114.0,115.0,111.0,46.0,58.0,56.0,53.0,67.0,54.0,77.0,60.0,67.0,63.0,55.0,63.0,118.0,61.0,129.0,55.0,140.0,55.0,149.0,59.0,141.0,64.0,130.0,64.0,61.0,138.0,74.0,133.0,88.0,132.0,97.0,134.0,108.0,132.0,122.0,134.0,134.0,139.0,122.0,161.0,108.0,169.0,97.0,170.0,87.0,169.0,73.0,160.0,67.0,140.0,88.0,140.0,97.0,141.0,108.0,140.0,129.0,141.0,108.0,154.0,97.0,156.0,87.0,154.0
http://snapdocket.com/fast/26_0_3_20170119183349949.jpg.chip.jpg,1.2,10.0,49.0,10.0,73.0,12.0,96.0,16.0,118.0,23.0,139.0,37.0,158.0,54.0,174.0,75.0,188.0,97.0,192.0,119.0,188.0,138.0,173.0,153.0,156.0,165.0,137.0,172.0,116.0,175.0,95.0,176.0,74.0,176.0,53.0,25.0,44.0,39.0,35.0,55.0,35.0,71.0,40.0,86.0,46.0,110.0,48.0,125.0,43.0,140.0,39.0,155.0,38.0,166.0,46.0,99.0,59.0,100.0,74.0,100.0,90.0,100.0,106.0,80.0,111.0,89.0,115.0,99.0,120.0,109.0,116.0,117.0,111.0,44.0,56.0,54.0,51.0,66.0,52.0,76.0,60.0,65.0,61.0,54.0,61.0,119.0,61.0,128.0,54.0,139.0,54.0,148.0,59.0,140.0,63.0,129.0,63.0,63.0,135.0,77.0,134.0,90.0,134.0,98.0,136.0,107.0,134.0,118.0,135.0,131.0,136.0,119.0,147.0,107.0,154.0,98.0,155.0,89.0,154.0,76.0,148.0,68.0,137.0,90.0,141.0,98.0,143.0,107.0,141.0,125.0,138.0,107.0,142.0,98.0,143.0,90.0,142.0
http://snapdocket.com/fast/26_1_0_20170117003314278.jpg.chip.jpg,5.0,14.0,55.0,17.0,78.0,21.0,100.0,25.0,123.0,31.0,145.0,43.0,164.0,59.0,180.0,79.0,192.0,100.0,196.0,122.0,193.0,143.0,182.0,160.0,167.0,172.0,148.0,178.0,126.0,182.0,103.0,187.0,79.0,190.0,55.0,28.0,39.0,37.0,30.0,50.0,27.0,64.0,29.0,77.0,35.0,116.0,36.0,130.0,29.0,146.0,28.0,161.0,31.0,172.0,41.0,96.0,56.0,96.0,73.0,95.0,89.0,94.0,106.0,81.0,113.0,88.0,117.0,96.0,120.0,104.0,116.0,112.0,113.0,45.0,57.0,54.0,51.0,66.0,51.0,75.0,60.0,64.0,63.0,53.0,62.0,121.0,62.0,131.0,53.0,143.0,52.0,153.0,59.0,144.0,64.0,132.0,64.0,70.0,138.0,80.0,133.0,90.0,131.0,98.0,133.0,106.0,131.0,118.0,133.0,132.0,139.0,120.0,149.0,107.0,154.0,98.0,155.0,89.0,153.0,80.0,148.0,75.0,139.0,90.0,139.0,98.0,140.0,106.0,140.0,127.0,139.0,107.0,142.0,98.0,142.0,90.0,141.0
http://snapdocket.com/fast/26_1_1_20170116234800903.jpg.chip.jpg,4.8,61.0,68.0,57.0,85.0,57.0,105.0,63.0,124.0,70.0,141.0,78.0,158.0,86.0,180.0,92.0,197.0,106.0,203.0,126.0,203.0,152.0,196.0,175.0,184.0,196.0,167.0,210.0,143.0,218.0,114.0,220.0,85.0,220.0,56.0,57.0,31.0,62.0,28.0,67.0,29.0,74.0,32.0,81.0,36.0,106.0,31.0,121.0,22.0,138.0,19.0,156.0,21.0,172.0,28.0,91.0,55.0,86.0,71.0,81.0,87.0,76.0,104.0,74.0,115.0,79.0,120.0,87.0,122.0,96.0,118.0,106.0,115.0,63.0,58.0,67.0,49.0,76.0,50.0,85.0,58.0,76.0,62.0,66.0,63.0,121.0,54.0,128.0,41.0,140.0,40.0,154.0,46.0,142.0,54.0,130.0,56.0,83.0,146.0,82.0,139.0,87.0,135.0,92.0,137.0,97.0,134.0,116.0,136.0,136.0,140.0,119.0,155.0,103.0,162.0,96.0,164.0,91.0,164.0,85.0,158.0,85.0,148.0,88.0,146.0,92.0,146.0,99.0,145.0,131.0,142.0,101.0,148.0,94.0,149.0,90.0,148.0
http://snapdocket.com/fast/26_1_1_20170117134025403.jpg.chip.jpg,5.0,15.0,48.0,15.0,72.0,17.0,95.0,20.0,118.0,27.0,140.0,39.0,161.0,55.0,178.0,75.0,193.0,97.0,198.0,119.0,195.0,138.0,183.0,153.0,166.0,166.0,147.0,174.0,124.0,178.0,101.0,181.0,76.0,182.0,52.0,29.0,28.0,40.0,19.0,56.0,18.0,70.0,24.0,83.0,32.0,111.0,30.0,125.0,23.0,140.0,19.0,155.0,20.0,166.0,30.0,97.0,55.0,97.0,72.0,98.0,88.0,98.0,105.0,81.0,113.0,89.0,116.0,98.0,119.0,107.0,117.0,115.0,113.0,46.0,56.0,56.0,51.0,68.0,52.0,78.0,60.0,67.0,63.0,55.0,62.0,117.0,60.0,128.0,52.0,140.0,51.0,149.0,57.0,141.0,63.0,129.0,63.0,67.0,141.0,78.0,134.0,90.0,131.0,98.0,133.0,107.0,131.0,119.0,134.0,130.0,140.0,120.0,157.0,108.0,163.0,98.0,164.0,89.0,163.0,77.0,157.0,73.0,142.0,90.0,141.0,98.0,141.0,107.0,141.0,124.0,141.0,107.0,148.0,98.0,149.0,90.0,148.0
http://snapdocket.com/fast/26_1_1_20170117202000565.jpg.chip.jpg,4.8,29.0,69.0,27.0,90.0,28.0,112.0,33.0,133.0,41.0,155.0,53.0,174.0,66.0,189.0,81.0,200.0,102.0,202.0,126.0,199.0,149.0,192.0,173.0,183.0,192.0,167.0,201.0,144.0,203.0,118.0,204.0,92.0,203.0,65.0,31.0,44.0,39.0,32.0,53.0,28.0,67.0,29.0,81.0,35.0,114.0,33.0,129.0,23.0,147.0,19.0,165.0,23.0,180.0,34.0,95.0,59.0,93.0,74.0,91.0,89.0,90.0,105.0,77.0,116.0,84.0,118.0,93.0,120.0,104.0,116.0,115.0,113.0,44.0,64.0,55.0,56.0,68.0,56.0,79.0,65.0,66.0,67.0,54.0,67.0,122.0,62.0,135.0,52.0,148.0,50.0,159.0,58.0,149.0,61.0,136.0,62.0,61.0,142.0,72.0,132.0,85.0,127.0,96.0,129.0,107.0,125.0,126.0,127.0,145.0,136.0,129.0,155.0,111.0,164.0,98.0,166.0,86.0,166.0,73.0,160.0,66.0,143.0,85.0,136.0,96.0,136.0,108.0,135.0,140.0,137.0,110.0,151.0,98.0,153.0,86.0,152.0
http://snapdocket.com/fast/26_1_2_20170116184044516.jpg.chip.jpg,4.2,4.0,47.0,6.0,71.0,9.0,96.0,13.0,119.0,21.0,141.0,35.0,159.0,53.0,174.0,73.0,185.0,94.0,188.0,115.0,184.0,134.0,172.0,150.0,157.0,162.0,138.0,170.0,116.0,175.0,93.0,180.0,70.0,181.0,47.0,27.0,34.0,40.0,27.0,54.0,25.0,69.0,28.0,82.0,34.0,114.0,34.0,127.0,28.0,140.0,25.0,154.0,26.0,164.0,33.0,99.0,55.0,99.0,72.0,99.0,89.0,99.0,105.0,83.0,114.0,91.0,117.0,99.0,119.0,107.0,117.0,114.0,114.0,45.0,57.0,56.0,54.0,67.0,54.0,76.0,60.0,66.0,62.0,55.0,61.0,120.0,60.0,130.0,54.0,140.0,53.0,149.0,56.0,141.0,61.0,131.0,62.0,66.0,138.0,79.0,134.0,90.0,132.0,98.0,134.0,107.0,132.0,117.0,135.0,129.0,139.0,117.0,147.0,106.0,151.0,97.0,152.0,89.0,151.0,78.0,147.0,71.0,138.0,90.0,140.0,98.0,141.0,107.0,140.0,124.0,139.0,106.0,140.0,97.0,141.0,89.0,140.0
http://snapdocket.com/fast/26_1_2_20170116184248819.jpg.chip.jpg,5.8,17.0,53.0,18.0,75.0,22.0,97.0,27.0,119.0,34.0,139.0,45.0,156.0,61.0,170.0,79.0,181.0,98.0,184.0,116.0,181.0,134.0,170.0,150.0,157.0,163.0,140.0,171.0,119.0,175.0,98.0,179.0,76.0,181.0,54.0,29.0,39.0,39.0,31.0,53.0,29.0,67.0,32.0,79.0,39.0,115.0,38.0,128.0,30.0,142.0,26.0,156.0,27.0,166.0,35.0,98.0,58.0,98.0,74.0,98.0,91.0,99.0,107.0,84.0,114.0,91.0,117.0,98.0,120.0,105.0,117.0,112.0,114.0,44.0,57.0,54.0,51.0,66.0,53.0,75.0,62.0,64.0,64.0,53.0,63.0,121.0,62.0,131.0,52.0,142.0,50.0,151.0,56.0,144.0,62.0,133.0,63.0,70.0,137.0,81.0,133.0,91.0,132.0,98.0,134.0,106.0,132.0,116.0,134.0,126.0,137.0,116.0,147.0,106.0,152.0,98.0,153.0,90.0,152.0,80.0,148.0,75.0,138.0,91.0,140.0,98.0,141.0,106.0,140.0,122.0,138.0,106.0,140.0,98.0,141.0,91.0,140.0
http://snapdocket.com/fast/26_1_2_20170116234746730.jpg.chip.jpg,5.333333333333333,-6.0,54.0,-6.0,79.0,-4.0,106.0,-1.0,131.0,9.0,154.0,27.0,173.0,48.0,188.0,70.0,198.0,91.0,201.0,108.0,194.0,122.0,178.0,134.0,160.0,146.0,142.0,154.0,122.0,159.0,102.0,161.0,82.0,158.0,62.0,28.0,36.0,42.0,27.0,58.0,25.0,74.0,30.0,88.0,38.0,117.0,40.0,128.0,35.0,138.0,31.0,149.0,31.0,156.0,38.0,103.0,59.0,104.0,75.0,105.0,90.0,107.0,106.0,86.0,117.0,95.0,119.0,103.0,121.0,110.0,120.0,116.0,117.0,43.0,56.0,54.0,51.0,65.0,52.0,74.0,60.0,64.0,60.0,53.0,59.0,120.0,61.0,128.0,54.0,138.0,53.0,146.0,58.0,139.0,61.0,130.0,61.0,59.0,137.0,77.0,134.0,92.0,132.0,100.0,135.0,109.0,132.0,117.0,135.0,122.0,138.0,115.0,150.0,107.0,155.0,98.0,156.0,89.0,155.0,75.0,149.0,64.0,138.0,91.0,141.0,100.0,143.0,108.0,142.0,118.0,140.0,108.0,143.0,99.0,144.0,90.0,142.0
http://snapdocket.com/fast/26_1_3_20170119150012157.jpg.chip.jpg,6.0,-5.0,58.0,-4.0,83.0,-2.0,108.0,0.0,133.0,8.0,155.0,24.0,173.0,46.0,185.0,70.0,194.0,93.0,197.0,113.0,192.0,128.0,179.0,142.0,164.0,150.0,146.0,157.0,126.0,162.0,107.0,167.0,86.0,169.0,65.0,20.0,39.0,36.0,29.0,54.0,27.0,72.0,31.0,88.0,39.0,116.0,39.0,129.0,34.0,143.0,32.0,156.0,34.0,165.0,43.0,103.0,58.0,104.0,72.0,105.0,86.0,106.0,101.0,84.0,112.0,93.0,115.0,102.0,117.0,109.0,115.0,116.0,113.0,39.0,59.0,50.0,52.0,63.0,53.0,73.0,62.0,62.0,63.0,49.0,63.0,119.0,63.0,130.0,54.0,141.0,55.0,150.0,62.0,142.0,66.0,131.0,65.0,64.0,141.0,78.0,132.0,92.0,129.0,100.0,132.0,109.0,130.0,118.0,134.0,127.0,142.0,117.0,152.0,108.0,157.0,99.0,159.0,89.0,158.0,76.0,152.0,69.0,141.0,91.0,139.0,100.0,139.0,108.0,139.0,121.0,142.0,108.0,144.0,99.0,146.0,90.0,145.0
http://snapdocket.com/fast/26_1_3_20170119155612442.jpg.chip.jpg,5.4,10.0,62.0,11.0,85.0,14.0,107.0,18.0,129.0,27.0,149.0,41.0,167.0,60.0,182.0,80.0,194.0,100.0,199.0,120.0,194.0,138.0,181.0,155.0,167.0,168.0,150.0,176.0,130.0,180.0,109.0,181.0,88.0,181.0,65.0,23.0,39.0,36.0,30.0,54.0,28.0,71.0,32.0,86.0,40.0,113.0,41.0,126.0,35.0,141.0,32.0,157.0,32.0,170.0,39.0,99.0,58.0,99.0,74.0,99.0,89.0,100.0,105.0,81.0,112.0,90.0,115.0,99.0,118.0,108.0,116.0,116.0,113.0,40.0,59.0,50.0,54.0,62.0,56.0,74.0,63.0,61.0,64.0,49.0,64.0,122.0,64.0,132.0,57.0,144.0,57.0,155.0,61.0,145.0,66.0,133.0,66.0,59.0,135.0,74.0,131.0,88.0,129.0,98.0,131.0,108.0,129.0,122.0,131.0,136.0,135.0,123.0,152.0,109.0,159.0,98.0,161.0,88.0,160.0,73.0,152.0,64.0,136.0,88.0,137.0,98.0,138.0,108.0,137.0,129.0,136.0,109.0,148.0,98.0,148.0,88.0,148.0
http://snapdocket.com/fast/27_0_1_20170117010459432.jpg.chip.jpg,0.4,37.0,81.0,37.0,100.0,38.0,119.0,42.0,138.0,47.0,159.0,55.0,178.0,67.0,195.0,84.0,204.0,107.0,205.0,133.0,201.0,156.0,193.0,176.0,180.0,191.0,162.0,198.0,139.0,200.0,116.0,199.0,93.0,198.0,70.0,36.0,58.0,42.0,44.0,54.0,38.0,69.0,36.0,84.0,40.0,109.0,37.0,125.0,30.0,143.0,28.0,160.0,32.0,174.0,42.0,95.0,57.0,94.0,67.0,92.0,76.0,91.0,87.0,79.0,109.0,87.0,110.0,96.0,111.0,106.0,108.0,115.0,105.0,50.0,69.0,57.0,60.0,68.0,59.0,80.0,65.0,69.0,69.0,59.0,71.0,123.0,61.0,133.0,52.0,145.0,51.0,156.0,58.0,146.0,62.0,134.0,62.0,66.0,151.0,73.0,138.0,86.0,132.0,94.0,133.0,103.0,129.0,119.0,133.0,135.0,142.0,122.0,156.0,108.0,162.0,98.0,164.0,88.0,165.0,75.0,162.0,70.0,149.0,87.0,145.0,95.0,144.0,105.0,142.0,128.0,142.0,106.0,145.0,96.0,147.0,87.0,148.0
http://snapdocket.com/fast/27_0_3_20170119152415944.jpg.chip.jpg,1.0,6.0,71.0,7.0,92.0,12.0,113.0,16.0,132.0,20.0,152.0,31.0,172.0,49.0,186.0,70.0,196.0,96.0,200.0,123.0,197.0,145.0,187.0,164.0,173.0,175.0,155.0,180.0,135.0,184.0,115.0,189.0,95.0,190.0,73.0,18.0,56.0,31.0,43.0,50.0,41.0,69.0,43.0,87.0,50.0,109.0,49.0,127.0,43.0,145.0,41.0,163.0,44.0,175.0,55.0,99.0,60.0,99.0,72.0,99.0,84.0,99.0,96.0,80.0,108.0,89.0,111.0,98.0,113.0,108.0,111.0,117.0,109.0,41.0,62.0,51.0,55.0,64.0,55.0,75.0,63.0,64.0,65.0,51.0,66.0,122.0,62.0,132.0,55.0,145.0,56.0,154.0,63.0,145.0,66.0,133.0,65.0,67.0,145.0,77.0,132.0,90.0,126.0,98.0,129.0,109.0,127.0,120.0,134.0,128.0,147.0,118.0,152.0,107.0,155.0,96.0,156.0,87.0,155.0,76.0,152.0,73.0,144.0,89.0,138.0,98.0,139.0,108.0,139.0,121.0,145.0,107.0,139.0,96.0,140.0,88.0,139.0
http://snapdocket.com/fast/27_0_3_20170119193231250.jpg.chip.jpg,1.2,13.0,71.0,13.0,95.0,14.0,120.0,17.0,144.0,25.0,166.0,37.0,185.0,54.0,199.0,75.0,207.0,99.0,209.0,122.0,207.0,142.0,200.0,159.0,188.0,173.0,171.0,182.0,149.0,187.0,125.0,188.0,101.0,189.0,77.0,27.0,52.0,34.0,35.0,51.0,27.0,70.0,28.0,87.0,35.0,108.0,35.0,128.0,29.0,148.0,29.0,166.0,38.0,173.0,56.0,97.0,54.0,96.0,67.0,96.0,80.0,95.0,94.0,77.0,110.0,86.0,113.0,96.0,115.0,106.0,113.0,116.0,110.0,46.0,61.0,55.0,55.0,66.0,55.0,76.0,62.0,66.0,63.0,55.0,64.0,119.0,62.0,130.0,55.0,141.0,57.0,151.0,64.0,141.0,65.0,130.0,64.0,63.0,145.0,75.0,137.0,87.0,133.0,97.0,135.0,108.0,133.0,121.0,137.0,135.0,144.0,122.0,155.0,109.0,158.0,97.0,159.0,87.0,158.0,75.0,155.0,69.0,145.0,87.0,141.0,97.0,142.0,108.0,140.0,129.0,144.0,108.0,147.0,97.0,147.0,87.0,147.0
http://snapdocket.com/fast/27_0_3_20170119193302202.jpg.chip.jpg,1.2,-3.0,80.0,-2.0,102.0,-2.0,125.0,1.0,146.0,10.0,164.0,26.0,179.0,48.0,188.0,73.0,194.0,100.0,196.0,126.0,194.0,148.0,188.0,167.0,179.0,179.0,163.0,185.0,143.0,186.0,121.0,186.0,100.0,187.0,78.0,17.0,49.0,27.0,36.0,44.0,30.0,62.0,30.0,79.0,35.0,118.0,36.0,135.0,34.0,151.0,35.0,165.0,42.0,173.0,54.0,99.0,57.0,100.0,68.0,100.0,78.0,101.0,90.0,81.0,106.0,90.0,108.0,99.0,110.0,108.0,108.0,117.0,107.0,37.0,64.0,48.0,57.0,60.0,57.0,71.0,64.0,60.0,66.0,48.0,66.0,123.0,66.0,135.0,60.0,146.0,62.0,155.0,69.0,146.0,70.0,134.0,69.0,60.0,141.0,76.0,132.0,90.0,128.0,100.0,130.0,110.0,129.0,123.0,133.0,136.0,142.0,123.0,148.0,110.0,149.0,99.0,149.0,89.0,149.0,75.0,147.0,67.0,140.0,90.0,138.0,99.0,139.0,110.0,138.0,129.0,141.0,110.0,139.0,99.0,139.0,89.0,139.0
http://snapdocket.com/fast/27_1_3_20170104231549626.jpg.chip.jpg,5.2,16.0,65.0,16.0,87.0,19.0,109.0,22.0,131.0,28.0,151.0,39.0,169.0,56.0,184.0,77.0,195.0,100.0,197.0,124.0,193.0,145.0,180.0,164.0,167.0,176.0,150.0,184.0,130.0,187.0,109.0,189.0,88.0,190.0,66.0,29.0,41.0,39.0,30.0,54.0,26.0,70.0,27.0,84.0,33.0,111.0,32.0,128.0,25.0,145.0,24.0,162.0,28.0,172.0,40.0,98.0,55.0,98.0,69.0,97.0,82.0,96.0,95.0,83.0,110.0,90.0,113.0,97.0,115.0,105.0,113.0,113.0,110.0,44.0,61.0,52.0,53.0,65.0,54.0,76.0,64.0,64.0,66.0,51.0,66.0,121.0,64.0,130.0,53.0,144.0,54.0,153.0,62.0,145.0,66.0,132.0,66.0,68.0,143.0,79.0,133.0,90.0,129.0,98.0,131.0,107.0,130.0,119.0,135.0,131.0,144.0,119.0,154.0,108.0,159.0,97.0,159.0,88.0,158.0,78.0,153.0,74.0,143.0,90.0,141.0,98.0,142.0,107.0,142.0,124.0,144.0,107.0,144.0,97.0,145.0,89.0,144.0
http://snapdocket.com/fast/28_0_0_20170117180427607.jpg.chip.jpg,0.2,49.0,59.0,49.0,80.0,53.0,100.0,59.0,119.0,68.0,137.0,78.0,155.0,86.0,171.0,95.0,185.0,111.0,187.0,131.0,185.0,152.0,173.0,172.0,159.0,189.0,142.0,201.0,121.0,206.0,96.0,207.0,68.0,207.0,42.0,47.0,40.0,52.0,35.0,61.0,38.0,71.0,42.0,81.0,47.0,101.0,46.0,117.0,40.0,134.0,36.0,151.0,36.0,167.0,42.0,91.0,60.0,89.0,76.0,86.0,92.0,84.0,108.0,78.0,115.0,83.0,119.0,91.0,121.0,101.0,117.0,110.0,114.0,58.0,56.0,64.0,52.0,73.0,53.0,80.0,59.0,71.0,60.0,64.0,59.0,121.0,58.0,128.0,51.0,139.0,51.0,149.0,53.0,141.0,58.0,130.0,59.0,76.0,138.0,81.0,137.0,88.0,137.0,96.0,140.0,104.0,137.0,121.0,138.0,139.0,136.0,122.0,148.0,107.0,153.0,98.0,154.0,90.0,153.0,83.0,150.0,79.0,140.0,89.0,141.0,97.0,143.0,105.0,142.0,134.0,137.0,105.0,143.0,96.0,144.0,89.0,143.0
http://snapdocket.com/fast/28_0_0_20170117180517775.jpg.chip.jpg,0.75,28.0,56.0,27.0,77.0,30.0,99.0,34.0,120.0,41.0,141.0,50.0,161.0,63.0,180.0,79.0,194.0,101.0,198.0,123.0,195.0,141.0,182.0,155.0,165.0,167.0,146.0,174.0,124.0,179.0,102.0,180.0,79.0,180.0,56.0,32.0,44.0,39.0,31.0,53.0,25.0,68.0,27.0,82.0,33.0,112.0,32.0,127.0,25.0,143.0,24.0,158.0,30.0,166.0,43.0,97.0,55.0,97.0,71.0,97.0,87.0,97.0,103.0,81.0,112.0,89.0,115.0,98.0,118.0,107.0,115.0,115.0,113.0,50.0,58.0,58.0,51.0,69.0,51.0,78.0,61.0,69.0,63.0,58.0,63.0,119.0,60.0,129.0,51.0,140.0,50.0,148.0,58.0,141.0,62.0,130.0,63.0,70.0,142.0,81.0,136.0,91.0,134.0,98.0,136.0,106.0,134.0,117.0,137.0,129.0,142.0,118.0,153.0,107.0,158.0,98.0,159.0,90.0,158.0,80.0,153.0,75.0,143.0,91.0,141.0,98.0,142.0,106.0,141.0,124.0,143.0,106.0,147.0,98.0,148.0,91.0,147.0
http://snapdocket.com/fast/28_0_1_20170117170153595.jpg.chip.jpg,1.0,19.0,46.0,19.0,69.0,21.0,94.0,26.0,116.0,32.0,139.0,44.0,158.0,59.0,175.0,78.0,190.0,100.0,193.0,121.0,190.0,141.0,175.0,158.0,159.0,171.0,139.0,179.0,117.0,183.0,93.0,184.0,69.0,184.0,44.0,30.0,34.0,40.0,24.0,54.0,23.0,67.0,28.0,79.0,34.0,112.0,34.0,127.0,28.0,141.0,25.0,155.0,26.0,165.0,36.0,97.0,55.0,97.0,71.0,97.0,88.0,97.0,104.0,81.0,111.0,88.0,115.0,97.0,118.0,106.0,115.0,114.0,113.0,46.0,55.0,56.0,51.0,66.0,52.0,75.0,59.0,65.0,60.0,55.0,60.0,120.0,60.0,130.0,54.0,140.0,54.0,149.0,58.0,141.0,62.0,131.0,63.0,67.0,138.0,78.0,134.0,90.0,132.0,98.0,135.0,108.0,133.0,121.0,135.0,132.0,139.0,121.0,153.0,108.0,159.0,98.0,160.0,88.0,159.0,77.0,153.0,72.0,140.0,90.0,141.0,98.0,142.0,108.0,141.0,127.0,140.0,108.0,145.0,98.0,146.0,89.0,145.0
http://snapdocket.com/fast/28_0_3_20170119194819469.jpg.chip.jpg,1.0,5.0,53.0,5.0,78.0,8.0,102.0,13.0,125.0,21.0,147.0,36.0,165.0,54.0,179.0,75.0,190.0,99.0,194.0,124.0,190.0,146.0,179.0,164.0,164.0,177.0,145.0,184.0,124.0,189.0,101.0,191.0,78.0,191.0,52.0,22.0,47.0,37.0,39.0,54.0,40.0,71.0,44.0,88.0,50.0,108.0,50.0,125.0,45.0,142.0,41.0,160.0,40.0,174.0,48.0,98.0,60.0,98.0,76.0,99.0,93.0,99.0,110.0,77.0,116.0,87.0,120.0,98.0,123.0,109.0,119.0,120.0,115.0,42.0,59.0,53.0,54.0,65.0,55.0,76.0,62.0,64.0,63.0,52.0,62.0,120.0,62.0,131.0,55.0,143.0,54.0,155.0,58.0,144.0,62.0,132.0,62.0,60.0,134.0,75.0,132.0,88.0,131.0,99.0,134.0,109.0,131.0,122.0,131.0,137.0,133.0,122.0,144.0,109.0,150.0,99.0,151.0,88.0,150.0,75.0,144.0,66.0,135.0,88.0,138.0,99.0,139.0,109.0,138.0,132.0,135.0,109.0,138.0,99.0,140.0,88.0,139.0
http://snapdocket.com/fast/28_1_1_20170113012030016.jpg.chip.jpg,5.2,8.0,51.0,8.0,75.0,10.0,99.0,14.0,122.0,25.0,143.0,40.0,162.0,56.0,180.0,74.0,195.0,96.0,199.0,117.0,193.0,132.0,176.0,146.0,159.0,159.0,140.0,168.0,120.0,173.0,99.0,175.0,77.0,175.0,55.0,22.0,44.0,35.0,33.0,53.0,30.0,71.0,33.0,87.0,41.0,115.0,41.0,129.0,34.0,144.0,32.0,159.0,34.0,168.0,44.0,100.0,60.0,101.0,77.0,102.0,94.0,103.0,112.0,77.0,115.0,88.0,119.0,100.0,124.0,112.0,120.0,121.0,116.0,40.0,59.0,51.0,54.0,63.0,55.0,74.0,63.0,62.0,64.0,50.0,64.0,119.0,64.0,130.0,56.0,141.0,56.0,151.0,60.0,142.0,65.0,131.0,65.0,52.0,131.0,70.0,129.0,87.0,129.0,99.0,131.0,110.0,130.0,125.0,130.0,138.0,132.0,125.0,156.0,110.0,166.0,97.0,167.0,84.0,165.0,67.0,154.0,58.0,133.0,86.0,136.0,98.0,138.0,110.0,137.0,133.0,134.0,110.0,152.0,97.0,154.0,85.0,152.0
http://snapdocket.com/fast/28_1_1_20170113012508729.jpg.chip.jpg,4.75,-2.0,67.0,-3.0,92.0,-1.0,117.0,3.0,141.0,13.0,163.0,30.0,181.0,51.0,195.0,74.0,204.0,97.0,206.0,116.0,202.0,130.0,188.0,144.0,172.0,157.0,155.0,165.0,135.0,170.0,114.0,170.0,93.0,168.0,73.0,18.0,39.0,32.0,29.0,50.0,26.0,68.0,30.0,84.0,37.0,116.0,37.0,129.0,31.0,143.0,29.0,157.0,31.0,165.0,41.0,101.0,60.0,103.0,74.0,105.0,88.0,107.0,103.0,80.0,113.0,92.0,115.0,103.0,118.0,113.0,115.0,121.0,113.0,37.0,62.0,48.0,56.0,61.0,57.0,72.0,65.0,60.0,66.0,47.0,66.0,120.0,66.0,132.0,58.0,143.0,58.0,152.0,65.0,144.0,67.0,132.0,68.0,50.0,139.0,69.0,131.0,88.0,128.0,100.0,130.0,112.0,128.0,126.0,132.0,137.0,138.0,127.0,159.0,112.0,169.0,99.0,171.0,86.0,171.0,67.0,161.0,55.0,140.0,88.0,138.0,100.0,138.0,112.0,137.0,132.0,140.0,112.0,155.0,99.0,157.0,87.0,156.0
http://snapdocket.com/fast/29_0_0_20170104170512993.jpg.chip.jpg,1.0,29.0,70.0,30.0,90.0,32.0,111.0,36.0,133.0,42.0,154.0,52.0,173.0,65.0,190.0,81.0,202.0,103.0,204.0,127.0,202.0,149.0,192.0,168.0,177.0,184.0,158.0,193.0,136.0,196.0,112.0,196.0,88.0,196.0,63.0,34.0,50.0,39.0,36.0,52.0,29.0,67.0,28.0,81.0,32.0,109.0,31.0,126.0,24.0,144.0,23.0,160.0,31.0,171.0,45.0,95.0,54.0,95.0,67.0,94.0,80.0,93.0,94.0,81.0,110.0,88.0,112.0,96.0,114.0,104.0,111.0,112.0,109.0,51.0,62.0,58.0,55.0,69.0,55.0,79.0,61.0,69.0,64.0,59.0,65.0,121.0,60.0,130.0,53.0,142.0,52.0,152.0,59.0,142.0,62.0,131.0,62.0,70.0,143.0,79.0,138.0,88.0,136.0,97.0,138.0,105.0,135.0,118.0,138.0,134.0,141.0,120.0,151.0,107.0,155.0,98.0,156.0,89.0,155.0,79.0,151.0,74.0,144.0,88.0,143.0,97.0,144.0,105.0,143.0,128.0,142.0,106.0,145.0,97.0,147.0,89.0,145.0
http://snapdocket.com/fast/29_0_2_20170116163356668.jpg.chip.jpg,3.0,27.0,52.0,30.0,73.0,34.0,93.0,39.0,114.0,47.0,133.0,59.0,150.0,72.0,166.0,85.0,180.0,104.0,185.0,125.0,182.0,144.0,170.0,161.0,155.0,176.0,137.0,185.0,117.0,191.0,95.0,195.0,71.0,196.0,46.0,32.0,37.0,43.0,31.0,57.0,33.0,70.0,36.0,83.0,42.0,107.0,41.0,122.0,35.0,138.0,32.0,154.0,31.0,170.0,35.0,95.0,58.0,94.0,74.0,94.0,91.0,93.0,108.0,81.0,114.0,88.0,118.0,96.0,121.0,104.0,118.0,113.0,114.0,48.0,55.0,57.0,52.0,68.0,52.0,77.0,60.0,66.0,61.0,56.0,61.0,122.0,60.0,130.0,53.0,142.0,52.0,152.0,55.0,143.0,61.0,132.0,61.0,73.0,136.0,81.0,134.0,90.0,133.0,98.0,135.0,106.0,133.0,117.0,135.0,130.0,138.0,119.0,148.0,107.0,154.0,98.0,155.0,89.0,153.0,81.0,148.0,77.0,138.0,90.0,140.0,98.0,141.0,106.0,140.0,125.0,138.0,106.0,142.0,98.0,143.0,90.0,142.0
http://snapdocket.com/fast/29_0_3_20170105162407635.jpg.chip.jpg,1.6,53.0,77.0,50.0,95.0,48.0,114.0,53.0,133.0,58.0,152.0,63.0,171.0,72.0,191.0,83.0,203.0,103.0,205.0,129.0,203.0,158.0,198.0,185.0,187.0,208.0,170.0,224.0,147.0,232.0,117.0,233.0,90.0,233.0,60.0,42.0,51.0,43.0,38.0,52.0,31.0,64.0,31.0,76.0,36.0,102.0,31.0,120.0,18.0,142.0,14.0,164.0,19.0,181.0,31.0,89.0,54.0,84.0,66.0,79.0,78.0,75.0,90.0,69.0,107.0,77.0,112.0,87.0,115.0,99.0,110.0,111.0,105.0,54.0,70.0,58.0,62.0,68.0,60.0,81.0,63.0,71.0,68.0,60.0,71.0,124.0,56.0,134.0,47.0,146.0,47.0,159.0,52.0,147.0,56.0,135.0,58.0,72.0,149.0,74.0,135.0,82.0,129.0,90.0,130.0,100.0,126.0,118.0,130.0,138.0,140.0,121.0,152.0,105.0,158.0,94.0,161.0,86.0,162.0,77.0,158.0,77.0,148.0,84.0,141.0,92.0,140.0,102.0,139.0,131.0,140.0,102.0,142.0,92.0,145.0,84.0,146.0
http://snapdocket.com/fast/29_0_3_20170119164635285.jpg.chip.jpg,1.8,-2.0,63.0,-2.0,88.0,-1.0,113.0,1.0,138.0,9.0,160.0,26.0,178.0,48.0,191.0,70.0,201.0,94.0,203.0,116.0,199.0,132.0,185.0,147.0,170.0,158.0,152.0,165.0,131.0,169.0,111.0,171.0,92.0,171.0,72.0,19.0,42.0,33.0,30.0,52.0,25.0,71.0,29.0,89.0,37.0,115.0,40.0,130.0,34.0,146.0,34.0,160.0,39.0,167.0,52.0,101.0,56.0,102.0,69.0,103.0,82.0,105.0,96.0,83.0,110.0,92.0,112.0,101.0,115.0,109.0,113.0,117.0,111.0,40.0,57.0,50.0,50.0,63.0,52.0,74.0,60.0,61.0,62.0,49.0,61.0,118.0,62.0,129.0,55.0,141.0,56.0,149.0,63.0,140.0,66.0,129.0,65.0,57.0,139.0,75.0,135.0,91.0,132.0,101.0,134.0,111.0,131.0,122.0,133.0,131.0,138.0,121.0,148.0,111.0,152.0,100.0,153.0,90.0,153.0,74.0,149.0,63.0,140.0,90.0,139.0,100.0,140.0,110.0,139.0,126.0,139.0,111.0,141.0,101.0,142.0,91.0,141.0
http://snapdocket.com/fast/29_1_1_20170117194236505.jpg.chip.jpg,6.0,-2.0,52.0,-2.0,76.0,0.0,101.0,3.0,126.0,12.0,149.0,26.0,169.0,44.0,187.0,67.0,199.0,90.0,202.0,112.0,198.0,130.0,185.0,146.0,168.0,161.0,150.0,171.0,130.0,178.0,108.0,182.0,86.0,183.0,64.0,20.0,40.0,36.0,33.0,54.0,34.0,70.0,40.0,86.0,48.0,117.0,45.0,131.0,36.0,145.0,30.0,160.0,29.0,171.0,36.0,101.0,65.0,102.0,78.0,102.0,92.0,103.0,106.0,80.0,112.0,90.0,116.0,100.0,119.0,111.0,116.0,119.0,113.0,37.0,63.0,48.0,57.0,62.0,59.0,72.0,68.0,60.0,69.0,47.0,68.0,123.0,67.0,134.0,56.0,146.0,55.0,156.0,61.0,148.0,66.0,136.0,67.0,47.0,131.0,66.0,127.0,86.0,127.0,97.0,130.0,110.0,128.0,125.0,129.0,139.0,133.0,125.0,158.0,108.0,168.0,94.0,169.0,81.0,168.0,63.0,157.0,52.0,133.0,85.0,135.0,97.0,137.0,109.0,136.0,133.0,135.0,108.0,153.0,95.0,155.0,83.0,154.0
http://snapdocket.com/fast/30_0_0_20170117130641193.jpg.chip.jpg,0.8,0.0,74.0,1.0,95.0,4.0,117.0,8.0,138.0,16.0,158.0,30.0,175.0,47.0,189.0,70.0,199.0,97.0,201.0,123.0,199.0,142.0,188.0,155.0,174.0,166.0,156.0,171.0,136.0,174.0,115.0,177.0,94.0,178.0,74.0,21.0,46.0,29.0,29.0,46.0,19.0,65.0,18.0,82.0,25.0,117.0,27.0,133.0,21.0,149.0,23.0,163.0,33.0,168.0,49.0,101.0,53.0,102.0,64.0,103.0,75.0,104.0,87.0,82.0,104.0,92.0,106.0,101.0,108.0,110.0,106.0,118.0,105.0,39.0,62.0,49.0,56.0,62.0,57.0,73.0,63.0,62.0,65.0,49.0,66.0,121.0,65.0,133.0,60.0,144.0,61.0,152.0,67.0,144.0,69.0,133.0,68.0,66.0,146.0,79.0,135.0,92.0,128.0,100.0,131.0,109.0,129.0,120.0,136.0,128.0,147.0,119.0,156.0,109.0,159.0,99.0,159.0,90.0,158.0,77.0,155.0,73.0,146.0,91.0,140.0,99.0,141.0,108.0,140.0,122.0,146.0,108.0,146.0,99.0,146.0,91.0,145.0
http://snapdocket.com/fast/30_0_0_20170117131025845.jpg.chip.jpg,1.0,24.0,62.0,24.0,83.0,25.0,104.0,27.0,127.0,33.0,149.0,44.0,170.0,58.0,189.0,76.0,204.0,99.0,208.0,122.0,205.0,143.0,193.0,162.0,177.0,177.0,158.0,186.0,136.0,189.0,112.0,190.0,89.0,191.0,65.0,33.0,46.0,40.0,34.0,54.0,29.0,68.0,31.0,82.0,37.0,112.0,36.0,127.0,30.0,143.0,29.0,159.0,35.0,169.0,47.0,96.0,55.0,95.0,72.0,94.0,89.0,94.0,106.0,79.0,113.0,87.0,117.0,96.0,121.0,105.0,117.0,113.0,113.0,49.0,60.0,58.0,56.0,68.0,56.0,77.0,61.0,67.0,62.0,57.0,62.0,121.0,60.0,131.0,55.0,141.0,56.0,150.0,60.0,141.0,61.0,131.0,61.0,61.0,138.0,73.0,133.0,86.0,132.0,97.0,135.0,110.0,132.0,125.0,133.0,140.0,137.0,126.0,155.0,110.0,164.0,97.0,166.0,85.0,164.0,72.0,155.0,66.0,139.0,86.0,138.0,97.0,139.0,110.0,138.0,136.0,138.0,110.0,155.0,97.0,157.0,86.0,154.0
http://snapdocket.com/fast/30_0_3_20170119195801076.jpg.chip.jpg,1.6,12.0,58.0,13.0,81.0,16.0,104.0,19.0,126.0,25.0,148.0,37.0,166.0,53.0,181.0,74.0,191.0,98.0,193.0,121.0,190.0,141.0,178.0,158.0,164.0,171.0,147.0,177.0,126.0,180.0,105.0,183.0,84.0,185.0,61.0,25.0,44.0,36.0,34.0,52.0,32.0,68.0,36.0,82.0,42.0,115.0,41.0,130.0,35.0,145.0,32.0,160.0,34.0,170.0,44.0,99.0,59.0,99.0,73.0,99.0,88.0,99.0,103.0,80.0,113.0,89.0,115.0,98.0,117.0,107.0,115.0,116.0,112.0,44.0,60.0,55.0,54.0,66.0,55.0,76.0,63.0,65.0,64.0,54.0,64.0,121.0,62.0,131.0,55.0,142.0,54.0,151.0,60.0,143.0,63.0,132.0,64.0,61.0,140.0,76.0,134.0,89.0,131.0,98.0,133.0,108.0,130.0,120.0,132.0,134.0,137.0,121.0,146.0,108.0,151.0,98.0,153.0,88.0,153.0,75.0,149.0,67.0,141.0,89.0,140.0,98.0,140.0,108.0,139.0,128.0,139.0,108.0,139.0,98.0,141.0,89.0,140.0
http://snapdocket.com/fast/30_1_1_20170113012621729.jpg.chip.jpg,4.8,15.0,60.0,16.0,82.0,18.0,103.0,22.0,125.0,29.0,145.0,41.0,164.0,56.0,179.0,75.0,191.0,98.0,194.0,120.0,192.0,138.0,181.0,154.0,166.0,166.0,148.0,174.0,128.0,178.0,106.0,181.0,84.0,183.0,61.0,27.0,42.0,37.0,30.0,53.0,25.0,69.0,26.0,84.0,31.0,111.0,31.0,127.0,27.0,143.0,27.0,158.0,32.0,168.0,44.0,98.0,55.0,98.0,69.0,98.0,84.0,99.0,99.0,79.0,109.0,88.0,112.0,98.0,114.0,108.0,112.0,117.0,110.0,42.0,60.0,52.0,55.0,64.0,55.0,74.0,63.0,63.0,66.0,51.0,65.0,122.0,64.0,132.0,57.0,144.0,57.0,153.0,62.0,145.0,67.0,133.0,67.0,67.0,142.0,79.0,133.0,90.0,129.0,98.0,131.0,107.0,129.0,119.0,134.0,130.0,143.0,119.0,154.0,108.0,158.0,98.0,159.0,89.0,158.0,78.0,153.0,73.0,142.0,90.0,140.0,98.0,141.0,107.0,140.0,125.0,143.0,107.0,143.0,98.0,144.0,90.0,143.0
http://snapdocket.com/fast/30_1_2_20170116161338805.jpg.chip.jpg,6.0,17.0,74.0,17.0,95.0,19.0,116.0,24.0,137.0,31.0,157.0,43.0,173.0,61.0,186.0,80.0,195.0,100.0,198.0,120.0,195.0,140.0,187.0,160.0,177.0,175.0,163.0,185.0,143.0,191.0,122.0,196.0,101.0,200.0,79.0,29.0,45.0,37.0,32.0,51.0,25.0,67.0,25.0,81.0,31.0,115.0,33.0,132.0,28.0,150.0,29.0,166.0,36.0,177.0,48.0,99.0,56.0,98.0,69.0,98.0,81.0,97.0,94.0,84.0,110.0,90.0,112.0,97.0,114.0,104.0,112.0,111.0,110.0,43.0,61.0,52.0,52.0,65.0,53.0,76.0,63.0,64.0,65.0,51.0,66.0,122.0,64.0,132.0,53.0,145.0,54.0,156.0,62.0,146.0,66.0,133.0,66.0,70.0,143.0,80.0,134.0,90.0,130.0,97.0,132.0,105.0,130.0,117.0,135.0,130.0,142.0,117.0,150.0,106.0,154.0,98.0,155.0,89.0,154.0,80.0,152.0,76.0,143.0,90.0,141.0,97.0,142.0,105.0,141.0,125.0,142.0,105.0,142.0,97.0,143.0,90.0,142.0
http://snapdocket.com/fast/31_0_1_20170116191341541.jpg.chip.jpg,0.5,56.0,68.0,57.0,88.0,61.0,106.0,67.0,125.0,75.0,144.0,83.0,162.0,92.0,176.0,102.0,188.0,117.0,193.0,136.0,190.0,159.0,179.0,178.0,164.0,193.0,147.0,201.0,125.0,203.0,100.0,203.0,75.0,202.0,51.0,50.0,43.0,54.0,34.0,64.0,33.0,75.0,35.0,85.0,40.0,96.0,40.0,111.0,34.0,129.0,33.0,146.0,35.0,163.0,43.0,90.0,56.0,88.0,71.0,85.0,87.0,82.0,104.0,78.0,114.0,84.0,119.0,93.0,121.0,102.0,118.0,112.0,115.0,61.0,59.0,67.0,53.0,75.0,53.0,83.0,59.0,75.0,61.0,67.0,62.0,118.0,59.0,126.0,51.0,137.0,50.0,149.0,54.0,139.0,58.0,128.0,59.0,86.0,146.0,87.0,138.0,92.0,134.0,97.0,136.0,101.0,133.0,116.0,137.0,133.0,143.0,120.0,152.0,107.0,157.0,101.0,158.0,96.0,157.0,91.0,153.0,90.0,145.0,93.0,143.0,98.0,144.0,103.0,143.0,127.0,142.0,104.0,144.0,99.0,145.0,94.0,144.0
http://snapdocket.com/fast/32_0_0_20170103182544874.jpg.chip.jpg,0.4,12.0,55.0,13.0,80.0,13.0,105.0,18.0,129.0,28.0,150.0,43.0,168.0,60.0,185.0,79.0,198.0,101.0,202.0,121.0,196.0,139.0,182.0,155.0,164.0,170.0,146.0,180.0,126.0,185.0,104.0,186.0,80.0,187.0,56.0,31.0,50.0,42.0,39.0,57.0,34.0,73.0,34.0,87.0,40.0,110.0,40.0,124.0,34.0,140.0,34.0,155.0,39.0,165.0,50.0,99.0,56.0,99.0,74.0,99.0,92.0,99.0,111.0,80.0,115.0,89.0,119.0,99.0,124.0,108.0,120.0,117.0,115.0,49.0,59.0,58.0,53.0,68.0,53.0,78.0,59.0,69.0,60.0,58.0,61.0,118.0,59.0,128.0,53.0,138.0,53.0,147.0,59.0,138.0,61.0,128.0,60.0,59.0,132.0,74.0,134.0,88.0,135.0,99.0,137.0,110.0,135.0,124.0,134.0,138.0,131.0,124.0,148.0,111.0,156.0,99.0,158.0,88.0,156.0,74.0,150.0,64.0,134.0,88.0,138.0,99.0,140.0,110.0,138.0,133.0,134.0,110.0,148.0,99.0,150.0,88.0,148.0
http://snapdocket.com/fast/32_0_1_20170113134404473.jpg.chip.jpg,0.2,-5.0,58.0,-4.0,82.0,-3.0,107.0,0.0,131.0,7.0,154.0,21.0,172.0,41.0,187.0,62.0,197.0,85.0,199.0,105.0,196.0,123.0,185.0,138.0,169.0,150.0,150.0,156.0,130.0,158.0,109.0,158.0,88.0,156.0,68.0,23.0,47.0,35.0,35.0,53.0,29.0,72.0,31.0,90.0,38.0,113.0,40.0,126.0,34.0,139.0,35.0,150.0,39.0,155.0,50.0,101.0,56.0,103.0,70.0,106.0,84.0,108.0,99.0,82.0,108.0,93.0,112.0,103.0,115.0,112.0,113.0,119.0,110.0,44.0,57.0,55.0,52.0,65.0,51.0,74.0,58.0,65.0,59.0,54.0,59.0,117.0,60.0,127.0,55.0,137.0,55.0,143.0,61.0,136.0,63.0,127.0,62.0,56.0,135.0,73.0,129.0,88.0,128.0,98.0,131.0,108.0,129.0,117.0,132.0,123.0,139.0,115.0,147.0,105.0,150.0,95.0,150.0,84.0,149.0,69.0,145.0,61.0,135.0,88.0,135.0,98.0,136.0,107.0,136.0,119.0,139.0,105.0,140.0,96.0,141.0,85.0,140.0
http://snapdocket.com/fast/32_0_1_20170117135943245.jpg.chip.jpg,0.4,3.0,68.0,3.0,89.0,4.0,111.0,8.0,134.0,16.0,155.0,30.0,173.0,48.0,189.0,69.0,201.0,95.0,203.0,118.0,199.0,135.0,185.0,147.0,166.0,156.0,146.0,160.0,125.0,162.0,105.0,163.0,86.0,162.0,67.0,25.0,45.0,38.0,35.0,54.0,32.0,71.0,34.0,87.0,40.0,111.0,41.0,126.0,36.0,141.0,34.0,155.0,38.0,163.0,51.0,100.0,58.0,101.0,72.0,103.0,86.0,105.0,101.0,81.0,108.0,91.0,111.0,102.0,115.0,112.0,112.0,121.0,109.0,44.0,59.0,54.0,55.0,65.0,55.0,74.0,60.0,64.0,62.0,54.0,62.0,120.0,62.0,130.0,57.0,139.0,58.0,146.0,63.0,139.0,65.0,130.0,64.0,59.0,139.0,74.0,134.0,90.0,132.0,102.0,134.0,111.0,132.0,122.0,134.0,132.0,140.0,123.0,153.0,111.0,159.0,100.0,161.0,88.0,160.0,73.0,154.0,65.0,140.0,90.0,141.0,101.0,142.0,111.0,141.0,127.0,141.0,111.0,145.0,101.0,147.0,89.0,146.0
http://snapdocket.com/fast/32_0_1_20170117140805502.jpg.chip.jpg,0.6,17.0,63.0,18.0,85.0,20.0,107.0,24.0,129.0,32.0,150.0,45.0,167.0,61.0,183.0,79.0,194.0,102.0,197.0,124.0,194.0,142.0,182.0,158.0,167.0,172.0,150.0,180.0,129.0,183.0,107.0,185.0,85.0,185.0,62.0,27.0,50.0,36.0,37.0,52.0,34.0,68.0,35.0,84.0,39.0,109.0,39.0,126.0,34.0,143.0,32.0,160.0,36.0,170.0,49.0,97.0,57.0,97.0,69.0,97.0,81.0,97.0,94.0,78.0,107.0,88.0,108.0,97.0,110.0,107.0,108.0,116.0,107.0,46.0,62.0,55.0,56.0,67.0,56.0,75.0,63.0,66.0,67.0,54.0,67.0,120.0,63.0,130.0,56.0,141.0,56.0,150.0,62.0,142.0,67.0,131.0,67.0,67.0,145.0,77.0,136.0,90.0,131.0,98.0,133.0,107.0,130.0,121.0,136.0,132.0,143.0,122.0,154.0,109.0,159.0,99.0,160.0,90.0,160.0,78.0,155.0,73.0,145.0,90.0,142.0,98.0,142.0,107.0,141.0,126.0,143.0,108.0,144.0,99.0,145.0,90.0,144.0
http://snapdocket.com/fast/32_1_0_20170117091929838.jpg.chip.jpg,5.4,17.0,64.0,17.0,87.0,18.0,109.0,20.0,131.0,26.0,152.0,39.0,169.0,56.0,184.0,76.0,196.0,98.0,200.0,120.0,196.0,141.0,185.0,160.0,172.0,175.0,154.0,182.0,132.0,185.0,109.0,188.0,86.0,191.0,62.0,24.0,45.0,33.0,36.0,47.0,31.0,62.0,31.0,76.0,35.0,118.0,34.0,135.0,30.0,151.0,31.0,166.0,36.0,176.0,46.0,98.0,58.0,98.0,74.0,97.0,90.0,97.0,106.0,78.0,113.0,87.0,116.0,97.0,119.0,108.0,116.0,118.0,113.0,42.0,62.0,52.0,58.0,63.0,59.0,74.0,64.0,63.0,65.0,52.0,65.0,124.0,64.0,135.0,58.0,146.0,58.0,156.0,61.0,147.0,64.0,136.0,64.0,55.0,133.0,71.0,130.0,86.0,130.0,98.0,132.0,110.0,130.0,126.0,131.0,143.0,133.0,127.0,151.0,110.0,157.0,97.0,158.0,85.0,157.0,69.0,150.0,61.0,134.0,86.0,136.0,98.0,137.0,110.0,136.0,137.0,135.0,110.0,148.0,98.0,149.0,86.0,148.0
http://snapdocket.com/fast/32_1_2_20170116162312021.jpg.chip.jpg,5.2,-5.0,80.0,-4.0,103.0,-2.0,127.0,0.0,151.0,10.0,173.0,28.0,189.0,52.0,198.0,78.0,202.0,104.0,202.0,127.0,199.0,145.0,189.0,159.0,176.0,168.0,158.0,174.0,139.0,177.0,119.0,177.0,98.0,175.0,80.0,16.0,51.0,29.0,36.0,47.0,29.0,67.0,29.0,85.0,36.0,112.0,38.0,127.0,34.0,143.0,35.0,157.0,42.0,165.0,55.0,101.0,58.0,102.0,70.0,103.0,83.0,105.0,96.0,81.0,111.0,91.0,113.0,102.0,116.0,111.0,114.0,120.0,113.0,39.0,60.0,49.0,53.0,61.0,55.0,72.0,64.0,61.0,64.0,49.0,63.0,120.0,67.0,130.0,58.0,142.0,59.0,151.0,66.0,142.0,69.0,131.0,68.0,55.0,138.0,73.0,131.0,91.0,128.0,101.0,131.0,111.0,129.0,124.0,134.0,135.0,141.0,123.0,154.0,110.0,160.0,99.0,160.0,88.0,159.0,71.0,153.0,59.0,139.0,90.0,136.0,101.0,137.0,111.0,137.0,129.0,143.0,110.0,150.0,100.0,150.0,89.0,150.0
http://snapdocket.com/fast/32_1_2_20170116181306891.jpg.chip.jpg,4.6,9.0,60.0,7.0,82.0,8.0,105.0,10.0,127.0,17.0,149.0,31.0,168.0,49.0,185.0,71.0,198.0,96.0,202.0,119.0,198.0,140.0,185.0,157.0,169.0,169.0,150.0,177.0,129.0,181.0,108.0,183.0,87.0,183.0,65.0,26.0,39.0,38.0,31.0,53.0,29.0,67.0,32.0,80.0,38.0,119.0,38.0,132.0,33.0,147.0,32.0,160.0,35.0,169.0,43.0,99.0,59.0,99.0,74.0,99.0,89.0,99.0,104.0,80.0,114.0,89.0,117.0,99.0,119.0,108.0,117.0,116.0,114.0,42.0,59.0,53.0,54.0,64.0,55.0,73.0,63.0,62.0,63.0,51.0,63.0,122.0,64.0,132.0,57.0,142.0,57.0,152.0,62.0,143.0,64.0,133.0,65.0,56.0,137.0,73.0,131.0,89.0,129.0,99.0,131.0,110.0,129.0,125.0,131.0,139.0,135.0,125.0,151.0,110.0,159.0,98.0,161.0,86.0,160.0,71.0,153.0,62.0,138.0,88.0,138.0,99.0,139.0,110.0,138.0,133.0,136.0,110.0,146.0,98.0,148.0,87.0,147.0
http://snapdocket.com/fast/34_0_2_20170105173426253.jpg.chip.jpg,2.6,13.0,59.0,15.0,81.0,18.0,104.0,22.0,126.0,28.0,147.0,39.0,166.0,54.0,183.0,74.0,194.0,99.0,197.0,124.0,194.0,145.0,182.0,161.0,166.0,173.0,147.0,179.0,125.0,183.0,103.0,185.0,81.0,186.0,59.0,28.0,42.0,39.0,32.0,55.0,29.0,70.0,31.0,84.0,38.0,111.0,38.0,126.0,31.0,142.0,29.0,157.0,33.0,168.0,42.0,98.0,56.0,98.0,71.0,97.0,86.0,97.0,102.0,81.0,111.0,89.0,114.0,97.0,116.0,106.0,114.0,114.0,112.0,45.0,59.0,54.0,55.0,65.0,56.0,74.0,62.0,64.0,64.0,53.0,63.0,122.0,62.0,131.0,56.0,142.0,56.0,151.0,60.0,143.0,64.0,132.0,65.0,63.0,137.0,76.0,133.0,88.0,131.0,97.0,133.0,107.0,131.0,120.0,134.0,133.0,138.0,120.0,149.0,107.0,154.0,97.0,155.0,87.0,153.0,75.0,149.0,69.0,138.0,88.0,140.0,97.0,141.0,107.0,140.0,128.0,140.0,107.0,142.0,97.0,143.0,88.0,141.0
http://snapdocket.com/fast/34_0_3_20170119200817301.jpg.chip.jpg,2.2,34.0,66.0,34.0,86.0,36.0,105.0,39.0,126.0,44.0,147.0,54.0,165.0,68.0,180.0,83.0,193.0,102.0,198.0,125.0,197.0,148.0,188.0,170.0,176.0,188.0,158.0,197.0,135.0,200.0,110.0,200.0,85.0,199.0,60.0,35.0,54.0,40.0,40.0,53.0,35.0,67.0,34.0,82.0,38.0,106.0,36.0,124.0,29.0,144.0,28.0,163.0,35.0,177.0,47.0,93.0,57.0,92.0,72.0,91.0,86.0,89.0,102.0,76.0,112.0,84.0,116.0,93.0,120.0,105.0,115.0,117.0,112.0,48.0,61.0,57.0,54.0,69.0,53.0,80.0,63.0,68.0,65.0,56.0,66.0,122.0,61.0,133.0,51.0,146.0,50.0,157.0,57.0,147.0,62.0,134.0,62.0,70.0,141.0,77.0,134.0,87.0,131.0,97.0,133.0,107.0,130.0,123.0,133.0,140.0,140.0,124.0,148.0,109.0,153.0,98.0,154.0,88.0,153.0,78.0,148.0,75.0,140.0,87.0,138.0,97.0,139.0,107.0,138.0,134.0,139.0,108.0,141.0,98.0,143.0,87.0,141.0
http://snapdocket.com/fast/34_1_1_20170117132708007.jpg.chip.jpg,6.0,5.0,62.0,7.0,86.0,10.0,109.0,16.0,132.0,25.0,153.0,39.0,172.0,57.0,188.0,76.0,200.0,98.0,202.0,118.0,198.0,136.0,185.0,151.0,169.0,163.0,150.0,171.0,130.0,176.0,109.0,178.0,86.0,177.0,63.0,20.0,40.0,33.0,31.0,50.0,30.0,67.0,34.0,82.0,41.0,113.0,41.0,127.0,34.0,141.0,30.0,156.0,31.0,167.0,38.0,98.0,59.0,99.0,73.0,99.0,88.0,100.0,103.0,82.0,113.0,90.0,115.0,99.0,118.0,107.0,115.0,114.0,112.0,40.0,61.0,51.0,54.0,64.0,55.0,74.0,64.0,62.0,65.0,50.0,65.0,119.0,64.0,131.0,55.0,143.0,55.0,152.0,61.0,144.0,65.0,132.0,66.0,56.0,137.0,72.0,131.0,89.0,129.0,98.0,131.0,109.0,129.0,124.0,132.0,137.0,138.0,125.0,160.0,110.0,169.0,98.0,171.0,87.0,170.0,71.0,160.0,62.0,138.0,88.0,136.0,98.0,137.0,109.0,136.0,132.0,139.0,109.0,155.0,98.0,157.0,88.0,155.0
http://snapdocket.com/fast/35_0_0_20170105172434989.jpg.chip.jpg,1.0,11.0,59.0,12.0,82.0,15.0,106.0,19.0,129.0,27.0,150.0,42.0,169.0,58.0,186.0,75.0,200.0,97.0,202.0,119.0,200.0,138.0,187.0,157.0,171.0,173.0,153.0,183.0,132.0,187.0,108.0,189.0,83.0,190.0,58.0,20.0,49.0,32.0,39.0,49.0,37.0,67.0,38.0,85.0,42.0,107.0,43.0,124.0,39.0,141.0,37.0,159.0,39.0,172.0,48.0,97.0,59.0,97.0,76.0,97.0,92.0,98.0,109.0,78.0,114.0,87.0,118.0,97.0,121.0,107.0,118.0,115.0,114.0,42.0,57.0,53.0,54.0,64.0,55.0,73.0,61.0,63.0,61.0,52.0,61.0,121.0,62.0,131.0,56.0,142.0,56.0,152.0,59.0,143.0,63.0,132.0,63.0,60.0,135.0,73.0,132.0,87.0,132.0,97.0,134.0,109.0,131.0,123.0,131.0,137.0,134.0,125.0,147.0,111.0,155.0,98.0,156.0,87.0,155.0,73.0,149.0,64.0,135.0,87.0,136.0,97.0,137.0,110.0,136.0,133.0,135.0,110.0,147.0,98.0,149.0,87.0,147.0
http://snapdocket.com/fast/35_0_0_20170117122020502.jpg.chip.jpg,1.0,-4.0,65.0,-2.0,89.0,-1.0,113.0,1.0,136.0,10.0,158.0,27.0,177.0,49.0,191.0,72.0,202.0,98.0,204.0,122.0,201.0,139.0,187.0,155.0,170.0,167.0,151.0,173.0,129.0,175.0,108.0,176.0,87.0,176.0,66.0,15.0,53.0,27.0,39.0,45.0,32.0,65.0,31.0,83.0,36.0,117.0,38.0,133.0,32.0,149.0,32.0,163.0,39.0,170.0,54.0,102.0,57.0,103.0,71.0,104.0,86.0,106.0,100.0,83.0,111.0,92.0,113.0,102.0,116.0,111.0,114.0,119.0,111.0,41.0,62.0,51.0,56.0,62.0,57.0,73.0,62.0,62.0,64.0,51.0,64.0,121.0,63.0,131.0,58.0,142.0,59.0,151.0,64.0,142.0,66.0,132.0,66.0,53.0,135.0,72.0,132.0,89.0,131.0,100.0,133.0,111.0,131.0,124.0,133.0,137.0,138.0,124.0,152.0,111.0,159.0,99.0,160.0,87.0,159.0,70.0,151.0,57.0,137.0,89.0,136.0,100.0,138.0,111.0,136.0,131.0,139.0,111.0,150.0,99.0,151.0,88.0,150.0
http://snapdocket.com/fast/35_0_0_20170117151310138.jpg.chip.jpg,1.0,20.0,51.0,21.0,73.0,23.0,95.0,28.0,117.0,36.0,138.0,49.0,157.0,63.0,175.0,80.0,192.0,103.0,196.0,126.0,192.0,145.0,177.0,162.0,159.0,176.0,140.0,186.0,119.0,191.0,96.0,194.0,74.0,195.0,50.0,25.0,45.0,36.0,36.0,52.0,37.0,68.0,42.0,82.0,49.0,109.0,47.0,127.0,41.0,144.0,38.0,160.0,40.0,172.0,49.0,96.0,62.0,96.0,80.0,95.0,98.0,95.0,116.0,75.0,115.0,84.0,120.0,96.0,125.0,107.0,120.0,118.0,116.0,43.0,56.0,53.0,52.0,65.0,54.0,75.0,61.0,64.0,61.0,52.0,60.0,122.0,62.0,132.0,56.0,143.0,56.0,153.0,60.0,144.0,63.0,133.0,64.0,57.0,128.0,72.0,129.0,86.0,130.0,98.0,133.0,111.0,130.0,127.0,129.0,145.0,128.0,129.0,146.0,112.0,155.0,99.0,157.0,86.0,155.0,72.0,146.0,63.0,131.0,86.0,136.0,97.0,138.0,111.0,136.0,139.0,130.0,112.0,144.0,98.0,145.0,86.0,143.0
http://snapdocket.com/fast/35_0_1_20170113142443251.jpg.chip.jpg,0.2,39.0,69.0,39.0,87.0,41.0,105.0,44.0,122.0,49.0,139.0,56.0,154.0,67.0,164.0,81.0,170.0,100.0,171.0,121.0,169.0,141.0,164.0,159.0,156.0,172.0,143.0,181.0,125.0,186.0,105.0,190.0,84.0,192.0,62.0,38.0,48.0,46.0,39.0,59.0,38.0,72.0,40.0,85.0,44.0,106.0,40.0,122.0,33.0,138.0,30.0,154.0,32.0,167.0,40.0,97.0,56.0,96.0,69.0,94.0,83.0,93.0,97.0,79.0,109.0,87.0,111.0,95.0,112.0,104.0,110.0,114.0,108.0,51.0,64.0,59.0,59.0,69.0,58.0,79.0,63.0,70.0,66.0,60.0,67.0,122.0,58.0,131.0,52.0,142.0,53.0,151.0,57.0,142.0,60.0,132.0,61.0,73.0,145.0,80.0,136.0,88.0,132.0,95.0,134.0,103.0,132.0,114.0,136.0,128.0,142.0,115.0,140.0,105.0,140.0,96.0,141.0,89.0,141.0,81.0,142.0,78.0,143.0,88.0,141.0,95.0,142.0,104.0,141.0,121.0,141.0,104.0,128.0,96.0,128.0,89.0,129.0
http://snapdocket.com/fast/35_0_1_20170113182403214.jpg.chip.jpg,1.0,18.0,36.0,17.0,60.0,19.0,84.0,23.0,107.0,31.0,129.0,43.0,149.0,56.0,168.0,72.0,185.0,94.0,188.0,115.0,184.0,132.0,168.0,147.0,149.0,160.0,130.0,169.0,109.0,173.0,86.0,175.0,62.0,174.0,39.0,30.0,36.0,41.0,30.0,54.0,31.0,67.0,35.0,79.0,42.0,119.0,40.0,130.0,33.0,143.0,29.0,155.0,28.0,164.0,35.0,99.0,61.0,99.0,80.0,100.0,99.0,100.0,118.0,78.0,116.0,88.0,121.0,99.0,127.0,110.0,122.0,118.0,116.0,45.0,53.0,56.0,49.0,68.0,51.0,78.0,60.0,66.0,62.0,54.0,61.0,117.0,61.0,128.0,51.0,140.0,49.0,149.0,54.0,142.0,61.0,130.0,63.0,60.0,130.0,76.0,133.0,89.0,134.0,98.0,136.0,107.0,134.0,118.0,133.0,131.0,130.0,118.0,144.0,106.0,151.0,96.0,152.0,87.0,151.0,74.0,145.0,66.0,133.0,89.0,139.0,97.0,140.0,107.0,138.0,125.0,133.0,106.0,139.0,97.0,141.0,88.0,140.0
http://snapdocket.com/fast/35_0_1_20170117142612894.jpg.chip.jpg,0.8,20.0,57.0,22.0,78.0,25.0,99.0,30.0,121.0,37.0,141.0,49.0,159.0,65.0,175.0,85.0,186.0,107.0,190.0,128.0,186.0,148.0,173.0,165.0,157.0,177.0,138.0,182.0,116.0,186.0,93.0,188.0,71.0,188.0,48.0,31.0,43.0,39.0,32.0,54.0,28.0,69.0,30.0,84.0,35.0,110.0,35.0,126.0,28.0,142.0,25.0,158.0,28.0,171.0,38.0,97.0,56.0,98.0,70.0,98.0,83.0,98.0,97.0,84.0,110.0,91.0,112.0,100.0,114.0,108.0,111.0,116.0,108.0,48.0,61.0,58.0,56.0,69.0,56.0,79.0,63.0,68.0,66.0,57.0,66.0,122.0,61.0,132.0,54.0,143.0,53.0,153.0,57.0,144.0,63.0,133.0,63.0,72.0,138.0,84.0,136.0,94.0,134.0,102.0,136.0,109.0,133.0,121.0,133.0,137.0,134.0,123.0,144.0,112.0,148.0,104.0,149.0,96.0,149.0,85.0,147.0,78.0,139.0,94.0,141.0,102.0,142.0,110.0,140.0,132.0,136.0,111.0,139.0,103.0,141.0,95.0,140.0
http://snapdocket.com/fast/35_0_2_20170116191142333.jpg.chip.jpg,2.6,16.0,72.0,17.0,94.0,21.0,115.0,26.0,136.0,33.0,155.0,44.0,172.0,59.0,185.0,77.0,193.0,99.0,195.0,122.0,192.0,142.0,185.0,160.0,172.0,172.0,155.0,179.0,134.0,183.0,113.0,186.0,92.0,187.0,70.0,27.0,47.0,37.0,35.0,53.0,30.0,71.0,31.0,86.0,35.0,109.0,36.0,126.0,32.0,143.0,31.0,160.0,36.0,170.0,48.0,98.0,56.0,98.0,69.0,98.0,82.0,97.0,95.0,80.0,111.0,88.0,112.0,97.0,113.0,106.0,112.0,115.0,111.0,45.0,60.0,54.0,53.0,65.0,54.0,75.0,62.0,65.0,64.0,53.0,64.0,122.0,62.0,132.0,53.0,143.0,54.0,153.0,61.0,144.0,64.0,132.0,64.0,71.0,145.0,81.0,136.0,91.0,131.0,98.0,133.0,106.0,131.0,117.0,136.0,127.0,144.0,118.0,150.0,108.0,153.0,99.0,153.0,91.0,153.0,81.0,151.0,75.0,144.0,91.0,140.0,98.0,141.0,106.0,140.0,123.0,143.0,107.0,142.0,99.0,142.0,92.0,142.0
http://snapdocket.com/fast/35_1_0_20170105165053628.jpg.chip.jpg,4.8,10.0,66.0,12.0,89.0,15.0,111.0,20.0,134.0,27.0,155.0,39.0,174.0,56.0,190.0,76.0,201.0,98.0,202.0,119.0,199.0,139.0,188.0,157.0,173.0,172.0,155.0,181.0,134.0,186.0,111.0,189.0,88.0,191.0,65.0,23.0,50.0,33.0,39.0,47.0,34.0,63.0,36.0,78.0,42.0,117.0,41.0,132.0,35.0,147.0,34.0,162.0,38.0,172.0,48.0,99.0,59.0,98.0,74.0,98.0,88.0,98.0,103.0,79.0,112.0,89.0,115.0,98.0,118.0,108.0,115.0,118.0,113.0,42.0,63.0,52.0,57.0,63.0,58.0,74.0,65.0,63.0,65.0,52.0,65.0,123.0,65.0,133.0,58.0,144.0,58.0,154.0,62.0,145.0,65.0,134.0,65.0,54.0,135.0,70.0,130.0,87.0,129.0,98.0,132.0,110.0,130.0,127.0,132.0,142.0,136.0,127.0,156.0,110.0,164.0,97.0,165.0,84.0,164.0,68.0,155.0,58.0,137.0,86.0,135.0,98.0,136.0,110.0,135.0,137.0,138.0,110.0,155.0,97.0,157.0,85.0,155.0
http://snapdocket.com/fast/35_1_0_20170113005254692.jpg.chip.jpg,4.2,4.0,28.0,5.0,54.0,9.0,80.0,13.0,103.0,23.0,125.0,37.0,144.0,54.0,160.0,72.0,173.0,91.0,176.0,108.0,172.0,122.0,159.0,135.0,144.0,148.0,126.0,157.0,107.0,164.0,86.0,170.0,64.0,173.0,40.0,25.0,35.0,40.0,32.0,55.0,33.0,69.0,37.0,83.0,43.0,122.0,44.0,134.0,39.0,146.0,34.0,159.0,33.0,169.0,38.0,101.0,62.0,100.0,79.0,100.0,96.0,100.0,113.0,79.0,116.0,88.0,119.0,98.0,122.0,108.0,119.0,117.0,115.0,42.0,54.0,53.0,51.0,65.0,53.0,75.0,60.0,63.0,62.0,51.0,60.0,122.0,62.0,132.0,54.0,143.0,53.0,152.0,56.0,144.0,62.0,133.0,63.0,64.0,134.0,76.0,132.0,89.0,131.0,98.0,134.0,107.0,131.0,117.0,132.0,127.0,133.0,118.0,145.0,108.0,153.0,98.0,154.0,88.0,154.0,75.0,147.0,69.0,136.0,89.0,139.0,98.0,140.0,107.0,138.0,122.0,135.0,108.0,139.0,98.0,141.0,89.0,140.0
http://snapdocket.com/fast/35_1_1_20170112215312112.jpg.chip.jpg,4.5,-2.0,58.0,-3.0,82.0,-1.0,106.0,1.0,131.0,10.0,153.0,25.0,173.0,45.0,188.0,69.0,200.0,95.0,203.0,121.0,199.0,141.0,185.0,158.0,169.0,172.0,149.0,180.0,128.0,184.0,105.0,184.0,83.0,183.0,61.0,20.0,40.0,34.0,33.0,50.0,33.0,65.0,37.0,79.0,43.0,120.0,41.0,134.0,36.0,147.0,33.0,161.0,35.0,171.0,43.0,100.0,61.0,101.0,76.0,102.0,91.0,103.0,107.0,78.0,113.0,89.0,116.0,100.0,119.0,111.0,116.0,121.0,114.0,38.0,61.0,50.0,58.0,62.0,58.0,73.0,63.0,61.0,64.0,49.0,64.0,122.0,64.0,134.0,59.0,146.0,59.0,156.0,62.0,147.0,64.0,136.0,65.0,50.0,134.0,67.0,127.0,86.0,125.0,98.0,127.0,111.0,125.0,128.0,128.0,140.0,135.0,128.0,158.0,112.0,169.0,97.0,171.0,84.0,169.0,65.0,158.0,56.0,136.0,85.0,135.0,98.0,136.0,111.0,135.0,132.0,137.0,111.0,153.0,97.0,154.0,85.0,153.0
http://snapdocket.com/fast/35_1_1_20170117194931418.jpg.chip.jpg,4.6,-17.0,64.0,-18.0,89.0,-15.0,116.0,-8.0,142.0,5.0,164.0,26.0,180.0,48.0,192.0,69.0,199.0,90.0,200.0,106.0,194.0,117.0,177.0,127.0,160.0,138.0,142.0,147.0,124.0,154.0,107.0,153.0,88.0,148.0,71.0,20.0,36.0,35.0,28.0,53.0,26.0,71.0,30.0,87.0,38.0,117.0,42.0,126.0,37.0,136.0,34.0,145.0,35.0,150.0,41.0,104.0,59.0,107.0,71.0,110.0,84.0,114.0,97.0,86.0,112.0,96.0,114.0,105.0,117.0,113.0,115.0,120.0,112.0,39.0,56.0,51.0,49.0,64.0,50.0,74.0,61.0,62.0,61.0,50.0,60.0,114.0,65.0,124.0,55.0,134.0,56.0,141.0,63.0,135.0,66.0,125.0,66.0,54.0,138.0,76.0,134.0,94.0,132.0,103.0,135.0,111.0,133.0,119.0,136.0,124.0,141.0,116.0,152.0,107.0,158.0,99.0,160.0,89.0,159.0,72.0,152.0,59.0,139.0,93.0,142.0,102.0,143.0,110.0,143.0,120.0,143.0,108.0,146.0,100.0,147.0,91.0,147.0
http://snapdocket.com/fast/36_0_3_20170104232856875.jpg.chip.jpg,1.2,15.0,62.0,16.0,84.0,17.0,106.0,20.0,128.0,27.0,148.0,38.0,166.0,55.0,180.0,75.0,191.0,99.0,194.0,123.0,191.0,144.0,180.0,162.0,166.0,175.0,148.0,183.0,126.0,186.0,103.0,187.0,79.0,187.0,56.0,27.0,44.0,38.0,34.0,54.0,33.0,70.0,36.0,86.0,42.0,107.0,42.0,123.0,35.0,140.0,31.0,158.0,33.0,171.0,43.0,97.0,57.0,96.0,70.0,96.0,84.0,96.0,98.0,79.0,110.0,87.0,113.0,97.0,115.0,106.0,113.0,116.0,110.0,44.0,61.0,54.0,55.0,67.0,55.0,77.0,63.0,66.0,67.0,53.0,67.0,120.0,62.0,132.0,54.0,144.0,53.0,154.0,59.0,145.0,65.0,133.0,65.0,69.0,141.0,80.0,136.0,90.0,133.0,97.0,135.0,105.0,133.0,116.0,137.0,130.0,142.0,116.0,149.0,105.0,151.0,97.0,151.0,89.0,151.0,79.0,148.0,74.0,141.0,90.0,139.0,97.0,140.0,105.0,140.0,124.0,142.0,104.0,141.0,97.0,141.0,89.0,140.0
http://snapdocket.com/fast/36_0_3_20170104232859970.jpg.chip.jpg,1.75,12.0,65.0,13.0,90.0,12.0,113.0,16.0,136.0,25.0,158.0,38.0,175.0,54.0,190.0,72.0,202.0,96.0,205.0,120.0,203.0,143.0,193.0,164.0,179.0,182.0,160.0,194.0,136.0,199.0,108.0,200.0,80.0,201.0,53.0,27.0,43.0,35.0,30.0,51.0,26.0,67.0,29.0,83.0,38.0,110.0,41.0,126.0,36.0,143.0,35.0,159.0,38.0,172.0,47.0,97.0,55.0,96.0,74.0,94.0,93.0,93.0,112.0,74.0,113.0,83.0,119.0,95.0,124.0,108.0,119.0,120.0,114.0,46.0,57.0,56.0,54.0,65.0,54.0,75.0,60.0,64.0,61.0,55.0,60.0,120.0,62.0,132.0,57.0,142.0,57.0,151.0,61.0,142.0,63.0,131.0,63.0,58.0,132.0,74.0,133.0,86.0,136.0,97.0,138.0,107.0,136.0,123.0,134.0,141.0,133.0,123.0,143.0,108.0,147.0,96.0,148.0,85.0,147.0,74.0,144.0,64.0,134.0,86.0,138.0,97.0,140.0,108.0,139.0,136.0,134.0,108.0,142.0,97.0,142.0,86.0,140.0
http://snapdocket.com/fast/36_0_3_20170119191815385.jpg.chip.jpg,1.4,5.0,62.0,6.0,86.0,8.0,110.0,11.0,132.0,17.0,153.0,30.0,169.0,48.0,182.0,71.0,192.0,97.0,194.0,123.0,192.0,143.0,182.0,160.0,168.0,171.0,151.0,177.0,131.0,182.0,110.0,183.0,89.0,185.0,68.0,19.0,46.0,31.0,33.0,49.0,29.0,67.0,32.0,84.0,39.0,115.0,39.0,132.0,34.0,149.0,33.0,166.0,37.0,175.0,50.0,99.0,59.0,99.0,74.0,99.0,89.0,99.0,104.0,79.0,113.0,89.0,116.0,99.0,118.0,108.0,116.0,117.0,113.0,41.0,61.0,51.0,54.0,63.0,54.0,74.0,63.0,63.0,66.0,50.0,65.0,121.0,65.0,133.0,56.0,145.0,56.0,154.0,63.0,146.0,67.0,133.0,67.0,59.0,137.0,75.0,132.0,89.0,130.0,99.0,132.0,109.0,130.0,123.0,132.0,136.0,138.0,123.0,146.0,110.0,150.0,98.0,151.0,87.0,150.0,74.0,146.0,65.0,137.0,88.0,137.0,99.0,138.0,109.0,137.0,130.0,138.0,110.0,138.0,99.0,139.0,88.0,138.0
http://snapdocket.com/fast/36_1_3_20170117162455051.jpg.chip.jpg,5.0,-3.0,68.0,-2.0,91.0,-1.0,115.0,1.0,139.0,9.0,162.0,22.0,182.0,42.0,195.0,68.0,202.0,97.0,203.0,123.0,201.0,144.0,193.0,159.0,178.0,169.0,158.0,176.0,138.0,180.0,117.0,182.0,96.0,183.0,74.0,26.0,40.0,38.0,29.0,55.0,24.0,73.0,24.0,89.0,31.0,111.0,30.0,127.0,24.0,144.0,24.0,158.0,31.0,167.0,44.0,101.0,52.0,101.0,66.0,101.0,79.0,101.0,92.0,81.0,109.0,90.0,111.0,99.0,113.0,107.0,112.0,115.0,110.0,41.0,61.0,52.0,55.0,65.0,56.0,76.0,63.0,64.0,66.0,51.0,66.0,118.0,64.0,130.0,57.0,142.0,57.0,152.0,64.0,143.0,68.0,130.0,68.0,64.0,148.0,78.0,135.0,92.0,128.0,100.0,130.0,109.0,128.0,120.0,135.0,129.0,148.0,119.0,160.0,108.0,163.0,99.0,164.0,89.0,163.0,77.0,159.0,71.0,147.0,91.0,139.0,99.0,139.0,108.0,138.0,123.0,147.0,108.0,150.0,99.0,151.0,90.0,150.0
http://snapdocket.com/fast/37_1_0_20170109134008515.jpg.chip.jpg,5.2,25.0,61.0,24.0,83.0,25.0,104.0,29.0,125.0,35.0,147.0,46.0,166.0,61.0,183.0,77.0,198.0,99.0,202.0,124.0,201.0,149.0,191.0,171.0,177.0,188.0,156.0,196.0,132.0,199.0,106.0,201.0,82.0,202.0,57.0,34.0,39.0,41.0,32.0,53.0,29.0,65.0,30.0,78.0,36.0,115.0,38.0,129.0,32.0,145.0,30.0,160.0,34.0,173.0,42.0,94.0,60.0,93.0,75.0,92.0,91.0,91.0,106.0,78.0,114.0,85.0,118.0,93.0,122.0,103.0,118.0,112.0,114.0,49.0,58.0,57.0,52.0,67.0,53.0,75.0,61.0,66.0,63.0,56.0,62.0,123.0,62.0,131.0,54.0,142.0,53.0,151.0,59.0,143.0,63.0,132.0,64.0,64.0,136.0,75.0,132.0,87.0,133.0,97.0,135.0,108.0,133.0,124.0,132.0,143.0,137.0,126.0,152.0,109.0,156.0,98.0,157.0,87.0,156.0,74.0,150.0,70.0,137.0,87.0,139.0,97.0,140.0,108.0,140.0,138.0,138.0,108.0,147.0,98.0,147.0,87.0,147.0
http://snapdocket.com/fast/38_1_1_20170112204552523.jpg.chip.jpg,4.8,21.0,50.0,23.0,73.0,26.0,96.0,33.0,117.0,41.0,137.0,53.0,156.0,67.0,174.0,82.0,189.0,100.0,194.0,119.0,190.0,135.0,177.0,149.0,159.0,161.0,140.0,171.0,120.0,178.0,98.0,182.0,74.0,184.0,49.0,28.0,37.0,38.0,27.0,52.0,26.0,66.0,31.0,80.0,39.0,113.0,38.0,128.0,31.0,143.0,28.0,158.0,30.0,169.0,39.0,97.0,58.0,97.0,75.0,96.0,91.0,96.0,108.0,79.0,112.0,88.0,116.0,97.0,119.0,107.0,116.0,116.0,112.0,44.0,58.0,53.0,53.0,65.0,55.0,74.0,63.0,63.0,63.0,52.0,62.0,122.0,63.0,133.0,56.0,143.0,55.0,153.0,60.0,144.0,64.0,133.0,65.0,64.0,136.0,75.0,130.0,88.0,128.0,98.0,130.0,108.0,128.0,124.0,130.0,137.0,136.0,125.0,159.0,110.0,167.0,98.0,168.0,88.0,167.0,74.0,157.0,67.0,138.0,88.0,135.0,98.0,136.0,109.0,135.0,133.0,138.0,109.0,156.0,98.0,157.0,88.0,155.0
http://snapdocket.com/fast/39_0_0_20170104181221245.jpg.chip.jpg,2.0,10.0,64.0,10.0,87.0,12.0,109.0,16.0,131.0,23.0,152.0,35.0,172.0,50.0,189.0,69.0,202.0,96.0,204.0,125.0,203.0,147.0,193.0,163.0,177.0,176.0,156.0,185.0,135.0,189.0,111.0,192.0,88.0,194.0,64.0,23.0,46.0,32.0,34.0,49.0,31.0,65.0,34.0,79.0,41.0,113.0,41.0,130.0,35.0,147.0,32.0,164.0,36.0,175.0,47.0,97.0,59.0,96.0,74.0,96.0,89.0,96.0,103.0,78.0,111.0,87.0,114.0,97.0,118.0,107.0,114.0,116.0,111.0,44.0,62.0,53.0,57.0,64.0,57.0,74.0,63.0,64.0,65.0,53.0,65.0,122.0,63.0,132.0,57.0,144.0,57.0,153.0,62.0,144.0,65.0,133.0,66.0,58.0,135.0,71.0,131.0,86.0,131.0,98.0,133.0,111.0,132.0,127.0,133.0,141.0,138.0,127.0,156.0,111.0,164.0,96.0,165.0,83.0,163.0,69.0,154.0,62.0,137.0,85.0,136.0,97.0,138.0,111.0,137.0,136.0,138.0,110.0,154.0,97.0,155.0,85.0,153.0
http://snapdocket.com/fast/39_0_0_20170117154233939.jpg.chip.jpg,1.6,19.0,60.0,20.0,80.0,22.0,101.0,27.0,122.0,35.0,141.0,48.0,158.0,63.0,174.0,81.0,187.0,101.0,192.0,122.0,188.0,141.0,177.0,157.0,162.0,170.0,144.0,178.0,124.0,181.0,102.0,183.0,79.0,183.0,56.0,35.0,42.0,44.0,34.0,58.0,32.0,73.0,34.0,86.0,40.0,111.0,40.0,124.0,34.0,139.0,33.0,153.0,36.0,163.0,44.0,98.0,57.0,97.0,72.0,96.0,87.0,95.0,102.0,79.0,109.0,87.0,112.0,97.0,116.0,107.0,112.0,117.0,109.0,49.0,59.0,59.0,57.0,68.0,57.0,78.0,61.0,68.0,62.0,58.0,61.0,119.0,62.0,128.0,57.0,138.0,57.0,148.0,60.0,138.0,62.0,129.0,62.0,64.0,129.0,76.0,127.0,88.0,126.0,98.0,128.0,108.0,126.0,124.0,128.0,139.0,129.0,125.0,150.0,110.0,158.0,99.0,158.0,88.0,157.0,75.0,148.0,69.0,131.0,88.0,131.0,98.0,132.0,108.0,132.0,134.0,131.0,109.0,146.0,99.0,147.0,89.0,145.0
http://snapdocket.com/fast/39_0_3_20170119191918705.jpg.chip.jpg,0.8,2.0,48.0,3.0,74.0,6.0,99.0,11.0,123.0,21.0,144.0,35.0,163.0,53.0,178.0,72.0,190.0,94.0,194.0,116.0,190.0,132.0,176.0,147.0,160.0,159.0,141.0,168.0,119.0,173.0,97.0,176.0,74.0,177.0,50.0,24.0,45.0,37.0,38.0,55.0,37.0,71.0,41.0,88.0,47.0,113.0,47.0,128.0,42.0,142.0,39.0,157.0,40.0,168.0,48.0,101.0,59.0,102.0,77.0,103.0,94.0,103.0,112.0,82.0,113.0,91.0,118.0,101.0,123.0,111.0,119.0,119.0,113.0,45.0,56.0,54.0,51.0,65.0,51.0,74.0,59.0,64.0,61.0,53.0,60.0,121.0,59.0,129.0,52.0,140.0,52.0,148.0,57.0,140.0,61.0,130.0,61.0,61.0,132.0,76.0,135.0,90.0,136.0,99.0,138.0,107.0,136.0,117.0,135.0,129.0,134.0,117.0,143.0,107.0,147.0,98.0,147.0,88.0,146.0,75.0,143.0,66.0,134.0,90.0,139.0,99.0,140.0,107.0,139.0,123.0,135.0,107.0,138.0,98.0,139.0,89.0,138.0
http://snapdocket.com/fast/39_1_0_20170103182037472.jpg.chip.jpg,4.2,14.0,71.0,15.0,93.0,17.0,113.0,18.0,135.0,25.0,156.0,37.0,173.0,54.0,188.0,75.0,199.0,99.0,201.0,123.0,198.0,144.0,187.0,162.0,173.0,176.0,156.0,182.0,135.0,185.0,113.0,186.0,91.0,188.0,68.0,29.0,49.0,38.0,38.0,52.0,33.0,66.0,32.0,80.0,37.0,116.0,35.0,130.0,29.0,145.0,29.0,159.0,35.0,168.0,45.0,98.0,56.0,98.0,72.0,97.0,88.0,97.0,104.0,81.0,112.0,89.0,116.0,98.0,119.0,107.0,115.0,115.0,112.0,47.0,61.0,57.0,56.0,67.0,56.0,77.0,63.0,67.0,64.0,56.0,64.0,120.0,62.0,130.0,55.0,141.0,54.0,150.0,59.0,142.0,62.0,132.0,63.0,54.0,136.0,70.0,133.0,86.0,132.0,97.0,134.0,110.0,132.0,126.0,132.0,142.0,135.0,127.0,146.0,111.0,152.0,98.0,153.0,85.0,153.0,70.0,148.0,60.0,137.0,86.0,139.0,97.0,141.0,110.0,139.0,136.0,136.0,111.0,143.0,97.0,144.0,85.0,143.0
http://snapdocket.com/fast/40_0_0_20170116222338389.jpg.chip.jpg,0.8,19.0,60.0,21.0,81.0,25.0,103.0,28.0,124.0,35.0,144.0,47.0,161.0,62.0,175.0,79.0,187.0,98.0,191.0,117.0,188.0,133.0,176.0,147.0,162.0,158.0,144.0,166.0,125.0,170.0,104.0,174.0,83.0,176.0,61.0,30.0,50.0,41.0,40.0,55.0,38.0,71.0,39.0,85.0,44.0,114.0,44.0,128.0,40.0,143.0,41.0,156.0,44.0,165.0,52.0,98.0,58.0,98.0,73.0,98.0,88.0,98.0,104.0,81.0,112.0,89.0,115.0,98.0,117.0,107.0,115.0,115.0,112.0,46.0,58.0,55.0,52.0,66.0,52.0,76.0,60.0,66.0,62.0,54.0,62.0,121.0,60.0,130.0,53.0,141.0,53.0,149.0,59.0,142.0,63.0,131.0,63.0,69.0,140.0,80.0,136.0,90.0,134.0,98.0,137.0,107.0,134.0,117.0,136.0,128.0,140.0,117.0,145.0,107.0,148.0,98.0,148.0,90.0,148.0,80.0,145.0,73.0,140.0,90.0,139.0,98.0,140.0,107.0,139.0,124.0,140.0,107.0,140.0,98.0,141.0,90.0,140.0
http://snapdocket.com/fast/40_0_3_20170109003040502.jpg.chip.jpg,2.2,6.0,65.0,6.0,87.0,8.0,110.0,10.0,132.0,17.0,153.0,31.0,171.0,48.0,188.0,70.0,200.0,98.0,203.0,126.0,201.0,149.0,191.0,169.0,177.0,185.0,159.0,194.0,138.0,198.0,115.0,198.0,91.0,199.0,68.0,18.0,55.0,27.0,40.0,46.0,32.0,65.0,33.0,82.0,40.0,115.0,39.0,131.0,33.0,149.0,33.0,167.0,40.0,177.0,53.0,100.0,59.0,100.0,74.0,100.0,89.0,100.0,104.0,76.0,110.0,87.0,113.0,99.0,117.0,110.0,114.0,120.0,112.0,41.0,65.0,51.0,57.0,64.0,58.0,74.0,67.0,64.0,68.0,50.0,68.0,122.0,67.0,133.0,58.0,146.0,59.0,155.0,67.0,147.0,69.0,134.0,70.0,51.0,136.0,69.0,129.0,87.0,127.0,97.0,129.0,111.0,127.0,129.0,129.0,147.0,136.0,130.0,152.0,112.0,161.0,98.0,162.0,86.0,161.0,68.0,153.0,57.0,137.0,86.0,134.0,97.0,135.0,111.0,134.0,140.0,137.0,112.0,150.0,98.0,151.0,86.0,150.0
http://snapdocket.com/fast/41_0_0_20170113184511343.jpg.chip.jpg,2.0,19.0,65.0,19.0,87.0,20.0,109.0,22.0,131.0,26.0,152.0,35.0,172.0,49.0,190.0,67.0,202.0,93.0,205.0,121.0,203.0,145.0,195.0,166.0,180.0,182.0,161.0,192.0,139.0,196.0,113.0,198.0,88.0,198.0,62.0,25.0,49.0,34.0,36.0,50.0,33.0,65.0,35.0,80.0,41.0,114.0,38.0,130.0,30.0,146.0,28.0,163.0,31.0,176.0,42.0,97.0,58.0,96.0,73.0,95.0,88.0,94.0,103.0,78.0,112.0,87.0,114.0,96.0,117.0,106.0,114.0,117.0,111.0,45.0,63.0,54.0,58.0,65.0,58.0,75.0,65.0,64.0,67.0,53.0,67.0,124.0,63.0,133.0,56.0,145.0,55.0,155.0,60.0,146.0,64.0,134.0,65.0,58.0,136.0,71.0,131.0,85.0,130.0,97.0,133.0,110.0,130.0,126.0,131.0,142.0,134.0,125.0,153.0,109.0,163.0,96.0,164.0,83.0,163.0,69.0,155.0,63.0,138.0,85.0,139.0,97.0,140.0,110.0,139.0,136.0,136.0,109.0,150.0,96.0,152.0,84.0,150.0
http://snapdocket.com/fast/41_1_0_20170103163256248.jpg.chip.jpg,3.2,36.0,64.0,34.0,83.0,34.0,102.0,38.0,121.0,44.0,141.0,53.0,160.0,65.0,177.0,78.0,194.0,96.0,200.0,118.0,199.0,141.0,192.0,166.0,181.0,185.0,162.0,198.0,140.0,202.0,115.0,205.0,90.0,205.0,64.0,36.0,40.0,43.0,33.0,55.0,32.0,68.0,35.0,80.0,41.0,108.0,42.0,124.0,34.0,142.0,31.0,160.0,34.0,175.0,43.0,92.0,58.0,90.0,73.0,88.0,88.0,86.0,104.0,75.0,113.0,82.0,117.0,91.0,121.0,102.0,118.0,114.0,114.0,48.0,60.0,56.0,55.0,66.0,55.0,78.0,62.0,66.0,63.0,56.0,62.0,122.0,64.0,134.0,57.0,145.0,56.0,157.0,61.0,145.0,64.0,134.0,64.0,67.0,134.0,76.0,133.0,87.0,132.0,96.0,134.0,106.0,132.0,123.0,134.0,145.0,136.0,124.0,149.0,107.0,155.0,96.0,155.0,86.0,154.0,77.0,148.0,72.0,136.0,87.0,137.0,96.0,139.0,106.0,139.0,141.0,136.0,106.0,146.0,96.0,146.0,87.0,145.0
http://snapdocket.com/fast/45_0_1_20170113173043145.jpg.chip.jpg,0.0,27.0,52.0,27.0,74.0,29.0,95.0,33.0,117.0,40.0,138.0,51.0,157.0,64.0,174.0,79.0,188.0,99.0,194.0,120.0,190.0,141.0,177.0,160.0,160.0,175.0,142.0,186.0,121.0,191.0,97.0,193.0,72.0,194.0,48.0,31.0,41.0,40.0,33.0,53.0,33.0,67.0,37.0,80.0,44.0,112.0,44.0,127.0,38.0,143.0,34.0,159.0,34.0,172.0,42.0,97.0,59.0,96.0,73.0,95.0,87.0,93.0,102.0,80.0,110.0,87.0,113.0,95.0,116.0,105.0,113.0,114.0,110.0,47.0,57.0,55.0,53.0,66.0,55.0,76.0,61.0,64.0,63.0,54.0,63.0,123.0,61.0,132.0,55.0,143.0,55.0,153.0,59.0,144.0,64.0,133.0,64.0,69.0,139.0,80.0,136.0,90.0,135.0,98.0,137.0,106.0,135.0,118.0,136.0,132.0,137.0,119.0,150.0,107.0,156.0,98.0,157.0,89.0,156.0,80.0,150.0,75.0,140.0,90.0,141.0,98.0,142.0,107.0,141.0,126.0,139.0,107.0,143.0,98.0,145.0,90.0,143.0
http://snapdocket.com/fast/45_0_3_20170119184144631.jpg.chip.jpg,1.8,11.0,64.0,13.0,87.0,15.0,109.0,20.0,130.0,27.0,151.0,41.0,168.0,57.0,184.0,76.0,198.0,100.0,202.0,125.0,200.0,148.0,188.0,168.0,174.0,184.0,155.0,191.0,133.0,195.0,109.0,196.0,83.0,195.0,59.0,26.0,46.0,35.0,36.0,49.0,31.0,64.0,33.0,78.0,39.0,111.0,40.0,126.0,34.0,143.0,32.0,159.0,37.0,172.0,46.0,94.0,58.0,95.0,73.0,95.0,88.0,95.0,104.0,78.0,112.0,87.0,115.0,96.0,119.0,106.0,115.0,116.0,111.0,46.0,60.0,54.0,54.0,64.0,55.0,74.0,61.0,63.0,64.0,53.0,64.0,122.0,62.0,131.0,55.0,142.0,54.0,152.0,60.0,143.0,64.0,132.0,64.0,59.0,135.0,72.0,132.0,86.0,132.0,97.0,134.0,107.0,132.0,122.0,132.0,137.0,137.0,123.0,149.0,109.0,154.0,98.0,154.0,86.0,153.0,72.0,148.0,64.0,137.0,86.0,139.0,98.0,140.0,108.0,139.0,132.0,138.0,108.0,144.0,98.0,145.0,86.0,143.0
http://snapdocket.com/fast/47_1_1_20170113012000953.jpg.chip.jpg,4.4,-4.0,65.0,0.0,88.0,6.0,110.0,13.0,131.0,25.0,149.0,42.0,163.0,63.0,173.0,86.0,180.0,107.0,180.0,125.0,174.0,138.0,161.0,149.0,145.0,155.0,126.0,158.0,106.0,159.0,86.0,158.0,66.0,156.0,45.0,22.0,47.0,32.0,36.0,47.0,30.0,63.0,30.0,78.0,33.0,107.0,29.0,118.0,22.0,131.0,18.0,143.0,20.0,150.0,28.0,96.0,52.0,99.0,66.0,102.0,80.0,105.0,94.0,86.0,106.0,95.0,108.0,105.0,109.0,112.0,106.0,119.0,102.0,40.0,61.0,49.0,54.0,60.0,53.0,71.0,61.0,61.0,65.0,49.0,66.0,112.0,55.0,121.0,45.0,132.0,43.0,140.0,47.0,135.0,55.0,123.0,57.0,69.0,135.0,83.0,129.0,96.0,126.0,103.0,127.0,110.0,125.0,119.0,126.0,128.0,129.0,121.0,140.0,112.0,144.0,105.0,146.0,97.0,147.0,83.0,144.0,74.0,135.0,96.0,134.0,104.0,134.0,111.0,133.0,123.0,130.0,111.0,134.0,104.0,135.0,96.0,136.0
http://snapdocket.com/fast/48_0_3_20170119205259311.jpg.chip.jpg,0.5,21.0,61.0,20.0,84.0,22.0,107.0,26.0,129.0,35.0,150.0,49.0,168.0,65.0,183.0,82.0,196.0,103.0,198.0,124.0,195.0,140.0,181.0,157.0,166.0,171.0,148.0,180.0,128.0,185.0,106.0,186.0,83.0,186.0,60.0,32.0,52.0,39.0,39.0,54.0,35.0,70.0,38.0,86.0,43.0,103.0,41.0,121.0,35.0,139.0,34.0,157.0,38.0,167.0,51.0,96.0,56.0,96.0,72.0,96.0,88.0,96.0,105.0,77.0,109.0,87.0,113.0,97.0,116.0,108.0,112.0,117.0,108.0,49.0,60.0,57.0,54.0,67.0,53.0,77.0,60.0,67.0,62.0,57.0,62.0,118.0,60.0,129.0,53.0,140.0,53.0,149.0,59.0,140.0,62.0,129.0,61.0,64.0,135.0,76.0,130.0,88.0,128.0,98.0,130.0,108.0,128.0,122.0,128.0,135.0,131.0,123.0,143.0,110.0,150.0,99.0,152.0,88.0,151.0,77.0,146.0,69.0,135.0,88.0,133.0,98.0,134.0,109.0,132.0,130.0,132.0,109.0,138.0,99.0,141.0,88.0,140.0
http://snapdocket.com/fast/49_0_0_20170104185744454.jpg.chip.jpg,1.4,25.0,67.0,24.0,86.0,24.0,106.0,26.0,127.0,32.0,146.0,43.0,163.0,59.0,177.0,75.0,189.0,96.0,193.0,117.0,192.0,136.0,182.0,153.0,168.0,166.0,151.0,175.0,131.0,179.0,111.0,181.0,89.0,182.0,68.0,34.0,62.0,43.0,50.0,60.0,46.0,77.0,49.0,93.0,57.0,105.0,57.0,122.0,49.0,141.0,46.0,158.0,50.0,168.0,64.0,98.0,64.0,98.0,78.0,98.0,92.0,97.0,107.0,78.0,111.0,88.0,115.0,98.0,119.0,109.0,115.0,119.0,111.0,54.0,63.0,62.0,60.0,71.0,60.0,79.0,64.0,71.0,66.0,62.0,66.0,121.0,65.0,131.0,61.0,139.0,62.0,147.0,65.0,139.0,67.0,130.0,66.0,64.0,129.0,77.0,130.0,90.0,132.0,100.0,134.0,109.0,132.0,122.0,131.0,137.0,132.0,122.0,141.0,109.0,143.0,99.0,143.0,88.0,142.0,76.0,138.0,68.0,131.0,89.0,133.0,99.0,135.0,109.0,134.0,133.0,132.0,109.0,136.0,99.0,136.0,89.0,135.0
http://snapdocket.com/fast/49_1_0_20170103181849281.jpg.chip.jpg,4.75,19.0,61.0,18.0,82.0,20.0,103.0,24.0,125.0,32.0,145.0,45.0,164.0,61.0,180.0,79.0,197.0,101.0,202.0,125.0,199.0,146.0,185.0,166.0,170.0,183.0,152.0,193.0,131.0,198.0,107.0,200.0,84.0,201.0,59.0,29.0,47.0,40.0,38.0,54.0,37.0,69.0,38.0,83.0,43.0,112.0,44.0,127.0,39.0,143.0,38.0,158.0,41.0,171.0,48.0,95.0,59.0,94.0,76.0,93.0,93.0,92.0,110.0,78.0,115.0,85.0,119.0,94.0,122.0,104.0,119.0,113.0,116.0,46.0,58.0,56.0,54.0,66.0,54.0,75.0,61.0,65.0,61.0,55.0,60.0,123.0,62.0,133.0,55.0,143.0,55.0,152.0,60.0,143.0,62.0,133.0,62.0,62.0,132.0,74.0,131.0,88.0,132.0,97.0,134.0,108.0,132.0,125.0,132.0,143.0,134.0,127.0,153.0,110.0,161.0,98.0,162.0,88.0,161.0,74.0,152.0,67.0,134.0,88.0,137.0,97.0,138.0,108.0,137.0,137.0,136.0,109.0,152.0,98.0,153.0,88.0,151.0
http://snapdocket.com/fast/50_0_1_20170113142324284.jpg.chip.jpg,0.25,-7.0,83.0,-7.0,108.0,-5.0,134.0,-1.0,158.0,9.0,179.0,27.0,194.0,52.0,202.0,77.0,206.0,104.0,207.0,127.0,204.0,145.0,194.0,157.0,178.0,164.0,159.0,168.0,138.0,172.0,120.0,173.0,101.0,171.0,82.0,16.0,51.0,30.0,35.0,50.0,30.0,70.0,34.0,88.0,45.0,109.0,46.0,125.0,38.0,141.0,37.0,157.0,41.0,164.0,54.0,99.0,54.0,100.0,65.0,102.0,75.0,103.0,87.0,80.0,103.0,91.0,107.0,101.0,109.0,110.0,108.0,117.0,105.0,40.0,62.0,49.0,56.0,60.0,56.0,69.0,61.0,60.0,63.0,49.0,63.0,119.0,62.0,130.0,58.0,140.0,60.0,146.0,66.0,140.0,66.0,130.0,64.0,59.0,147.0,74.0,133.0,90.0,128.0,101.0,130.0,113.0,128.0,126.0,135.0,133.0,149.0,125.0,156.0,113.0,157.0,101.0,158.0,90.0,157.0,74.0,155.0,64.0,146.0,90.0,137.0,101.0,138.0,113.0,138.0,128.0,147.0,113.0,147.0,101.0,147.0,90.0,146.0
http://snapdocket.com/fast/50_0_1_20170113173828618.jpg.chip.jpg,0.6,14.0,55.0,15.0,79.0,16.0,103.0,20.0,124.0,30.0,144.0,45.0,163.0,61.0,180.0,79.0,195.0,100.0,200.0,122.0,195.0,141.0,181.0,160.0,165.0,176.0,147.0,187.0,127.0,192.0,103.0,193.0,78.0,193.0,53.0,23.0,43.0,32.0,32.0,47.0,31.0,61.0,35.0,75.0,41.0,117.0,41.0,132.0,35.0,148.0,32.0,164.0,34.0,176.0,42.0,96.0,61.0,96.0,75.0,95.0,88.0,95.0,102.0,76.0,111.0,85.0,114.0,96.0,116.0,107.0,113.0,117.0,110.0,43.0,61.0,53.0,56.0,65.0,56.0,75.0,64.0,64.0,65.0,52.0,65.0,121.0,64.0,132.0,57.0,144.0,56.0,154.0,61.0,145.0,65.0,132.0,65.0,59.0,136.0,73.0,133.0,88.0,132.0,98.0,133.0,109.0,131.0,125.0,132.0,141.0,133.0,127.0,156.0,110.0,166.0,99.0,167.0,88.0,166.0,73.0,157.0,65.0,138.0,88.0,139.0,98.0,140.0,109.0,138.0,135.0,136.0,109.0,152.0,99.0,153.0,89.0,152.0
http://snapdocket.com/fast/50_0_3_20170119205541880.jpg.chip.jpg,2.6,41.0,79.0,40.0,96.0,39.0,115.0,42.0,135.0,49.0,155.0,57.0,172.0,69.0,188.0,83.0,200.0,103.0,202.0,126.0,200.0,149.0,192.0,172.0,183.0,190.0,167.0,198.0,145.0,201.0,120.0,201.0,94.0,200.0,67.0,38.0,55.0,44.0,46.0,56.0,43.0,69.0,42.0,82.0,46.0,101.0,43.0,118.0,35.0,138.0,34.0,157.0,41.0,170.0,54.0,91.0,61.0,89.0,75.0,87.0,88.0,85.0,102.0,73.0,113.0,81.0,116.0,91.0,118.0,103.0,114.0,114.0,110.0,53.0,65.0,59.0,59.0,69.0,59.0,79.0,67.0,69.0,67.0,60.0,68.0,121.0,63.0,131.0,55.0,142.0,55.0,152.0,60.0,143.0,63.0,132.0,63.0,68.0,141.0,76.0,134.0,86.0,131.0,95.0,133.0,104.0,130.0,120.0,132.0,138.0,138.0,122.0,146.0,108.0,150.0,98.0,151.0,88.0,151.0,77.0,148.0,72.0,140.0,87.0,139.0,96.0,140.0,105.0,139.0,132.0,138.0,105.0,140.0,96.0,141.0,87.0,140.0
http://snapdocket.com/fast/50_1_0_20170117160741470.jpg.chip.jpg,4.0,12.0,65.0,13.0,87.0,14.0,109.0,17.0,131.0,24.0,152.0,39.0,171.0,55.0,187.0,75.0,200.0,97.0,202.0,119.0,200.0,138.0,187.0,156.0,170.0,169.0,152.0,176.0,131.0,179.0,110.0,180.0,89.0,180.0,68.0,29.0,43.0,41.0,34.0,56.0,31.0,72.0,33.0,86.0,39.0,112.0,40.0,126.0,34.0,141.0,32.0,156.0,35.0,166.0,47.0,99.0,57.0,99.0,72.0,100.0,88.0,100.0,104.0,78.0,112.0,88.0,115.0,99.0,119.0,109.0,116.0,119.0,113.0,44.0,61.0,53.0,56.0,63.0,57.0,74.0,64.0,63.0,64.0,52.0,63.0,120.0,65.0,131.0,58.0,141.0,58.0,151.0,63.0,142.0,65.0,131.0,65.0,52.0,133.0,69.0,132.0,87.0,131.0,99.0,134.0,110.0,131.0,126.0,132.0,143.0,134.0,127.0,154.0,111.0,162.0,98.0,163.0,85.0,162.0,68.0,153.0,57.0,135.0,87.0,137.0,98.0,139.0,110.0,137.0,138.0,136.0,110.0,152.0,98.0,154.0,86.0,152.0
