,filename,timestamp,confidence,success,gaze_0_x,gaze_0_y,gaze_0_z,gaze_1_x,gaze_1_y,gaze_1_z,gaze_angle_x,gaze_angle_y,pose_Tx,pose_Ty,pose_Tz,pose_Rx,pose_Ry,pose_Rz,AU01_r,AU02_r,AU04_r,AU05_r,AU06_r,AU07_r,AU09_r,AU10_r,AU12_r,AU14_r,AU15_r,AU17_r,AU20_r,AU23_r,AU25_r,AU26_r,AU45_r,AU01_c,AU02_c,AU04_c,AU05_c,AU06_c,AU07_c,AU09_c,AU10_c,AU12_c,AU14_c,AU15_c,AU17_c,AU20_c,AU23_c,AU25_c,AU26_c,AU28_c,AU45_c
0,00-13-953-I-B-user61_openface.csv,0.0,0.98,1.0,0.211354,0.298047,-0.930858,-0.043262,0.299559,-0.953096,0.08900000000000001,0.307,2.1,-68.4,436.3,0.086,0.003,-0.002,0.15,0.0,0.41,0.0,0.0,0.39,0.0,0.0,0.0,0.0,0.0,0.0,0.0,0.08,0.0,0.0,1.2,0.0,0.0,0.0,0.0,0.0,0.0,0.0,0.0,0.0,0.0,0.0,0.0,0.0,0.0,0.0,0.0,0.0,1.0
1,00-13-953-W-B-user62_openface.csv,5.267,0.98,1.0,0.119599,0.158826,-0.980036,-0.188336,0.091222,-0.977859,-0.035,0.127,16.3,13.1,288.8,-0.107,0.062,0.019,0.0,0.0,0.59,0.0,0.23,1.19,0.0,0.61,0.62,0.71,0.0,0.16,0.37,0.33,0.0,0.0,0.08,0.0,1.0,0.0,1.0,0.0,1.0,0.0,0.0,1.0,0.0,0.0,0.0,0.0,1.0,0.0,0.0,0.0,1.0
2,00-34-288-I-B-user114_openface.csv,8.133,0.98,1.0,0.250471,0.20046,-0.947143,-0.114602,0.245973,-0.962478,0.071,0.23,-15.5,-27.9,379.4,0.018000000000000002,0.014,-0.033,0.0,0.0,0.52,0.07,0.47,1.08,0.0,0.0,0.81,0.42,0.0,0.56,0.04,0.0,0.0,0.0,0.0,0.0,0.0,0.0,1.0,0.0,0.0,0.0,0.0,0.0,1.0,0.0,0.0,0.0,0.0,0.0,0.0,0.0,0.0
3,01-01-49-I-B-user135_openface.csv,43.0,0.98,1.0,-0.018398,0.116539,-0.993016,-0.09215,0.1251,-0.987855,-0.056,0.121,-14.3,21.0,364.8,-0.106,0.062,0.024,0.04,0.0,0.0,0.14,0.0,0.0,0.0,0.0,0.13,0.18,0.24,2.27,0.51,0.87,0.0,4.09,0.0,0.0,0.0,0.0,0.0,0.0,0.0,0.0,0.0,0.0,0.0,1.0,1.0,1.0,1.0,0.0,0.0,0.0,0.0
4,01-01-49-W-B-user134_openface.csv,1.533,0.98,1.0,-0.081097,0.125457,-0.988779,-0.071162,0.117747,-0.990491,-0.077,0.122,36.5,37.1,404.3,-0.014,0.062,0.016,0.77,0.51,0.73,0.0,0.0,0.0,0.0,0.02,0.13,0.0,0.0,0.13,0.0,0.0,0.0,0.26,0.0,0.0,0.0,0.0,0.0,0.0,0.0,0.0,0.0,0.0,0.0,0.0,0.0,0.0,0.0,0.0,0.0,0.0,0.0
5,01-25-367-I-B-user147_openface.csv,0.267,0.98,1.0,-0.072558,0.001277,-0.997363,-0.195699,-0.006678,-0.980641,-0.135,-0.003,125.4,96.2,606.5,-0.031,0.115,0.015,1.46,0.08,0.02,0.02,0.0,0.0,0.0,0.0,0.0,0.0,0.0,0.34,0.18,0.0,0.0,0.0,0.0,1.0,1.0,0.0,1.0,0.0,0.0,0.0,0.0,0.0,0.0,0.0,0.0,0.0,0.0,0.0,0.0,0.0,0.0
6,01-25-367-W-B-user148_openface.csv,4.667,0.98,1.0,0.13337100000000002,0.273376,-0.952616,-0.027652,0.276863,-0.960511,0.055,0.28,19.1,32.0,389.4,0.09,-0.015,-0.034,0.04,0.0,1.53,0.0,0.34,0.11,0.07,0.0,0.42,0.84,0.03,0.49,0.0,0.0,0.07,0.0,0.18,0.0,0.0,0.0,0.0,0.0,0.0,0.0,0.0,0.0,1.0,0.0,1.0,0.0,0.0,0.0,0.0,0.0,0.0
7,01-38-934-I-B-user1_openface.csv,0.8,0.98,1.0,0.014997,0.14774,-0.988912,-0.15147,0.179537,-0.97202,-0.069,0.165,-5.5,50.2,306.6,-0.021,0.114,0.016,0.39,0.02,0.65,0.0,0.08,0.0,0.0,0.55,0.37,1.35,0.07,0.45,0.0,0.34,0.31,1.25,0.0,1.0,1.0,0.0,1.0,0.0,0.0,0.0,1.0,0.0,1.0,0.0,0.0,0.0,0.0,0.0,1.0,0.0,0.0
8,01-38-934-W-B-user44_openface.csv,7.867000000000001,0.98,1.0,-0.007181999999999998,0.205402,-0.978651,-0.164437,0.191373,-0.967645,-0.08800000000000001,0.201,4.2,21.8,320.1,0.093,0.035,-0.017,0.0,0.0,0.0,0.01,0.0,0.0,0.0,0.7,0.69,0.5,0.15,1.32,0.65,1.05,0.09,0.48,0.0,0.0,0.0,1.0,0.0,0.0,0.0,0.0,0.0,0.0,1.0,0.0,1.0,0.0,1.0,0.0,0.0,0.0,0.0
9,01-50-492-I-T-user1_openface.csv,0.0,0.98,1.0,0.060399,0.246286,-0.967313,-0.077914,0.271048,-0.959407,-0.009000000000000001,0.262,-2.4,-1.3,408.5,0.098,-0.03,-0.005,0.09,0.0,0.34,0.46,0.05,0.0,0.0,0.0,0.25,2.04,0.0,0.62,0.34,0.87,0.0,0.01,0.36,1.0,0.0,0.0,1.0,0.0,0.0,0.0,0.0,0.0,1.0,0.0,0.0,0.0,0.0,0.0,0.0,0.0,0.0
10,01-50-492-W-T-user2_openface.csv,2.733,0.98,1.0,0.055747000000000005,0.290263,-0.955322,-0.147545,0.275834,-0.949814,-0.048,0.289,23.5,-38.0,440.4,0.096,0.097,0.014,0.0,0.25,0.15,0.05,0.71,1.01,0.03,0.3,0.37,0.71,0.0,1.56,0.18,0.0,0.13,1.32,1.12,0.0,1.0,0.0,0.0,0.0,1.0,0.0,0.0,0.0,0.0,0.0,1.0,1.0,1.0,0.0,0.0,0.0,1.0
11,02-09-31-I-T-user100_openface.csv,8.732999999999999,0.98,1.0,0.103102,0.260509,-0.95995,-0.27120900000000003,0.309924,-0.911259,-0.09,0.29600000000000004,41.4,-13.6,446.4,-0.021,0.121,0.033,0.06,0.23,0.0,0.0,0.0,0.41,0.0,0.0,0.39,1.27,0.03,0.26,2.16,0.0,0.49,0.37,0.75,0.0,0.0,0.0,0.0,0.0,0.0,0.0,0.0,1.0,1.0,1.0,0.0,1.0,0.0,0.0,0.0,0.0,1.0
12,02-09-31-W-T-user101_openface.csv,5.067,0.98,1.0,0.136689,0.128076,-0.9823,-0.12731099999999998,0.14512,-0.981189,0.005,0.138,13.1,12.9,374.2,-0.083,0.104,-0.033,0.13,0.82,0.36,0.0,0.11,0.0,0.0,0.0,0.96,1.98,0.21,0.76,1.25,0.4,0.0,0.77,0.0,0.0,0.0,0.0,0.0,0.0,0.0,0.0,1.0,1.0,1.0,0.0,0.0,1.0,1.0,0.0,0.0,0.0,0.0
13,02-20-877-I-B-user130_openface.csv,2.533,0.98,1.0,0.161691,0.003182,-0.986836,-0.17051,0.257298,-0.95117,-0.005,0.134,4.8,11.4,364.5,-0.034,0.075,-0.029,0.0,0.0,0.0,0.0,0.29,1.27,0.03,0.03,1.09,0.0,1.4,0.88,0.12,0.0,1.38,3.0,0.0,0.0,0.0,0.0,0.0,0.0,0.0,0.0,1.0,1.0,1.0,1.0,0.0,1.0,0.0,1.0,0.0,0.0,1.0
14,02-20-877-W-B-user149_openface.csv,4.2,0.98,1.0,0.029163,0.24008,-0.970315,-0.153912,0.245204,-0.957176,-0.065,0.247,6.3,12.5,289.7,-0.002,0.066,0.003,0.0,0.0,0.8,0.0,1.13,1.73,0.05,1.72,1.24,1.54,0.03,0.81,0.21,0.06,0.41,0.0,0.0,0.0,0.0,0.0,0.0,1.0,1.0,0.0,1.0,1.0,1.0,0.0,1.0,1.0,0.0,0.0,0.0,0.0,0.0
15,02-28-29-I-B-user22_openface.csv,0.0,0.98,1.0,-0.051866,0.091519,-0.994452,-0.146252,0.098943,-0.984287,-0.1,0.096,26.5,44.0,261.5,-0.08800000000000001,0.073,0.006999999999999999,1.82,0.0,0.0,0.01,0.0,0.85,0.0,0.0,0.0,0.0,0.0,0.31,0.0,0.0,0.0,0.0,0.43,1.0,1.0,0.0,1.0,0.0,0.0,0.0,0.0,0.0,0.0,0.0,0.0,0.0,0.0,0.0,0.0,0.0,0.0
16,02-40-950-I-B-user17_openface.csv,7.267,0.98,1.0,0.020294,0.239899,-0.970586,-0.03289,0.166901,-0.985425,-0.006,0.205,39.4,-34.4,378.6,0.118,0.081,-0.03,0.0,0.0,0.45,0.0,0.56,0.0,0.0,0.0,1.33,1.89,0.0,0.71,0.0,0.13,0.7,0.0,0.0,0.0,1.0,0.0,1.0,0.0,0.0,0.0,1.0,1.0,1.0,0.0,0.0,0.0,1.0,0.0,0.0,0.0,0.0
17,02-40-950-W-B-user18_openface.csv,219.933,0.98,1.0,-0.183205,-0.05864700000000001,-0.981324,-0.196151,-0.108618,-0.974539,-0.192,-0.085,19.9,93.6,446.2,-0.047,0.109,-0.008,0.09,0.2,0.0,0.16,0.0,0.0,0.0,0.0,0.03,0.08,0.0,0.21,1.08,0.0,0.0,0.05,0.0,0.0,0.0,0.0,1.0,0.0,0.0,0.0,0.0,0.0,0.0,1.0,0.0,1.0,0.0,0.0,0.0,0.0,0.0
18,02-44-269-I-T-user63_openface.csv,10.4,0.98,1.0,0.094911,0.133258,-0.986526,-0.225158,0.038752,-0.973551,-0.066,0.08800000000000001,63.2,-33.2,451.2,-0.122,0.042,0.0,0.0,0.1,0.0,0.0,0.7,0.41,0.3,0.14,0.43,1.1,1.04,0.02,0.0,0.0,0.1,0.0,0.74,0.0,0.0,0.0,0.0,1.0,0.0,0.0,0.0,1.0,1.0,1.0,0.0,0.0,1.0,0.0,0.0,0.0,1.0
19,02-44-269-W-T-user64_openface.csv,3.533,0.98,1.0,-0.056704,0.225194,-0.972662,-0.128455,0.204271,-0.97045,-0.095,0.218,6.1,27.6,327.3,-0.021,0.08800000000000001,-0.034,0.0,0.09,1.47,0.0,0.93,0.28,0.02,1.2,2.61,3.46,0.07,1.17,0.0,0.23,1.09,0.0,0.69,0.0,0.0,0.0,1.0,0.0,1.0,1.0,1.0,1.0,1.0,0.0,1.0,0.0,0.0,1.0,0.0,0.0,1.0
20,03-12-820-I-B-user105_openface.csv,14.333,0.98,1.0,0.090506,0.284824,-0.954298,-0.137907,0.297737,-0.944635,-0.025,0.298,-17.4,-46.3,410.4,0.108,0.091,0.025,0.0,0.0,0.9,0.0,0.0,0.0,0.0,0.0,0.0,0.0,0.0,0.0,0.0,0.0,0.64,1.33,0.05,0.0,0.0,0.0,0.0,0.0,0.0,0.0,0.0,0.0,0.0,0.0,0.0,1.0,0.0,1.0,0.0,0.0,1.0
21,03-12-820-W-B-user106_openface.csv,27.0,0.98,1.0,-0.022144,0.054063,-0.998292,-0.185813,0.06009,-0.980746,-0.105,0.058,91.8,126.5,638.8,0.071,0.116,-0.033,0.0,0.0,0.0,0.18,0.73,1.03,0.0,1.68,1.74,0.67,0.0,0.06,0.0,0.0,1.4,0.12,0.0,0.0,0.0,0.0,1.0,1.0,1.0,0.0,1.0,1.0,0.0,0.0,0.0,0.0,0.0,1.0,0.0,0.0,0.0
22,03-23-90-I-T-user22_openface.csv,0.8,0.98,1.0,3.4e-05,0.163102,-0.986609,-0.27463200000000004,0.216852,-0.936778,-0.142,0.195,53.0,-24.2,414.8,-0.011,0.109,0.034,0.85,0.0,0.1,0.0,0.4,0.0,0.0,0.0,0.0,0.24,0.1,0.27,0.72,0.0,0.24,0.1,0.16,0.0,0.0,0.0,1.0,0.0,0.0,0.0,0.0,0.0,0.0,1.0,1.0,0.0,1.0,0.0,0.0,0.0,0.0
23,03-23-90-W-T-user51_openface.csv,0.0,0.98,1.0,-0.117013,-0.01642,-0.992995,-0.254527,0.027867000000000003,-0.966664,-0.187,0.006,58.2,56.0,463.5,-0.086,0.12,-0.004,1.51,0.14,0.0,0.0,0.0,0.0,0.0,0.96,0.46,1.19,1.79,2.23,0.0,0.0,0.27,0.02,0.0,1.0,1.0,0.0,1.0,0.0,0.0,0.0,1.0,0.0,1.0,1.0,1.0,0.0,1.0,0.0,0.0,0.0,0.0
24,03-42-701-I-T-user39_openface.csv,0.2,0.98,1.0,0.103897,0.20003,-0.974266,0.017297999999999997,0.13425399999999998,-0.990796,0.062,0.16899999999999998,-27.2,45.0,379.3,-0.032,0.019,0.027000000000000003,1.25,0.78,1.86,0.03,0.0,0.71,0.04,0.0,0.0,0.07,0.43,0.49,0.11,0.66,0.12,0.7,0.0,0.0,1.0,1.0,0.0,0.0,0.0,0.0,0.0,0.0,0.0,0.0,1.0,0.0,0.0,0.0,1.0,0.0,0.0
25,03-42-701-W-T-user27_openface.csv,21.0,0.98,1.0,-0.102757,0.278005,-0.955068,-0.14115899999999998,0.309416,-0.940391,-0.128,0.301,105.1,32.6,329.0,0.105,0.117,0.003,0.45,0.0,0.96,0.0,0.0,0.11,0.0,0.12,0.0,0.0,0.14,0.39,0.0,0.0,0.15,0.79,0.57,0.0,0.0,1.0,1.0,0.0,0.0,0.0,0.0,0.0,0.0,1.0,1.0,0.0,0.0,0.0,0.0,0.0,0.0
26,03-47-890-I-T-user1_openface.csv,0.0,0.98,1.0,0.108298,0.21272600000000005,-0.971092,0.021262,0.15063800000000002,-0.98836,0.066,0.183,7.3,57.6,344.2,0.018000000000000002,0.002,0.001,1.18,1.29,0.73,0.0,0.14,0.0,0.0,0.57,0.68,1.23,1.5,0.28,0.0,0.09,0.0,0.36,0.0,1.0,1.0,0.0,0.0,0.0,0.0,0.0,1.0,0.0,1.0,0.0,0.0,0.0,0.0,0.0,0.0,0.0,0.0
27,03-47-890-W-T-user151_openface.csv,1.067,0.98,1.0,0.059438,0.185386,-0.980867,-0.150073,0.219063,-0.9641,-0.047,0.205,23.6,-35.6,437.5,0.058,0.047,0.029,1.74,0.19,0.28,0.0,0.01,0.11,0.0,0.33,0.58,0.12,0.56,2.33,1.08,0.38,0.01,1.22,0.0,1.0,1.0,0.0,1.0,0.0,0.0,0.0,0.0,0.0,0.0,1.0,1.0,1.0,1.0,0.0,0.0,0.0,0.0
28,04-01-129-I-B-user22_openface.csv,2.0,0.98,1.0,0.000773,0.138594,-0.990349,-0.16758299999999998,0.112178,-0.979455,-0.084,0.127,28.5,25.6,412.5,-0.08900000000000001,0.071,0.027000000000000003,3.05,0.32,0.0,0.3,0.04,0.0,0.0,0.0,0.16,1.12,0.0,0.5,0.0,0.0,0.0,0.72,0.55,1.0,1.0,0.0,1.0,0.0,0.0,0.0,0.0,0.0,1.0,0.0,1.0,0.0,0.0,0.0,0.0,0.0,0.0
29,04-01-129-W-B-user111_openface.csv,2.133,0.98,1.0,0.044348,-0.02036,-0.998809,-0.22230300000000006,0.054158000000000005,-0.973472,-0.09,0.017,53.1,22.9,467.2,-0.08,0.122,-0.032,0.0,0.0,1.5,0.0,0.0,0.7,0.0,0.0,0.0,0.0,0.25,1.9,0.46,0.76,0.0,0.29,0.08,0.0,0.0,1.0,1.0,0.0,1.0,0.0,0.0,0.0,0.0,1.0,1.0,0.0,1.0,0.0,0.0,0.0,0.0
30,04-30-467-I-T-user39_openface.csv,0.067,0.98,1.0,-0.047099,0.248764,-0.967418,-0.134999,0.189892,-0.972479,-0.094,0.222,48.6,6.7,427.6,-0.071,0.067,0.033,0.72,0.05,1.15,0.0,0.0,0.62,0.05,0.11,0.42,0.3,1.53,0.64,0.05,0.32,0.75,0.77,0.0,0.0,0.0,0.0,0.0,0.0,0.0,0.0,1.0,0.0,0.0,1.0,1.0,0.0,0.0,0.0,0.0,0.0,1.0
31,04-38-645-I-T-user159_openface.csv,0.133,0.98,1.0,-0.000731,-0.036033,-0.99935,-0.209822,0.09093,-0.973502,-0.106,0.028,14.1,80.3,361.0,-0.122,0.103,0.012,1.5,1.26,0.84,0.03,0.0,0.13,0.0,0.1,1.13,0.0,0.0,0.0,0.18,0.07,1.11,0.82,0.24,1.0,1.0,0.0,1.0,0.0,0.0,0.0,1.0,1.0,0.0,0.0,0.0,0.0,1.0,0.0,0.0,0.0,0.0
32,04-38-645-W-T-user96_openface.csv,0.0,0.98,1.0,0.12649000000000002,0.11374,-0.985426,-0.098886,0.180068,-0.978671,0.014,0.14800000000000002,17.0,55.7,391.6,0.064,0.011,-0.003,0.4,0.0,0.0,0.2,0.0,0.0,0.0,0.0,0.0,1.16,0.68,0.5,0.02,0.0,0.5,0.5,0.0,1.0,1.0,0.0,1.0,0.0,0.0,0.0,0.0,0.0,1.0,0.0,1.0,0.0,0.0,0.0,0.0,0.0,0.0
33,04-57-574-I-B-user67_openface.csv,8.867,0.98,1.0,0.305468,0.276277,-0.911241,0.045928,0.292516,-0.955157,0.18600000000000005,0.29600000000000004,24.7,38.5,295.7,0.044,-0.121,-0.032,0.0,0.0,0.04,0.0,2.67,2.08,0.13,2.5,3.07,2.84,0.0,0.0,0.0,0.0,2.56,0.02,0.0,0.0,0.0,0.0,0.0,1.0,1.0,0.0,1.0,1.0,1.0,0.0,0.0,0.0,1.0,1.0,0.0,0.0,0.0
34,04-57-574-W-B-user68_openface.csv,0.267,0.98,1.0,0.120268,0.030993,-0.992258,-0.12843,0.215695,-0.967978,-0.004,0.125,62.2,16.4,351.1,-0.109,0.08199999999999999,-0.026,0.55,0.42,0.12,0.39,0.0,0.0,0.0,0.0,0.0,0.0,0.34,0.82,0.0,0.0,0.03,0.09,0.11,0.0,1.0,0.0,0.0,0.0,0.0,0.0,0.0,0.0,0.0,0.0,0.0,0.0,0.0,0.0,0.0,0.0,0.0
35,05-06-501-I-T-user22_openface.csv,5.067,0.98,1.0,-0.010437,0.10028,-0.994905,-0.101891,0.101652,-0.989588,-0.057,0.101,-0.2,45.5,275.7,-0.12,0.106,0.033,2.64,0.11,0.0,0.0,0.53,1.22,0.0,1.29,0.06,0.76,0.69,1.0,0.0,0.0,1.44,1.4,0.03,1.0,1.0,0.0,1.0,0.0,1.0,0.0,0.0,0.0,0.0,1.0,0.0,0.0,0.0,1.0,1.0,0.0,0.0
36,05-06-501-W-T-user158_openface.csv,4.7330000000000005,0.98,1.0,-0.022728,0.25311,-0.96717,-0.115208,0.238117,-0.964379,-0.071,0.249,20.7,-9.7,420.8,0.066,0.048,0.025,0.19,0.54,0.02,0.0,0.0,1.21,0.0,0.0,0.21,0.0,0.0,1.27,0.28,0.74,0.0,1.63,0.0,0.0,1.0,0.0,1.0,0.0,0.0,0.0,0.0,0.0,0.0,0.0,1.0,1.0,1.0,0.0,0.0,0.0,0.0
37,05-15-634-I-T-user77_openface.csv,84.667,0.98,1.0,0.014304,0.331409,-0.943379,-0.141771,0.322102,-0.93603,-0.068,0.335,25.2,-61.1,454.5,0.069,-0.016,0.033,0.14,0.02,0.87,0.12,0.0,0.51,0.03,0.0,0.0,0.13,0.13,0.04,0.01,0.0,0.18,0.14,0.04,0.0,0.0,0.0,0.0,0.0,0.0,0.0,0.0,0.0,1.0,0.0,0.0,0.0,0.0,0.0,0.0,0.0,0.0
38,05-15-634-W-T-user78_openface.csv,0.0,0.98,1.0,-0.014381,0.107356,-0.994117,-0.096927,0.126969,-0.98716,-0.056,0.118,27.1,30.5,343.6,-0.101,0.05,-0.009000000000000001,0.0,0.0,2.62,0.0,0.12,0.0,0.0,0.79,0.3,1.22,0.63,1.6,0.0,1.02,0.0,0.4,0.0,0.0,0.0,1.0,1.0,0.0,0.0,0.0,1.0,0.0,1.0,0.0,1.0,0.0,0.0,0.0,0.0,0.0,0.0
39,05-44-437-I-T-user114_openface.csv,5.933,0.98,1.0,0.029767,0.16706600000000002,-0.985496,-0.18,0.165785,-0.969596,-0.077,0.16899999999999998,39.6,4.6,386.9,-0.009000000000000001,0.117,-0.02,0.0,0.0,0.83,0.0,1.86,2.0,0.23,1.85,2.59,0.98,0.0,0.0,1.09,0.0,2.77,0.77,0.37,0.0,0.0,0.0,0.0,1.0,1.0,1.0,1.0,1.0,1.0,0.0,0.0,1.0,0.0,1.0,0.0,0.0,1.0
40,05-44-437-W-T-user115_openface.csv,146.6,0.98,1.0,0.040155,0.066195,-0.996998,-0.100641,0.058796,-0.993184,-0.03,0.063,79.3,-32.3,588.5,-0.021,0.004,0.011,0.14,0.0,0.0,0.61,0.5,0.0,0.22,0.49,0.79,0.0,0.73,2.02,0.46,0.0,1.65,1.07,0.0,0.0,0.0,0.0,1.0,0.0,0.0,1.0,0.0,0.0,0.0,1.0,0.0,0.0,0.0,1.0,0.0,0.0,0.0
41,05-49-922-I-T-user9_openface.csv,3.0,0.98,1.0,0.107958,0.205919,-0.972596,-0.012558,0.394597,-0.918769,0.05,0.307,-16.7,-45.1,319.2,0.103,-0.013,-0.015,0.0,0.0,0.18,0.36,0.51,0.0,0.07,0.91,1.2,0.86,0.55,1.65,0.01,1.45,1.13,3.34,0.0,0.0,0.0,0.0,1.0,0.0,0.0,0.0,1.0,1.0,0.0,0.0,1.0,0.0,0.0,1.0,1.0,0.0,0.0
42,05-49-922-W-T-user10_openface.csv,9.667,0.98,1.0,0.040942,0.268311,-0.962462,-0.001578,0.220907,-0.975294,0.02,0.247,15.1,0.6,433.7,0.061,-0.045,-0.029,0.0,0.0,0.0,0.0,0.45,0.0,0.0,0.26,0.28,1.28,0.0,0.32,0.01,0.0,0.68,0.57,0.0,0.0,0.0,0.0,1.0,0.0,0.0,0.0,0.0,0.0,1.0,0.0,0.0,0.0,0.0,1.0,1.0,0.0,0.0
43,05-50-814-W-T-user20_openface.csv,41.333,0.98,1.0,0.061827,0.191418,-0.979559,0.100238,0.174973,-0.979457,0.083,0.185,90.2,-116.6,424.7,-0.084,-0.021,0.033,0.22,0.09,0.23,0.01,0.72,2.29,0.0,0.24,0.54,0.84,0.25,1.73,0.0,0.01,0.53,0.09,0.0,0.0,0.0,0.0,1.0,0.0,1.0,0.0,0.0,0.0,0.0,1.0,1.0,0.0,0.0,0.0,0.0,1.0,0.0
44,06-18-285-I-B-user112_openface.csv,4.4,0.98,1.0,-0.014285,0.161245,-0.986811,-0.194091,0.154187,-0.968791,-0.106,0.16,85.8,-22.9,570.8,0.087,0.117,-0.004,0.23,0.0,0.0,0.01,0.0,0.0,0.0,0.0,0.38,0.0,0.0,0.38,0.0,0.0,0.82,0.98,0.0,0.0,0.0,0.0,1.0,0.0,0.0,0.0,0.0,0.0,0.0,0.0,0.0,0.0,1.0,1.0,1.0,0.0,0.0
45,06-18-285-W-B-user113_openface.csv,0.0,0.98,1.0,0.10281300000000003,0.016574000000000002,-0.994563,-0.070002,0.015232,-0.997431,0.016,0.016,-0.4,43.6,577.1,-0.056,0.006999999999999999,0.018000000000000002,0.0,0.0,0.28,0.0,0.0,0.0,0.0,0.0,0.0,0.0,1.07,0.86,0.0,0.0,0.37,0.19,0.0,0.0,0.0,0.0,1.0,0.0,0.0,0.0,0.0,0.0,1.0,0.0,1.0,0.0,0.0,0.0,0.0,0.0,0.0
46,06-44-152-I-B-user90_openface.csv,0.467,0.98,1.0,0.098087,0.123166,-0.987527,-0.112109,0.107892,-0.987821,-0.006999999999999999,0.116,-4.2,31.0,487.0,-0.08,0.122,0.021,1.75,0.24,0.76,0.0,0.0,0.06,0.0,0.0,0.3,0.21,0.02,0.92,0.36,0.04,0.67,0.07,0.77,1.0,0.0,0.0,0.0,0.0,0.0,0.0,1.0,0.0,0.0,0.0,1.0,1.0,1.0,0.0,0.0,0.0,0.0
47,06-44-152-W-B-user91_openface.csv,3.267,0.98,1.0,0.066268,0.256172,-0.964357,-0.074745,0.245494,-0.966512,-0.004,0.254,-11.3,-21.9,513.2,0.121,0.095,-0.012,0.07,0.0,0.0,0.0,0.0,1.46,0.01,0.0,0.19,0.43,0.48,2.37,0.91,0.59,0.0,0.08,0.0,0.0,0.0,0.0,1.0,0.0,1.0,0.0,0.0,1.0,1.0,0.0,1.0,1.0,1.0,0.0,0.0,0.0,0.0
48,06-50-611-I-B-user1_openface.csv,0.0,0.98,1.0,0.060430999999999985,0.155619,-0.985967,-0.046376,0.181854,-0.982231,0.006999999999999999,0.17,-27.9,41.3,336.3,-0.015,0.04,-0.02,1.7,0.56,1.93,0.33,0.0,0.12,0.0,0.0,0.0,1.22,0.1,0.4,0.0,0.21,0.22,0.59,0.0,1.0,1.0,0.0,1.0,0.0,0.0,0.0,0.0,0.0,1.0,0.0,0.0,0.0,0.0,0.0,0.0,0.0,0.0
49,06-50-611-W-B-user74_openface.csv,12.8,0.98,1.0,-0.029674,0.22387,-0.974167,-0.104518,0.206668,-0.972813,-0.069,0.218,18.3,21.6,303.9,0.114,0.027000000000000003,-0.034,0.0,0.07,1.06,1.2,0.0,0.0,0.0,0.0,0.0,0.0,0.0,0.34,0.0,0.27,0.78,1.1,0.0,0.0,0.0,1.0,1.0,0.0,0.0,0.0,0.0,0.0,0.0,0.0,0.0,0.0,0.0,1.0,1.0,0.0,0.0
50,06-57-279-I-B-user22_openface.csv,1.2,0.98,1.0,0.00743,0.127227,-0.991846,-0.074015,0.156616,-0.984882,-0.034,0.14300000000000002,1.9,23.6,356.4,0.017,0.03,0.03,1.95,0.0,0.0,0.0,0.56,0.45,0.0,1.71,0.58,0.08,0.0,1.82,0.14,0.0,0.68,1.61,0.0,1.0,0.0,0.0,1.0,0.0,0.0,0.0,1.0,0.0,0.0,1.0,1.0,0.0,0.0,0.0,1.0,0.0,0.0
51,07-53-382-I-T-user148_openface.csv,0.0,0.98,1.0,0.094333,0.215037,-0.972039,-0.069751,0.205644,-0.976138,0.013,0.213,24.1,49.2,383.0,0.053,0.078,0.005,1.0,0.84,1.8,0.0,0.0,0.0,0.24,0.42,0.23,0.65,0.0,0.13,0.0,0.0,0.0,0.45,0.0,1.0,1.0,1.0,0.0,0.0,0.0,0.0,1.0,0.0,1.0,0.0,0.0,0.0,0.0,0.0,0.0,0.0,0.0
52,07-53-382-W-T-user147_openface.csv,62.467,0.98,1.0,0.113798,0.192495,-0.974677,-0.028493,0.190922,-0.981192,0.044,0.194,9.7,-41.3,562.9,0.12,-0.046,0.013,0.0,0.0,0.0,0.0,0.0,0.49,0.1,0.24,0.0,0.0,0.83,1.11,0.0,0.0,0.0,0.0,0.0,0.0,0.0,0.0,1.0,0.0,1.0,1.0,0.0,0.0,0.0,0.0,1.0,0.0,0.0,0.0,0.0,0.0,1.0
53,08-33-112-I-B-user129_openface.csv,6.4,0.98,1.0,0.133805,0.15796300000000002,-0.978337,-0.028769,0.167035,-0.985531,0.053,0.16399999999999998,-24.6,-53.3,723.5,0.119,-0.035,-0.018000000000000002,0.0,0.0,0.61,0.0,0.0,0.0,0.0,0.0,0.0,0.0,0.0,0.9,0.0,0.43,0.0,0.0,0.0,0.0,0.0,0.0,1.0,0.0,0.0,0.0,0.0,0.0,0.0,0.0,1.0,0.0,0.0,0.0,0.0,0.0,0.0
54,08-33-112-W-B-user130_openface.csv,77.467,0.98,1.0,0.10131,0.160708,-0.981789,-0.262171,0.221306,-0.939303,-0.084,0.196,8.2,75.8,330.6,-0.086,0.08900000000000001,-0.034,0.0,0.0,0.57,0.0,0.0,0.0,0.08,0.48,1.18,0.96,0.0,0.23,0.36,0.0,2.59,1.2,1.23,0.0,1.0,0.0,1.0,0.0,0.0,0.0,1.0,1.0,1.0,0.0,0.0,0.0,0.0,1.0,1.0,0.0,1.0
55,09-02-798-I-T-user114_openface.csv,0.4,0.98,1.0,0.152228,0.244491,-0.957628,-0.080358,0.189424,-0.978602,0.037000000000000005,0.22,7.7,-23.8,378.7,0.011,0.117,-0.034,1.1,0.2,0.49,0.0,0.04,0.0,0.0,0.0,0.01,0.0,0.0,0.13,0.74,0.0,0.61,0.0,0.0,1.0,1.0,0.0,1.0,0.0,0.0,0.0,0.0,0.0,0.0,0.0,0.0,1.0,0.0,0.0,0.0,0.0,0.0
56,09-14-629-I-B-user54_openface.csv,6.4,0.98,1.0,0.092148,0.075616,-0.99287,-0.150299,0.057266,-0.986981,-0.029,0.067,57.5,56.0,344.9,-0.095,0.057,0.032,0.0,0.0,0.0,0.0,0.0,0.4,0.0,0.09,0.16,0.0,0.0,0.47,0.0,0.46,0.0,0.04,0.0,0.0,0.0,0.0,0.0,0.0,0.0,0.0,0.0,0.0,1.0,0.0,0.0,0.0,0.0,0.0,0.0,0.0,0.0
57,09-14-629-W-B-user55_openface.csv,33.733000000000004,0.98,1.0,0.062651,0.228799,-0.971456,-0.05755,0.184895,-0.981072,0.003,0.209,64.5,1.2,400.7,0.104,0.03,-0.031,0.02,0.0,0.07,0.0,0.0,0.0,0.0,0.27,0.6,0.73,0.0,0.0,0.0,0.0,0.44,2.21,0.0,0.0,0.0,0.0,1.0,0.0,0.0,0.0,0.0,0.0,1.0,0.0,0.0,0.0,0.0,1.0,1.0,0.0,0.0
58,09-18-253-I-B-user96_openface.csv,0.0,0.98,1.0,0.013605,0.164392,-0.986301,-0.12742,0.21042600000000006,-0.96927,-0.058,0.189,3.3,35.6,413.6,0.078,0.095,0.016,0.53,0.0,0.13,0.0,0.0,1.09,0.0,0.0,0.0,0.0,0.0,1.2,0.57,0.0,0.0,0.33,0.0,1.0,0.0,0.0,1.0,0.0,1.0,0.0,0.0,0.0,0.0,0.0,1.0,1.0,0.0,0.0,0.0,0.0,0.0
59,09-18-253-W-B-user97_openface.csv,5.067,0.98,1.0,0.123079,0.083602,-0.988869,-0.164735,0.097757,-0.981482,-0.021,0.092,39.3,35.3,450.6,-0.004,0.118,-0.027000000000000003,0.0,0.0,0.0,0.0,1.82,3.47,1.5,1.76,0.89,0.9,0.6,1.75,0.33,2.23,0.0,0.0,0.0,0.0,0.0,0.0,0.0,1.0,1.0,1.0,1.0,1.0,1.0,1.0,1.0,0.0,0.0,0.0,0.0,0.0,0.0
60,09-32-917-I-T-user101_openface.csv,0.267,0.98,1.0,0.094728,0.119663,-0.988285,-0.132613,0.111971,-0.984823,-0.019,0.117,21.8,22.7,367.3,-0.118,0.096,-0.008,0.04,0.0,0.0,0.05,0.01,0.0,0.0,0.18,1.12,0.89,0.12,0.45,0.21,0.55,0.0,0.34,0.0,0.0,0.0,0.0,1.0,0.0,0.0,0.0,1.0,1.0,1.0,0.0,1.0,0.0,1.0,0.0,0.0,0.0,0.0
61,09-32-917-W-T-user100_openface.csv,0.0,0.98,1.0,0.177519,0.07511699999999999,-0.981246,-0.150204,0.078735,-0.985515,0.014,0.078,25.1,-2.8,389.4,0.07400000000000001,0.099,0.019,0.94,0.0,0.0,0.0,0.0,0.0,0.0,0.0,0.0,0.0,0.0,0.0,0.0,0.0,0.0,0.0,0.0,1.0,0.0,1.0,1.0,0.0,0.0,0.0,0.0,0.0,0.0,0.0,0.0,0.0,0.0,0.0,0.0,0.0,0.0
62,09-44-142-I-B-user64_openface.csv,23.533,0.98,1.0,0.042688,0.16681400000000002,-0.985064,0.052749,0.145069,-0.988014,0.048,0.157,-25.5,44.8,346.5,-0.096,0.095,0.011,2.36,0.71,2.0,0.0,0.0,0.0,0.0,0.17,1.07,2.42,0.66,0.31,0.0,0.0,0.4,0.07,0.63,1.0,1.0,1.0,1.0,0.0,0.0,0.0,0.0,0.0,1.0,1.0,0.0,0.0,0.0,0.0,0.0,0.0,1.0
63,09-44-142-W-B-user63_openface.csv,1.2,0.98,1.0,0.250119,0.186654,-0.950053,-0.169776,0.19276,-0.966447,0.042,0.195,-9.7,-33.8,441.8,0.057,-0.033,0.034,0.0,0.0,0.0,0.13,0.88,0.07,0.0,0.01,0.9,0.86,0.24,0.79,0.0,0.1,0.0,0.0,0.08,0.0,0.0,0.0,1.0,1.0,1.0,0.0,1.0,1.0,1.0,1.0,0.0,0.0,1.0,0.0,0.0,0.0,0.0
64,10-48-352-I-T-user22_openface.csv,1.4,0.98,1.0,0.176808,0.253293,-0.951095,-0.033975,0.234748,-0.971462,0.07400000000000001,0.249,-44.3,-9.1,325.5,0.039,-0.061,-0.033,0.32,0.89,0.0,0.48,0.3,0.0,0.0,1.45,0.84,0.91,0.0,0.0,0.23,0.27,0.79,1.08,0.0,1.0,1.0,0.0,1.0,0.0,0.0,0.0,1.0,0.0,1.0,0.0,0.0,0.0,0.0,0.0,1.0,0.0,0.0
65,10-48-352-W-T-user38_openface.csv,42.0,0.98,1.0,0.100443,0.273013,-0.956752,-0.32926300000000003,0.241443,-0.912848,-0.122,0.269,86.0,-70.7,528.7,0.068,0.086,0.019,0.1,0.0,0.0,0.0,0.0,0.0,0.13,0.0,0.22,0.58,0.84,0.67,0.0,0.66,0.0,0.0,0.12,0.0,0.0,0.0,1.0,0.0,0.0,0.0,0.0,0.0,1.0,0.0,0.0,0.0,1.0,0.0,0.0,0.0,0.0
66,11-09-515-I-T-user130_openface.csv,5.933,0.98,1.0,0.12853,0.189091,-0.973512,-0.194193,0.27473600000000004,-0.941705,-0.034,0.238,32.7,24.0,357.3,0.065,0.019,0.034,0.41,0.1,0.0,0.0,0.0,0.0,0.0,0.0,0.89,0.63,0.0,0.38,0.0,0.0,0.91,0.48,0.0,0.0,1.0,0.0,1.0,0.0,0.0,0.0,0.0,1.0,1.0,1.0,0.0,0.0,0.0,0.0,0.0,0.0,0.0
67,11-09-515-W-T-user150_openface.csv,0.2,0.98,1.0,0.075364,0.07047,-0.994663,-0.255178,0.108677,-0.960767,-0.092,0.091,28.8,52.3,305.0,-0.081,0.055,-0.023,0.86,0.31,0.79,0.85,0.21,0.07,0.0,0.97,2.52,0.88,0.04,1.19,0.0,1.1,0.08,0.0,0.0,0.0,1.0,0.0,1.0,0.0,0.0,0.0,1.0,1.0,0.0,0.0,1.0,0.0,0.0,0.0,0.0,0.0,0.0
68,11-17-124-I-B-user52_openface.csv,1.533,0.98,1.0,0.055289,0.230066,-0.971603,-0.175747,0.183352,-0.96721,-0.062,0.21,15.1,46.3,321.7,0.034,0.014,0.024,0.0,0.03,0.0,0.0,1.25,0.91,0.0,0.58,2.82,2.92,0.11,1.38,0.0,1.43,0.0,0.0,0.46,0.0,0.0,0.0,0.0,1.0,1.0,0.0,1.0,1.0,1.0,0.0,1.0,0.0,0.0,0.0,0.0,0.0,0.0
69,11-17-124-W-B-user53_openface.csv,0.0,0.98,1.0,-0.113874,0.056384,-0.991894,-0.153781,0.085211,-0.984424,-0.135,0.07200000000000001,22.1,33.6,355.1,-0.11,0.103,0.004,3.95,4.11,1.41,0.79,0.0,0.0,0.0,0.79,0.79,0.46,0.1,1.22,0.0,0.0,0.97,0.55,0.0,1.0,1.0,0.0,1.0,0.0,0.0,0.0,0.0,0.0,0.0,0.0,1.0,0.0,1.0,0.0,1.0,0.0,0.0
70,11-22-452-I-B-user85_openface.csv,1.867,0.98,1.0,-0.030828,0.101636,-0.994344,-0.085038,0.150742,-0.984909,-0.058,0.127,38.4,-39.4,462.0,-0.07200000000000001,0.064,-0.002,0.09,0.0,0.0,0.0,1.13,2.51,0.0,0.0,1.28,0.0,0.03,1.39,1.02,1.65,0.0,0.13,0.0,0.0,0.0,0.0,1.0,1.0,1.0,0.0,0.0,0.0,0.0,0.0,1.0,0.0,0.0,0.0,0.0,0.0,0.0
71,11-22-452-W-B-user86_openface.csv,0.0,0.98,1.0,0.059859,0.172469,-0.983194,-0.093032,0.197733,-0.975831,-0.017,0.187,-34.5,1.1,353.3,0.053,0.09,0.015,0.0,0.0,0.0,0.24,0.0,0.08,0.0,0.0,0.0,0.0,0.0,0.08,0.2,0.61,0.41,0.0,0.0,0.0,0.0,0.0,0.0,0.0,0.0,0.0,0.0,0.0,0.0,0.0,0.0,0.0,0.0,0.0,0.0,0.0,0.0
72,11-22-778-I-B-user102_openface.csv,0.0,0.98,1.0,0.009894,0.026057,-0.999611,-0.13028299999999998,0.037271,-0.990776,-0.06,0.032,18.6,27.8,549.2,-0.017,0.085,-0.028,0.0,0.0,0.47,0.0,0.0,0.0,0.21,0.0,0.0,0.12,0.09,0.45,0.0,0.36,0.0,0.0,0.0,0.0,0.0,0.0,1.0,0.0,0.0,0.0,0.0,0.0,0.0,0.0,0.0,0.0,0.0,0.0,0.0,0.0,0.0
73,11-22-778-W-B-user103_openface.csv,6.6,0.98,1.0,0.07901799999999999,0.19564,-0.977487,-0.046582,0.212603,-0.976028,0.017,0.206,7.6,23.2,469.4,0.04,0.045,-0.028,0.0,0.0,0.0,0.0,0.16,2.5,0.03,0.0,0.0,0.04,0.08,0.0,0.4,0.0,0.23,0.18,0.0,0.0,0.0,0.0,0.0,0.0,1.0,0.0,0.0,0.0,1.0,0.0,0.0,0.0,0.0,1.0,0.0,0.0,0.0
74,11-26-504-I-B-user96_openface.csv,0.4,0.98,1.0,0.0026,0.038363,-0.99926,-0.167937,0.178049,-0.969585,-0.084,0.109,32.8,73.2,423.1,0.009000000000000001,0.068,0.033,1.99,0.12,0.6,0.67,0.0,0.0,0.01,0.24,0.01,1.48,1.22,2.36,0.01,0.13,0.44,1.22,0.0,1.0,1.0,0.0,1.0,0.0,0.0,0.0,0.0,0.0,1.0,1.0,1.0,0.0,0.0,0.0,0.0,0.0,0.0
75,11-26-504-W-B-user160_openface.csv,2.133,0.98,1.0,-0.012925,0.085844,-0.996225,-0.18349,0.076546,-0.980037,-0.099,0.08199999999999999,23.9,102.1,316.7,-0.024,0.115,-0.018000000000000002,0.0,0.0,0.0,0.0,0.63,2.21,0.05,1.31,0.36,0.33,0.0,2.09,0.0,0.54,0.0,0.32,0.01,0.0,1.0,0.0,1.0,0.0,1.0,0.0,0.0,0.0,0.0,0.0,1.0,1.0,0.0,0.0,0.0,0.0,0.0
76,11-44-333-I-B-user156_openface.csv,0.0,0.98,1.0,0.080804,0.392884,-0.916031,-0.152185,0.350511,-0.924111,-0.039,0.384,16.8,-15.0,298.3,0.119,0.016,-0.027000000000000003,1.82,0.16,1.04,0.0,0.0,0.84,0.0,0.0,0.0,0.77,0.24,0.43,1.44,0.05,0.0,0.0,0.0,1.0,1.0,1.0,0.0,0.0,0.0,0.0,0.0,0.0,1.0,0.0,1.0,1.0,0.0,0.0,0.0,0.0,0.0
77,11-44-333-W-B-user157_openface.csv,10.667,0.98,1.0,0.031257,0.124526,-0.991724,-0.121238,0.15729,-0.980082,-0.046,0.142,40.5,49.9,291.1,-0.084,0.06,0.034,0.07,0.54,0.0,0.0,0.49,0.02,0.0,1.36,1.51,0.46,0.0,0.46,0.0,0.0,0.58,0.47,0.55,0.0,1.0,0.0,0.0,0.0,0.0,0.0,1.0,1.0,0.0,0.0,0.0,0.0,0.0,0.0,0.0,0.0,1.0
78,11-45-95-I-B-user22_openface.csv,0.667,0.98,1.0,0.010681,0.104853,-0.99443,-0.011661,0.127115,-0.99182,-0.0,0.116,17.6,30.1,274.5,-0.107,-0.112,0.012,4.58,0.81,0.0,1.33,0.23,0.22,0.0,0.48,0.0,0.37,1.72,0.0,0.53,0.1,0.65,0.58,0.43,1.0,1.0,0.0,1.0,0.0,0.0,0.0,0.0,0.0,0.0,1.0,0.0,0.0,0.0,0.0,0.0,0.0,0.0
79,11-45-95-W-B-user158_openface.csv,0.267,0.98,1.0,0.116336,0.108421,-0.987274,-0.138094,0.11216,-0.984048,-0.011,0.111,11.2,26.4,457.1,-0.032,0.014,-0.028,0.26,1.15,0.0,0.0,0.0,0.43,0.0,0.02,0.1,0.0,0.07,1.29,0.0,0.0,0.53,0.25,0.13,0.0,1.0,0.0,1.0,0.0,0.0,0.0,0.0,0.0,0.0,0.0,1.0,0.0,0.0,0.0,0.0,0.0,0.0
80,11-59-155-I-T-user117_openface.csv,11.0,0.98,1.0,0.043902,0.177176,-0.9832,-0.059588,0.111795,-0.991943,-0.008,0.145,40.6,6.7,517.0,0.018000000000000002,0.103,0.033,0.07,0.55,0.15,0.0,0.0,0.0,0.0,0.57,0.87,2.1,0.17,1.47,0.06,0.43,0.0,0.61,0.0,0.0,0.0,0.0,1.0,0.0,0.0,0.0,1.0,0.0,1.0,0.0,1.0,0.0,0.0,0.0,0.0,0.0,0.0
81,11-59-155-W-T-user118_openface.csv,0.0,0.98,1.0,0.125931,0.06452100000000001,-0.989939,-0.091896,0.022438,-0.995516,0.017,0.044,39.5,72.4,396.9,0.05,0.04,-0.024,0.02,0.0,0.0,0.65,0.0,0.0,0.0,0.0,0.0,0.26,1.35,0.42,0.5,0.0,0.27,0.0,0.0,1.0,0.0,0.0,1.0,0.0,0.0,0.0,0.0,0.0,0.0,1.0,0.0,0.0,1.0,0.0,0.0,0.0,0.0
82,12-03-237-I-B-user126_openface.csv,0.0,0.98,1.0,0.127802,0.266228,-0.9554,-0.15243199999999998,0.267363,-0.951463,-0.013,0.273,14.4,-6.8,378.9,0.093,0.002,0.008,0.17,0.0,0.38,0.0,0.0,0.0,0.0,0.1,0.0,0.0,1.47,0.7,1.05,0.0,0.0,0.0,0.11,0.0,0.0,0.0,1.0,0.0,0.0,0.0,0.0,0.0,0.0,0.0,0.0,1.0,0.0,0.0,0.0,0.0,1.0
83,12-03-237-W-B-user127_openface.csv,168.067,0.98,1.0,0.054512,0.331835,-0.941761,-0.156632,0.319849,-0.934432,-0.054000000000000006,0.334,14.6,-35.7,332.1,0.086,0.098,0.017,0.0,0.0,1.1,0.05,0.97,2.04,0.26,0.48,1.64,1.66,0.4,0.71,0.0,1.38,1.78,3.42,0.0,0.0,0.0,0.0,0.0,0.0,0.0,1.0,1.0,1.0,1.0,0.0,1.0,0.0,1.0,1.0,1.0,0.0,0.0
84,12-05-243-I-T-user1_openface.csv,0.0,0.98,1.0,0.071627,0.073188,-0.994743,0.014587,0.176473,-0.984197,0.044,0.125,3.5,25.0,423.5,0.009000000000000001,-0.026,-0.033,0.38,0.2,1.05,0.5,0.0,0.14,0.0,0.0,0.0,0.36,0.0,0.5,0.0,1.06,0.0,0.1,0.0,0.0,1.0,0.0,1.0,0.0,0.0,0.0,0.0,0.0,1.0,0.0,1.0,0.0,0.0,0.0,0.0,0.0,0.0
85,12-05-243-W-T-user8_openface.csv,2.133,0.98,1.0,-0.108626,-0.057494,-0.992419,-0.27668000000000004,-0.186653,-0.942661,-0.197,-0.126,25.8,40.6,355.1,0.07400000000000001,0.108,0.02,0.64,0.0,0.0,0.0,0.0,0.0,0.0,0.24,0.0,0.05,0.0,2.47,2.28,0.0,0.0,0.0,0.32,1.0,1.0,1.0,1.0,0.0,0.0,0.0,0.0,0.0,0.0,1.0,1.0,1.0,1.0,0.0,0.0,1.0,0.0
86,12-07-438-I-T-user1_openface.csv,0.0,0.98,1.0,0.062791,0.210804,-0.97551,-0.050291,0.225633,-0.972913,0.006,0.22,1.9,25.7,351.3,-0.006999999999999999,0.018000000000000002,0.021,0.34,0.0,0.62,0.0,0.24,1.61,0.0,0.0,0.23,1.81,0.0,0.0,0.0,1.14,0.55,0.26,0.0,1.0,1.0,0.0,0.0,0.0,0.0,0.0,0.0,0.0,1.0,0.0,0.0,0.0,1.0,0.0,0.0,0.0,0.0
87,12-07-438-W-T-user62_openface.csv,6.332999999999998,0.98,1.0,0.048382,0.211279,-0.976228,-0.104374,0.053212,-0.993114,-0.028,0.134,7.1,-3.0,270.4,-0.12,-0.075,0.006999999999999999,1.3,0.83,0.29,0.35,0.0,0.0,0.0,0.12,0.0,0.0,0.0,0.0,0.0,0.0,1.13,0.05,0.0,0.0,0.0,0.0,1.0,0.0,0.0,0.0,0.0,0.0,0.0,0.0,0.0,0.0,0.0,0.0,0.0,0.0,0.0
88,12-23-235-I-B-user22_openface.csv,5.332999999999998,0.98,1.0,-0.07379400000000001,0.248274,-0.965875,-0.226973,0.243898,-0.942866,-0.156,0.252,9.8,-18.5,254.8,0.11,0.063,0.03,2.9,2.48,0.0,1.35,0.45,0.9,0.0,0.67,0.86,0.0,0.02,0.63,1.09,0.0,1.14,2.72,0.0,1.0,1.0,0.0,1.0,0.0,0.0,0.0,0.0,1.0,0.0,1.0,0.0,0.0,0.0,1.0,1.0,0.0,0.0
89,12-23-235-W-B-user104_openface.csv,103.2,0.98,1.0,0.019906,0.269643,-0.962755,-0.14061700000000002,0.26987,-0.952574,-0.063,0.275,24.6,-26.9,526.9,0.096,0.12,-0.001,0.0,0.0,0.97,0.0,2.52,1.96,0.37,1.93,2.87,1.77,0.47,1.68,0.0,0.0,1.65,0.62,0.39,0.0,0.0,0.0,0.0,1.0,0.0,1.0,1.0,1.0,1.0,0.0,0.0,0.0,0.0,1.0,0.0,0.0,1.0
90,12-24-294-I-B-user1_openface.csv,1.0,0.98,1.0,0.035046,0.093769,-0.994977,-0.073364,0.084547,-0.993715,-0.019,0.08900000000000001,20.0,78.1,397.2,-0.02,0.053,-0.033,0.08,0.15,0.5,0.25,1.24,0.0,0.0,0.57,1.08,1.71,0.0,0.09,0.0,0.0,0.79,1.49,0.0,1.0,1.0,0.0,0.0,1.0,0.0,0.0,1.0,1.0,1.0,0.0,0.0,0.0,0.0,0.0,0.0,0.0,0.0
91,12-24-294-W-B-user155_openface.csv,0.0,0.98,1.0,0.112936,0.097755,-0.988782,-0.04362,0.094977,-0.994523,0.035,0.097,34.9,9.2,585.6,0.07200000000000001,-0.076,0.029,0.0,1.42,0.0,0.64,0.0,0.0,0.0,0.56,0.26,0.0,0.89,1.53,0.0,1.17,0.0,0.41,0.0,0.0,1.0,0.0,1.0,0.0,0.0,0.0,0.0,0.0,0.0,0.0,0.0,0.0,0.0,0.0,0.0,0.0,0.0
92,12-38-74-I-T-user132_openface.csv,43.933,0.98,1.0,-0.08493400000000001,0.141267,-0.986321,-0.143833,0.176771,-0.973686,-0.116,0.161,21.3,22.2,416.3,0.121,0.122,-0.031,0.02,0.0,0.39,0.0,0.53,0.73,0.0,0.94,0.5,2.07,0.01,0.02,0.14,0.0,0.04,0.0,0.0,0.0,0.0,0.0,1.0,0.0,1.0,0.0,1.0,0.0,1.0,0.0,0.0,0.0,0.0,0.0,0.0,0.0,0.0
93,12-38-74-W-T-user133_openface.csv,0.2,0.98,1.0,0.07875499999999999,-0.002315,-0.996891,-0.086482,0.000954,-0.996253,-0.004,-0.001,68.9,42.4,632.0,-0.069,-0.023,0.002,0.27,0.08,0.05,1.08,0.0,0.0,0.25,0.02,0.0,0.22,0.18,0.26,0.0,0.28,0.1,0.37,0.49,0.0,0.0,0.0,1.0,0.0,0.0,0.0,0.0,0.0,0.0,0.0,0.0,0.0,0.0,0.0,0.0,0.0,0.0
94,12-40-292-I-B-user120_openface.csv,0.0,0.98,1.0,-0.033032,0.202456,-0.978734,-0.188502,0.190196,-0.963479,-0.114,0.199,39.3,-64.8,478.4,0.097,0.084,-0.016,0.0,0.0,0.1,0.91,0.37,0.0,0.0,1.15,1.76,1.11,0.0,1.47,0.02,1.29,0.04,0.0,0.0,0.0,1.0,0.0,1.0,0.0,0.0,0.0,1.0,1.0,1.0,0.0,1.0,0.0,1.0,0.0,0.0,0.0,0.0
95,12-40-292-W-B-user121_openface.csv,11.0,0.98,1.0,0.181009,0.269359,-0.945876,-0.097817,0.213773,-0.971974,0.043,0.247,130.4,18.8,452.8,-0.011,-0.102,0.002,0.0,0.0,0.78,0.0,0.0,0.0,0.0,0.47,0.44,0.42,0.0,0.0,0.0,0.0,0.19,0.0,1.58,0.0,0.0,1.0,0.0,0.0,1.0,0.0,0.0,0.0,1.0,0.0,0.0,0.0,0.0,0.0,0.0,0.0,1.0
96,13-01-549-I-T-user151_openface.csv,0.0,0.98,1.0,0.099008,0.222114,-0.969981,-0.084463,0.223958,-0.970932,0.006999999999999999,0.226,19.0,-32.0,441.2,0.091,0.008,0.004,0.78,0.48,0.12,0.0,0.0,0.0,0.0,0.0,0.0,0.0,0.11,0.0,0.46,0.08,0.38,0.0,0.0,1.0,0.0,0.0,1.0,0.0,0.0,0.0,0.0,0.0,0.0,0.0,0.0,0.0,0.0,0.0,0.0,0.0,0.0
97,13-01-549-W-T-user51_openface.csv,1.6669999999999998,0.98,1.0,0.071761,0.143424,-0.987056,-0.166305,0.026698000000000003,-0.985713,-0.048,0.086,6.6,-18.7,410.9,-0.07400000000000001,0.07200000000000001,-0.027000000000000003,0.89,0.1,0.0,0.75,0.45,0.53,0.0,0.24,0.87,0.56,1.86,2.59,0.23,1.49,0.45,1.37,0.59,1.0,0.0,0.0,1.0,0.0,0.0,0.0,1.0,1.0,0.0,0.0,1.0,0.0,1.0,0.0,0.0,0.0,1.0
98,13-11-507-I-B-user22_openface.csv,0.0,0.98,1.0,0.056509,0.169628,-0.983887,-0.160615,0.106135,-0.981294,-0.053,0.139,32.0,2.7,339.4,-0.01,0.056,0.003,0.77,0.26,0.0,0.05,0.0,0.0,0.0,0.0,0.0,0.26,0.36,0.44,0.0,0.0,0.0,0.0,0.0,0.0,1.0,0.0,1.0,0.0,0.0,0.0,0.0,0.0,0.0,0.0,1.0,0.0,0.0,0.0,0.0,0.0,0.0
99,13-11-507-W-B-user110_openface.csv,52.267,0.98,1.0,0.193687,0.220999,-0.955848,0.031053,0.225678,-0.973707,0.116,0.227,-57.8,-11.9,366.2,0.051,-0.097,-0.033,2.77,1.89,0.83,0.0,0.75,1.92,0.0,0.37,1.85,1.46,0.56,1.8,0.07,0.03,0.05,1.52,0.0,1.0,1.0,0.0,0.0,0.0,1.0,0.0,0.0,1.0,1.0,0.0,1.0,0.0,1.0,0.0,1.0,0.0,0.0
100,13-20-248-I-B-user67_openface.csv,3.933,0.98,1.0,0.181506,0.315342,-0.931459,0.023501,0.315215,-0.948729,0.109,0.324,26.4,35.8,307.1,0.091,-0.113,0.006,0.0,0.0,0.0,0.0,2.9,2.3,0.85,2.38,2.82,2.88,0.0,0.0,0.0,0.0,2.92,0.83,0.0,0.0,0.0,0.0,0.0,1.0,1.0,1.0,1.0,1.0,1.0,0.0,0.0,0.0,1.0,1.0,1.0,0.0,0.0
101,13-20-248-W-B-user68_openface.csv,2.4,0.98,1.0,0.057286,0.24530900000000005,-0.967751,-0.100282,0.214278,-0.971611,-0.022,0.233,37.9,11.6,358.7,-0.045,0.099,-0.012,0.0,0.0,0.0,0.0,3.02,2.44,0.0,1.4,3.08,0.61,0.0,0.0,0.07,0.0,2.8,0.0,0.68,0.0,0.0,0.0,0.0,1.0,0.0,0.0,1.0,1.0,1.0,0.0,0.0,0.0,0.0,1.0,0.0,0.0,0.0
102,13-27-771-I-T-user32_openface.csv,2.9330000000000003,0.98,1.0,-0.035945,0.02584,-0.99902,-0.163216,0.198779,-0.966358,-0.101,0.114,26.9,108.0,390.3,0.087,0.114,0.021,0.01,0.0,1.43,0.01,0.2,1.84,0.0,1.85,0.83,1.26,0.0,1.1,0.92,1.09,0.0,0.0,0.22,1.0,0.0,0.0,1.0,0.0,0.0,0.0,1.0,0.0,0.0,1.0,0.0,1.0,0.0,0.0,0.0,0.0,0.0
103,13-27-771-W-T-user33_openface.csv,3.067,0.98,1.0,0.109975,0.195203,-0.974578,-0.06566699999999999,0.214627,-0.974486,0.023,0.207,40.1,17.1,431.5,0.05,-0.115,-0.031,0.06,0.0,1.74,0.28,0.43,0.0,0.01,0.58,0.37,0.21,0.0,0.08,0.0,0.0,1.56,0.13,0.93,0.0,0.0,1.0,1.0,0.0,0.0,0.0,0.0,0.0,0.0,0.0,0.0,0.0,0.0,1.0,1.0,0.0,0.0
104,14-04-955-I-B-user113_openface.csv,0.067,0.98,1.0,0.233332,0.055746,-0.970798,0.069343,0.044638,-0.996594,0.153,0.051,-95.8,74.2,591.1,-0.046,-0.112,0.019,0.33,0.0,0.05,0.0,0.0,0.0,0.0,0.09,0.48,0.02,0.72,0.68,0.0,0.18,0.03,0.0,0.0,0.0,0.0,0.0,1.0,0.0,0.0,0.0,0.0,1.0,1.0,0.0,1.0,0.0,1.0,0.0,0.0,0.0,0.0
105,14-04-955-W-B-user112_openface.csv,1.6,0.98,1.0,0.037135,0.096905,-0.994601,-0.153547,0.10094,-0.982972,-0.059,0.1,26.4,-35.8,596.3,-0.002,0.091,-0.01,0.32,0.12,0.09,0.0,0.05,0.04,0.6,0.0,1.0,0.23,0.49,0.07,0.11,0.06,0.11,0.0,0.0,0.0,0.0,0.0,1.0,0.0,0.0,0.0,1.0,1.0,1.0,0.0,0.0,0.0,1.0,0.0,0.0,0.0,0.0
106,14-08-252-I-T-user88_openface.csv,0.0,0.98,1.0,0.111909,0.152703,-0.981916,-0.092296,0.185709,-0.97826,0.01,0.171,-30.3,18.7,420.3,-0.039,0.106,-0.033,0.03,0.0,0.0,0.0,0.0,0.0,0.13,0.0,0.0,0.0,0.0,0.0,0.0,0.0,0.0,0.0,0.41,0.0,0.0,0.0,0.0,0.0,0.0,0.0,0.0,0.0,0.0,0.0,0.0,0.0,0.0,0.0,0.0,0.0,1.0
107,14-08-252-W-T-user89_openface.csv,1.933,0.98,1.0,0.071996,0.052866,-0.996003,-0.111926,0.158324,-0.981023,-0.02,0.106,-26.6,22.6,412.6,0.1,0.026,0.011,1.03,0.79,0.72,0.6,0.0,0.0,0.0,0.0,0.57,0.29,0.0,1.21,0.0,1.6,0.0,1.26,0.0,0.0,1.0,0.0,1.0,0.0,0.0,0.0,0.0,1.0,0.0,0.0,1.0,0.0,1.0,0.0,1.0,0.0,0.0
108,14-08-617-I-T-user140_openface.csv,2.2,0.98,1.0,-0.051417,0.295964,-0.953814,-0.225747,0.274762,-0.934636,-0.146,0.293,54.4,30.3,395.5,0.094,0.069,0.031,0.04,0.0,0.76,0.0,0.0,0.56,0.0,0.0,0.0,0.27,0.03,1.0,0.41,0.0,0.33,0.61,0.01,0.0,0.0,0.0,0.0,0.0,0.0,0.0,0.0,0.0,1.0,0.0,1.0,1.0,0.0,0.0,0.0,0.0,0.0
109,14-08-617-W-T-user141_openface.csv,9.133,0.98,1.0,0.07589800000000001,0.108051,-0.991244,-0.11341,0.147979,-0.982466,-0.019,0.129,40.5,51.3,377.7,-0.122,0.026,0.023,0.0,0.39,0.03,0.0,0.07,0.65,0.0,0.22,0.12,0.05,0.0,0.0,0.06,0.0,0.0,0.0,0.0,0.0,0.0,0.0,0.0,0.0,0.0,0.0,0.0,0.0,1.0,1.0,0.0,0.0,0.0,0.0,0.0,0.0,0.0
110,14-45-849-I-B-user124_openface.csv,7.132999999999999,0.98,1.0,-0.027453,0.290319,-0.956536,-0.035193,0.258252,-0.965436,-0.033,0.278,1.3,-15.8,424.7,0.086,-0.026,-0.006,0.06,0.01,0.0,0.09,0.02,0.0,0.0,0.73,2.1,0.5,0.0,1.06,0.19,0.05,0.29,0.0,0.06,0.0,0.0,0.0,1.0,0.0,0.0,0.0,1.0,1.0,1.0,0.0,0.0,0.0,0.0,1.0,0.0,0.0,0.0
111,14-45-849-W-B-user125_openface.csv,0.4,0.98,1.0,0.08237,0.091655,-0.992378,-0.202735,0.12037,-0.971807,-0.061,0.108,41.5,57.3,466.2,0.056,0.109,-0.025,0.14,0.37,0.05,0.06,0.0,0.36,0.0,0.0,0.08,1.43,0.02,0.81,0.71,0.0,0.0,0.34,0.0,1.0,1.0,0.0,1.0,0.0,0.0,0.0,0.0,0.0,1.0,0.0,0.0,1.0,1.0,0.0,0.0,0.0,0.0
112,15-00-532-I-B-user114_openface.csv,2.8,0.98,1.0,-0.038959,0.165677,-0.98541,-0.212779,0.14033099999999998,-0.966971,-0.128,0.155,-6.3,-34.6,368.1,-0.07,0.12,-0.032,1.2,0.1,1.65,0.0,0.62,0.1,0.0,0.0,0.57,0.4,0.23,1.48,0.57,0.06,0.0,0.0,0.0,1.0,0.0,0.0,1.0,0.0,0.0,0.0,0.0,0.0,1.0,0.0,1.0,1.0,0.0,0.0,0.0,0.0,0.0
113,15-13-468-I-T-user1_openface.csv,0.0,0.98,1.0,-0.003685,0.169489,-0.985525,-0.010452,0.205233,-0.978657,-0.006999999999999999,0.189,-6.2,31.9,398.0,0.022,0.027000000000000003,-0.025,0.15,0.0,0.31,0.48,0.0,0.19,0.0,0.21,0.4,2.54,0.0,0.43,0.31,1.2,0.0,0.0,0.0,0.0,1.0,0.0,1.0,0.0,0.0,0.0,0.0,0.0,1.0,0.0,0.0,0.0,1.0,0.0,0.0,0.0,0.0
114,15-13-468-W-T-user5_openface.csv,7.132999999999999,0.98,1.0,0.08076900000000001,0.225735,-0.970835,-0.223056,0.26405100000000004,-0.938362,-0.07400000000000001,0.251,-1.0,6.0,353.0,0.085,0.117,0.024,0.43,0.06,0.0,0.0,0.12,0.0,0.0,0.36,0.62,0.79,0.03,0.64,0.06,0.0,0.0,0.02,0.0,0.0,0.0,0.0,0.0,0.0,0.0,0.0,1.0,0.0,1.0,0.0,0.0,0.0,0.0,0.0,0.0,0.0,0.0
115,15-21-96-I-T-user1_openface.csv,1.733,0.98,1.0,0.120763,0.22262,-0.967397,0.008219,0.225321,-0.97425,0.066,0.227,-27.1,58.4,366.9,0.036000000000000004,0.033,-0.02,0.05,0.0,1.16,0.0,1.41,0.86,0.0,0.02,0.91,2.41,0.0,0.26,0.0,0.12,0.16,0.17,0.02,0.0,0.0,0.0,0.0,1.0,0.0,0.0,1.0,0.0,1.0,0.0,0.0,0.0,1.0,1.0,0.0,0.0,0.0
116,15-21-96-W-T-user79_openface.csv,263.4,0.98,1.0,0.198674,0.180677,-0.963268,0.029593,0.191963,-0.980956,0.117,0.189,-51.7,1.1,585.4,0.118,-0.112,-0.017,2.99,2.41,0.0,0.0,0.09,0.69,0.0,0.19,0.15,1.35,0.0,0.34,0.21,0.0,0.71,0.93,0.99,1.0,1.0,0.0,1.0,0.0,0.0,0.0,0.0,0.0,1.0,0.0,0.0,0.0,1.0,0.0,1.0,0.0,1.0
117,15-29-238-I-T-user22_openface.csv,21.067,0.98,1.0,-0.051846,0.219749,-0.974178,-0.098737,0.200635,-0.974678,-0.077,0.212,81.5,-31.9,433.3,0.07200000000000001,0.024,0.034,3.98,0.97,0.0,0.15,0.0,0.0,0.0,0.02,0.17,0.15,0.89,0.41,0.0,0.0,1.44,0.55,0.35,1.0,1.0,0.0,1.0,0.0,0.0,0.0,0.0,0.0,0.0,1.0,0.0,0.0,0.0,0.0,0.0,0.0,0.0
118,15-29-238-W-T-user116_openface.csv,9.8,0.98,1.0,0.159179,0.099606,-0.982212,-0.173158,0.126851,-0.976691,-0.006999999999999999,0.115,41.0,75.0,475.9,0.066,0.06,-0.032,0.22,0.0,0.3,0.43,0.0,0.77,0.0,0.0,0.04,1.34,0.02,0.83,0.09,0.05,0.0,0.44,0.0,1.0,1.0,0.0,1.0,0.0,0.0,0.0,0.0,0.0,1.0,0.0,1.0,0.0,0.0,0.0,0.0,0.0,0.0
119,15-58-679-I-T-user1_openface.csv,9.0,0.98,1.0,0.142491,0.22785100000000005,-0.963214,-0.076211,0.24625100000000005,-0.966205,0.034,0.241,-27.0,50.6,321.3,0.121,-0.063,-0.02,0.06,0.0,1.23,0.0,0.86,0.23,0.0,0.71,0.39,1.89,0.0,0.02,0.12,0.0,1.63,1.36,0.0,0.0,0.0,0.0,0.0,0.0,0.0,0.0,0.0,0.0,1.0,0.0,0.0,0.0,0.0,1.0,0.0,0.0,0.0
120,15-58-679-W-T-user28_openface.csv,0.667,0.98,1.0,-0.064278,0.251041,-0.96584,-0.072547,0.263201,-0.962009,-0.071,0.261,20.8,-58.9,423.7,0.07,0.083,0.025,0.27,0.0,0.84,0.33,0.15,0.0,0.0,0.0,0.0,0.53,0.0,0.0,0.17,0.0,1.77,3.3,0.0,0.0,0.0,1.0,1.0,0.0,0.0,0.0,0.0,0.0,0.0,0.0,0.0,0.0,0.0,1.0,0.0,0.0,0.0
121,16-14-317-I-B-user63_openface.csv,0.0,0.98,1.0,0.260599,0.17281,-0.949855,-0.14338,0.207391,-0.967694,0.061,0.196,44.8,3.5,421.3,0.038,0.065,0.029,0.0,0.0,0.34,0.0,0.74,0.66,0.0,0.0,0.82,0.94,0.0,0.27,0.0,0.51,0.03,0.0,0.0,0.0,0.0,1.0,0.0,1.0,1.0,0.0,1.0,1.0,1.0,0.0,0.0,0.0,1.0,0.0,0.0,0.0,0.0
122,16-14-317-W-B-user64_openface.csv,0.0,0.98,1.0,0.213474,0.053337,-0.975492,-0.004922,0.067687,-0.997694,0.105,0.061,-12.2,76.0,391.4,-0.117,-0.096,0.025,0.0,0.0,0.1,0.0,0.22,0.0,0.94,0.0,0.7,0.83,0.52,0.5,0.0,0.0,0.0,0.0,0.0,0.0,0.0,0.0,1.0,0.0,0.0,1.0,0.0,0.0,1.0,0.0,1.0,0.0,0.0,0.0,0.0,0.0,0.0
123,16-19-112-I-T-user1_openface.csv,0.0,0.98,1.0,0.070008,0.115941,-0.990786,-0.016315,0.08880299999999999,-0.995916,0.027000000000000003,0.103,12.8,39.6,340.6,-0.027000000000000003,0.002,0.005,2.28,0.74,0.76,0.71,0.02,0.0,0.0,0.0,0.33,1.75,1.02,1.97,0.16,0.59,0.0,1.29,0.0,1.0,1.0,0.0,1.0,0.0,0.0,0.0,0.0,0.0,1.0,0.0,1.0,0.0,0.0,0.0,1.0,0.0,0.0
124,16-19-112-W-T-user21_openface.csv,0.0,0.98,1.0,-0.120281,0.044639,-0.991736,-0.290106,0.024805,-0.956673,-0.208,0.036000000000000004,31.3,78.1,269.6,-0.078,0.109,0.028,0.49,0.08,0.0,0.88,0.0,0.4,0.0,0.0,0.0,0.0,0.0,1.64,0.0,0.0,0.0,0.0,0.63,1.0,1.0,1.0,1.0,0.0,1.0,0.0,0.0,0.0,0.0,0.0,1.0,0.0,0.0,0.0,0.0,0.0,0.0
125,16-40-42-I-B-user1_openface.csv,0.8,0.98,1.0,0.03948,0.197919,-0.979423,-0.126335,0.23797,-0.963021,-0.045,0.221,-12.6,23.4,387.6,0.065,0.002,-0.034,0.7,0.36,0.7,0.0,0.0,0.0,0.0,0.15,0.12,1.42,0.38,0.42,0.0,0.0,0.14,0.06,0.0,1.0,1.0,0.0,1.0,0.0,0.0,0.0,0.0,0.0,1.0,0.0,0.0,0.0,0.0,0.0,0.0,0.0,0.0
126,16-40-42-W-B-user3_openface.csv,53.2,0.98,1.0,-0.039513,-0.040049,-0.998416,-0.143071,0.073959,-0.986945,-0.092,0.017,16.6,47.3,377.0,-0.021,0.116,-0.034,0.0,0.06,0.68,0.0,0.1,0.0,0.0,0.02,0.44,0.88,0.06,0.54,0.0,0.7,0.0,0.13,0.0,0.0,1.0,0.0,1.0,0.0,0.0,0.0,0.0,0.0,1.0,0.0,0.0,0.0,0.0,0.0,0.0,0.0,0.0
127,16-48-797-I-T-user92_openface.csv,3.067,0.98,1.0,-0.01821,0.142103,-0.989684,-0.06081900000000001,0.212775,-0.975207,-0.04,0.179,11.2,-26.2,332.2,-0.022,0.12,-0.015,2.15,2.65,0.0,2.47,0.0,1.58,0.0,0.32,0.78,1.84,0.0,0.42,0.0,4.21,0.0,0.0,0.0,1.0,1.0,0.0,1.0,0.0,0.0,0.0,0.0,1.0,1.0,0.0,0.0,0.0,0.0,0.0,0.0,0.0,0.0
128,16-48-797-W-T-user93_openface.csv,5.933,0.98,1.0,0.018542,0.180047,-0.983483,-0.177397,0.171625,-0.969059,-0.081,0.17800000000000002,59.7,-18.6,554.2,0.121,0.076,0.034,0.0,0.0,0.0,0.0,0.12,0.31,0.05,0.0,0.74,1.73,0.57,1.46,0.0,0.04,0.02,0.0,0.0,0.0,0.0,0.0,1.0,0.0,1.0,0.0,0.0,1.0,1.0,1.0,1.0,0.0,0.0,0.0,0.0,0.0,0.0
129,16-56-369-I-T-user70_openface.csv,13.8,0.98,1.0,0.145851,0.340506,-0.928861,-0.234408,0.29423,-0.926543,-0.048,0.33,38.2,-38.7,461.2,0.114,0.006,-0.022,0.03,0.0,1.99,0.61,0.45,0.0,0.0,0.63,1.95,1.94,0.21,0.3,0.0,0.0,0.95,0.0,0.0,0.0,0.0,0.0,1.0,0.0,0.0,0.0,1.0,1.0,1.0,0.0,0.0,0.0,0.0,0.0,0.0,0.0,0.0
130,16-56-369-W-T-user71_openface.csv,0.0,0.98,1.0,0.204682,0.051215,-0.977488,-0.089303,0.164006,-0.982409,0.059,0.109,5.7,-40.6,415.3,-0.115,0.02,-0.016,0.52,0.0,1.01,0.52,0.0,0.0,0.0,0.0,0.18,0.0,0.0,0.35,0.0,0.55,0.0,0.0,0.0,0.0,0.0,0.0,1.0,0.0,0.0,0.0,0.0,0.0,0.0,0.0,1.0,0.0,0.0,0.0,0.0,0.0,0.0
131,17-10-481-I-B-user107_openface.csv,0.0,0.98,1.0,0.053728,0.281358,-0.958098,-0.133589,0.288376,-0.948152,-0.042,0.29,18.4,-1.8,486.5,0.118,0.077,0.005,1.03,0.95,0.26,0.0,0.0,0.0,0.0,0.0,0.47,0.58,0.0,0.42,0.0,0.04,0.0,0.13,0.0,1.0,1.0,0.0,1.0,0.0,0.0,0.0,0.0,0.0,1.0,0.0,0.0,0.0,0.0,0.0,0.0,0.0,0.0
132,17-10-481-W-B-user108_openface.csv,6.267,0.98,1.0,0.074584,0.195972,-0.977769,-0.006531,0.229243,-0.973347,0.035,0.215,43.0,5.0,410.4,0.05,-0.006,-0.033,0.0,0.0,0.19,0.0,0.0,0.0,0.0,0.0,0.28,0.56,0.0,0.24,0.0,0.29,0.0,0.14,0.0,0.0,0.0,0.0,1.0,0.0,0.0,0.0,0.0,0.0,1.0,0.0,0.0,0.0,1.0,0.0,0.0,0.0,0.0
133,17-15-163-I-B-user55_openface.csv,36.267,0.98,1.0,-0.015304,0.16861800000000002,-0.985563,-0.137008,0.174486,-0.975081,-0.078,0.173,66.7,-79.1,606.6,0.12,0.079,-0.005,0.23,0.03,0.53,0.08,0.0,0.0,0.0,0.11,0.66,1.44,0.03,0.62,0.0,0.35,0.0,0.0,0.0,0.0,1.0,1.0,1.0,0.0,0.0,0.0,1.0,0.0,1.0,0.0,1.0,0.0,0.0,0.0,0.0,0.0,0.0
134,17-15-163-W-B-user54_openface.csv,5.067,0.98,1.0,0.114092,0.188087,-0.975503,-0.231368,0.244861,-0.941548,-0.061,0.222,60.0,66.0,290.9,0.069,0.06,-0.033,0.0,0.0,0.0,0.0,1.31,1.52,0.56,3.57,2.38,1.6,0.49,0.64,0.0,0.0,1.35,0.0,0.0,0.0,0.0,0.0,0.0,1.0,1.0,1.0,1.0,1.0,1.0,0.0,0.0,0.0,0.0,1.0,0.0,0.0,0.0
135,18-12-410-I-B-user130_openface.csv,27.933000000000003,0.98,1.0,0.003295,-0.156966,-0.987598,-0.123893,-0.01733,-0.992144,-0.061,-0.08800000000000001,52.6,44.8,490.4,-0.09,0.022,0.032,0.0,0.17,0.0,0.0,1.16,1.26,0.86,0.76,1.26,0.04,0.77,0.38,0.0,1.95,0.0,0.78,0.0,0.0,1.0,0.0,1.0,1.0,1.0,1.0,1.0,1.0,0.0,1.0,1.0,0.0,1.0,0.0,0.0,0.0,0.0
136,18-12-410-W-B-user150_openface.csv,0.0,0.98,1.0,0.119367,0.135748,-0.983526,-0.25417,0.093491,-0.96263,-0.069,0.117,-11.8,35.1,298.9,-0.067,0.013,0.005,1.58,0.0,1.63,0.73,0.0,0.0,0.0,0.09,1.15,0.4,0.12,1.47,0.26,0.36,0.52,1.11,0.0,1.0,0.0,0.0,1.0,0.0,0.0,0.0,0.0,0.0,1.0,0.0,1.0,0.0,0.0,0.0,0.0,0.0,0.0
137,18-39-581-I-T-user34_openface.csv,4.0,0.98,1.0,0.077575,0.232704,-0.969449,-0.140769,0.250356,-0.957865,-0.033,0.246,2.5,6.4,450.3,0.113,0.014,0.031,0.26,1.0,0.27,0.24,0.56,0.2,0.0,0.0,0.67,1.89,0.0,0.38,0.0,0.0,0.37,0.77,0.11,1.0,1.0,0.0,0.0,0.0,0.0,0.0,0.0,0.0,1.0,0.0,0.0,0.0,0.0,1.0,0.0,0.0,0.0
138,18-39-581-W-T-user35_openface.csv,10.0,0.98,1.0,0.208821,-0.150426,-0.966316,-0.023357,-0.105911,-0.994101,0.094,-0.13,9.7,53.1,304.4,-0.095,-0.052000000000000005,-0.03,0.0,0.0,1.61,0.29,1.29,0.79,0.1,0.95,0.41,0.42,1.05,0.19,0.0,0.0,1.09,0.8,0.0,0.0,1.0,0.0,0.0,1.0,1.0,0.0,1.0,0.0,1.0,1.0,0.0,0.0,1.0,1.0,1.0,0.0,0.0
139,18-42-263-I-T-user130_openface.csv,1.933,0.98,1.0,0.217101,0.178051,-0.959773,-0.165442,0.163195,-0.972624,0.027000000000000003,0.175,-16.3,26.4,405.8,-0.096,0.035,-0.034,0.36,0.0,0.46,0.0,1.04,0.77,0.14,1.35,0.26,0.4,0.2,0.0,0.98,0.0,1.71,1.22,0.25,1.0,0.0,0.0,0.0,0.0,1.0,0.0,1.0,0.0,1.0,0.0,0.0,1.0,1.0,1.0,1.0,0.0,1.0
140,18-42-263-W-T-user131_openface.csv,56.333,0.98,1.0,0.054241,0.10825,-0.992643,-0.113422,0.125547,-0.985583,-0.03,0.118,17.4,80.0,402.2,-0.12,0.003,0.021,0.37,0.73,1.28,0.0,0.88,0.14,0.0,0.56,1.29,2.06,0.14,0.43,0.0,0.0,0.25,0.06,0.82,0.0,0.0,0.0,1.0,0.0,0.0,0.0,0.0,1.0,1.0,0.0,0.0,0.0,0.0,0.0,0.0,0.0,0.0
141,18-43-166-I-B-user157_openface.csv,0.467,0.98,1.0,0.273961,0.285887,-0.918267,-0.094728,0.27032,-0.958099,0.095,0.28800000000000003,37.7,0.3,328.9,0.046,-0.106,-0.027000000000000003,1.84,1.03,0.0,0.0,0.35,0.31,0.0,0.07,0.89,0.0,0.0,0.0,0.0,0.0,0.0,0.54,0.56,1.0,1.0,0.0,1.0,0.0,0.0,0.0,0.0,0.0,0.0,0.0,0.0,1.0,0.0,0.0,0.0,0.0,0.0
142,18-43-166-W-B-user156_openface.csv,20.133,0.98,1.0,0.242805,0.365023,-0.8987790000000001,-0.202701,0.332064,-0.92122,0.022,0.366,49.3,26.0,168.6,0.107,-0.03,0.023,1.51,0.1,0.56,0.0,0.0,0.34,0.0,0.0,0.0,0.17,1.34,1.96,1.88,1.72,0.0,0.02,0.0,0.0,0.0,0.0,1.0,0.0,1.0,0.0,0.0,0.0,0.0,1.0,0.0,0.0,0.0,0.0,0.0,0.0,0.0
143,18-48-414-I-T-user144_openface.csv,0.0,0.98,1.0,0.106244,0.18592,-0.976804,-0.014525,0.194559,-0.980783,0.047,0.192,2.9,26.4,469.0,0.029,-0.036000000000000004,0.01,1.17,0.72,0.0,0.24,0.0,0.36,0.0,0.0,0.0,0.28,0.06,0.45,1.11,1.56,0.8,1.16,0.17,1.0,1.0,0.0,1.0,0.0,1.0,0.0,0.0,0.0,1.0,0.0,0.0,1.0,1.0,0.0,1.0,1.0,0.0
144,18-48-414-W-T-user145_openface.csv,5.667000000000002,0.98,1.0,0.07799099999999999,0.102449,-0.991676,-0.215365,0.103012,-0.971085,-0.07,0.104,45.8,49.5,356.3,-0.009000000000000001,0.122,-0.005,0.0,0.09,0.64,0.0,0.0,0.05,0.0,0.19,0.51,0.77,0.24,0.5,0.0,0.0,0.05,0.02,0.0,0.0,1.0,0.0,1.0,0.0,0.0,0.0,0.0,0.0,0.0,0.0,0.0,0.0,0.0,0.0,0.0,0.0,0.0
145,19-04-926-I-B-user120_openface.csv,0.8,0.98,1.0,0.104907,0.060855999999999986,-0.992618,-0.070668,0.090973,-0.993343,0.017,0.076,34.1,-71.4,443.6,-0.056,0.0,-0.031,0.0,0.0,0.38,0.2,0.0,0.0,0.56,0.0,0.0,0.0,0.52,1.12,0.0,0.0,0.01,0.0,0.01,0.0,0.0,0.0,1.0,0.0,0.0,0.0,0.0,0.0,0.0,0.0,1.0,0.0,0.0,0.0,0.0,0.0,0.0
146,19-04-926-W-B-user121_openface.csv,0.867,0.98,1.0,0.223131,-0.036102,-0.97412,-0.031901,-0.056436,-0.997896,0.097,-0.047,60.4,34.4,396.8,-0.046,-0.073,0.025,0.06,0.0,1.41,0.0,0.0,0.4,0.0,0.0,0.0,0.0,0.29,0.06,0.0,0.0,0.03,0.0,0.0,0.0,0.0,1.0,1.0,0.0,0.0,0.0,0.0,0.0,0.0,0.0,0.0,0.0,0.0,0.0,0.0,0.0,0.0
147,19-05-68-I-T-user22_openface.csv,1.0,0.98,1.0,0.016756999999999998,0.17711500000000002,-0.984048,-0.137455,0.224765,-0.964669,-0.062,0.203,14.2,57.3,266.6,0.094,0.006,0.033,2.6,0.59,1.15,0.16,0.33,2.36,0.0,1.52,0.0,0.26,0.45,2.74,0.05,0.0,0.95,1.91,0.04,1.0,1.0,1.0,1.0,0.0,1.0,0.0,0.0,0.0,0.0,1.0,1.0,0.0,0.0,0.0,0.0,0.0,0.0
148,19-05-68-W-T-user158_openface.csv,0.0,0.98,1.0,0.141586,0.131287,-0.981182,-0.060086,0.14122,-0.988153,0.041,0.138,-1.5,-15.6,455.2,-0.066,-0.099,0.012,0.3,0.43,0.0,0.1,0.0,0.33,0.0,0.0,0.0,0.0,0.55,0.51,0.0,0.0,1.13,0.5,0.13,0.0,1.0,0.0,1.0,0.0,0.0,0.0,0.0,0.0,0.0,0.0,0.0,0.0,0.0,0.0,0.0,0.0,0.0
149,19-27-616-I-B-user29_openface.csv,17.267,0.98,1.0,0.02988,0.26742,-0.963117,-0.175008,0.214284,-0.960965,-0.075,0.245,18.1,9.7,451.6,0.107,0.018000000000000002,0.034,0.0,0.0,2.19,0.0,0.67,0.0,0.27,2.39,2.12,2.42,0.0,0.0,0.04,0.21,1.04,0.0,0.67,0.0,0.0,1.0,0.0,0.0,0.0,1.0,1.0,1.0,1.0,0.0,0.0,0.0,0.0,0.0,0.0,0.0,0.0
150,19-27-616-W-B-user30_openface.csv,0.333,0.98,1.0,-0.03696,-0.057375,-0.997668,-0.204927,-0.060139,-0.976928,-0.122,-0.059,53.9,45.8,444.7,-0.113,0.104,0.022,0.0,0.0,0.32,0.0,0.0,0.0,0.0,0.29,0.14,0.0,0.0,0.51,0.89,0.58,0.0,0.0,0.0,0.0,0.0,0.0,1.0,0.0,0.0,0.0,0.0,0.0,0.0,0.0,0.0,1.0,0.0,0.0,0.0,0.0,0.0
151,19-35-145-I-B-user1_openface.csv,0.133,0.98,1.0,0.007728,0.080497,-0.996725,-0.084622,0.132019,-0.987629,-0.039,0.107,10.9,64.1,409.1,0.009000000000000001,0.097,-0.034,1.97,1.41,0.71,0.01,0.22,0.0,0.0,0.97,0.99,2.23,0.16,0.0,0.0,0.0,0.31,1.65,0.0,1.0,1.0,0.0,0.0,0.0,0.0,0.0,1.0,0.0,1.0,1.0,0.0,0.0,0.0,0.0,1.0,0.0,0.0
152,19-35-145-W-B-user152_openface.csv,90.2,0.98,1.0,0.227033,0.179492,-0.957204,-0.052624,0.16664600000000002,-0.984612,0.09,0.17600000000000002,95.7,58.0,399.5,-0.117,0.01,-0.005,0.0,0.0,0.89,0.02,1.58,1.57,0.0,0.0,0.21,0.0,0.57,0.0,0.13,0.0,0.64,0.02,0.0,0.0,0.0,0.0,0.0,1.0,1.0,0.0,0.0,0.0,1.0,1.0,0.0,0.0,0.0,0.0,0.0,0.0,0.0
153,20-05-755-I-T-user22_openface.csv,0.0,0.98,1.0,-0.004497,0.273171,-0.961955,-0.175529,0.252364,-0.951579,-0.094,0.268,31.3,-19.1,330.2,0.043,0.1,0.013,1.85,1.45,0.0,1.47,0.0,0.0,0.0,0.0,0.0,0.0,0.46,0.0,0.0,0.0,0.63,0.62,0.76,1.0,1.0,0.0,1.0,0.0,0.0,0.0,0.0,0.0,0.0,0.0,0.0,0.0,0.0,1.0,0.0,0.0,0.0
154,20-05-755-W-T-user122_openface.csv,7.532999999999999,0.98,1.0,0.071297,0.134529,-0.988341,-0.118249,0.121823,-0.985483,-0.024,0.129,62.7,76.8,440.4,-0.08199999999999999,0.045,0.032,0.04,0.02,0.58,0.0,0.0,0.0,0.0,0.0,0.0,0.19,0.0,0.75,0.0,0.03,0.01,0.0,0.32,0.0,1.0,0.0,1.0,0.0,0.0,0.0,0.0,0.0,1.0,0.0,0.0,0.0,1.0,0.0,0.0,0.0,0.0
155,20-28-731-I-T-user128_openface.csv,12.133,0.98,1.0,0.044881,0.268505,-0.962232,-0.17536500000000002,0.292971,-0.939902,-0.068,0.287,50.4,-6.3,257.3,0.02,0.04,-0.006999999999999999,1.48,0.63,0.94,0.68,0.09,0.13,0.0,0.0,0.17,0.92,0.89,3.66,0.11,1.0,0.0,0.4,0.18,0.0,0.0,0.0,1.0,0.0,0.0,0.0,0.0,0.0,1.0,1.0,1.0,1.0,0.0,0.0,0.0,0.0,0.0
156,20-28-731-W-T-user126_openface.csv,1.4,0.98,1.0,0.041941,0.263534,-0.963738,-0.255154,0.235527,-0.937776,-0.112,0.257,38.2,1.9,361.8,0.034,0.08900000000000001,0.028,1.84,0.84,0.39,0.0,0.0,0.03,0.0,0.0,0.01,0.0,0.42,0.94,0.69,0.03,0.0,0.0,0.0,0.0,0.0,0.0,0.0,0.0,0.0,0.0,0.0,0.0,0.0,1.0,1.0,1.0,0.0,0.0,0.0,0.0,0.0
157,20-31-480-I-B-user98_openface.csv,153.533,0.98,1.0,0.130426,0.306463,-0.942905,-0.103939,0.276979,-0.955238,0.014,0.298,21.4,7.8,373.9,0.107,-0.036000000000000004,-0.03,1.65,1.21,0.51,0.98,0.0,1.02,0.0,0.08,0.19,0.02,0.0,0.01,0.0,0.0,0.6,0.49,0.0,1.0,1.0,0.0,0.0,0.0,0.0,0.0,0.0,0.0,0.0,0.0,0.0,0.0,0.0,1.0,1.0,0.0,0.0
158,20-31-480-W-B-user99_openface.csv,95.467,0.98,1.0,-0.035546,0.202314,-0.978675,-0.16071300000000002,0.198083,-0.96692,-0.101,0.203,23.8,-0.4,283.3,-0.065,0.121,-0.012,1.02,0.65,0.56,0.38,0.57,1.34,0.0,0.0,0.16,0.07,0.0,0.07,0.0,0.11,0.73,2.13,0.33,1.0,0.0,0.0,1.0,1.0,1.0,0.0,0.0,0.0,0.0,0.0,0.0,0.0,0.0,1.0,1.0,0.0,0.0
159,20-38-706-I-T-user1_openface.csv,1.267,0.98,1.0,0.122544,0.139152,-0.982659,-0.041764,0.194202,-0.980072,0.041,0.168,-12.2,31.4,359.1,0.01,-0.093,-0.032,0.08,0.0,1.07,0.19,0.83,0.0,0.0,1.19,0.4,1.35,0.0,0.81,0.0,0.0,0.52,2.14,0.0,0.0,0.0,1.0,1.0,1.0,0.0,0.0,1.0,0.0,1.0,0.0,1.0,0.0,0.0,1.0,1.0,0.0,0.0
160,20-40-167-I-B-user1_openface.csv,0.0,0.98,1.0,0.014169,0.083518,-0.996406,-0.065948,0.082764,-0.994385,-0.026,0.083,22.3,48.8,417.8,-0.069,0.052000000000000005,0.027000000000000003,0.16,0.0,0.0,0.0,0.53,1.01,0.0,0.69,0.37,2.15,0.03,0.0,1.27,0.0,0.0,0.0,0.0,0.0,0.0,0.0,0.0,0.0,0.0,0.0,0.0,1.0,1.0,0.0,0.0,1.0,1.0,0.0,0.0,0.0,0.0
161,20-40-167-W-B-user104_openface.csv,243.8,0.98,1.0,0.354993,-0.020526,-0.934644,0.175296,-0.091582,-0.980247,0.27,-0.058,16.8,-24.9,435.6,-0.026,-0.092,-0.034,0.0,0.0,0.0,0.06,0.69,0.0,0.1,0.39,0.53,0.63,0.41,0.8,0.74,0.0,2.19,1.11,0.0,0.0,0.0,0.0,1.0,1.0,0.0,0.0,1.0,0.0,0.0,1.0,1.0,1.0,0.0,1.0,0.0,0.0,0.0
162,21-03-94-I-T-user114_openface.csv,10.667,0.98,1.0,0.089925,0.318387,-0.943686,-0.134498,0.278956,-0.950839,-0.024,0.305,37.0,-30.7,367.3,0.092,0.093,0.023,0.0,0.0,0.78,0.0,2.13,0.82,0.0,1.57,3.25,1.4,0.18,0.3,0.38,0.0,3.27,0.55,0.0,0.0,0.0,0.0,0.0,1.0,1.0,0.0,1.0,1.0,1.0,0.0,0.0,0.0,0.0,1.0,1.0,0.0,1.0
163,21-16-706-I-T-user22_openface.csv,6.332999999999998,0.98,1.0,-0.047491000000000005,0.127313,-0.990725,-0.161343,0.151855,-0.975145,-0.106,0.141,54.5,5.6,361.2,0.008,0.081,0.034,2.88,0.17,0.0,0.0,0.0,0.0,0.0,0.27,0.0,0.0,0.72,1.05,0.0,0.0,0.46,0.48,0.0,1.0,1.0,0.0,1.0,0.0,0.0,0.0,0.0,0.0,0.0,1.0,1.0,0.0,0.0,0.0,1.0,0.0,0.0
164,21-16-706-W-T-user110_openface.csv,11.133,0.98,1.0,0.229948,0.097641,-0.968292,0.069228,0.096808,-0.992893,0.151,0.099,-54.3,-20.8,535.7,-0.104,-0.121,-0.002,0.0,0.0,0.0,0.0,0.27,0.61,0.33,0.0,0.59,0.0,0.44,0.01,0.0,0.0,0.0,0.0,0.03,0.0,0.0,0.0,0.0,1.0,1.0,0.0,0.0,1.0,0.0,1.0,0.0,0.0,0.0,0.0,0.0,0.0,1.0
165,21-24-649-I-T-user53_openface.csv,2.9330000000000003,0.98,1.0,0.159433,0.107354,-0.981354,0.056417,0.15634,-0.986091,0.109,0.133,-53.9,18.1,363.9,0.06,-0.114,0.008,0.34,0.0,1.45,0.61,0.0,0.0,0.0,0.09,0.05,0.0,0.0,0.0,0.0,0.0,2.76,0.66,0.12,0.0,0.0,0.0,1.0,0.0,0.0,0.0,0.0,0.0,0.0,0.0,0.0,0.0,0.0,1.0,1.0,0.0,0.0
166,21-24-649-W-T-user52_openface.csv,0.2,0.98,1.0,0.03336,0.273389,-0.961325,-0.161163,0.199632,-0.966527,-0.066,0.241,37.2,27.9,258.6,0.053,-0.065,0.034,0.13,0.0,0.0,0.18,0.0,0.0,0.0,0.0,0.0,0.55,0.19,0.36,0.0,0.0,0.39,0.84,0.81,0.0,1.0,0.0,1.0,0.0,0.0,0.0,0.0,0.0,1.0,1.0,0.0,0.0,0.0,0.0,0.0,0.0,0.0
167,21-37-95-I-B-user22_openface.csv,6.4,0.98,1.0,-0.061688,0.244095,-0.967787,-0.135108,0.248608,-0.959135,-0.102,0.25,35.9,-17.5,345.4,0.1,0.041,0.009000000000000001,3.4,3.45,0.0,0.72,0.52,0.0,0.0,0.39,0.12,1.4,0.0,0.3,0.59,0.06,1.05,0.0,0.84,1.0,1.0,0.0,1.0,1.0,0.0,0.0,1.0,0.0,1.0,0.0,0.0,0.0,1.0,1.0,0.0,0.0,0.0
168,21-37-95-W-B-user23_openface.csv,36.333,0.98,1.0,0.012282,0.098922,-0.995019,-0.164148,0.126306,-0.978316,-0.077,0.114,43.8,11.8,339.0,-0.103,0.075,0.011,0.0,0.0,0.47,0.0,2.25,2.93,0.27,1.38,2.78,0.63,0.0,0.0,0.0,0.0,2.57,0.78,0.0,0.0,0.0,0.0,0.0,1.0,1.0,0.0,1.0,1.0,1.0,0.0,0.0,0.0,1.0,1.0,1.0,0.0,0.0
169,22-05-764-I-B-user117_openface.csv,0.0,0.98,1.0,0.057872,0.074088,-0.995571,-0.028238,0.054048,-0.998139,0.015,0.064,-30.2,-24.2,461.1,-0.106,-0.064,0.004,2.38,2.32,1.72,0.0,0.0,0.0,0.0,0.0,0.67,0.3,0.52,1.12,0.0,0.28,0.0,0.0,0.0,1.0,1.0,0.0,1.0,0.0,0.0,0.0,0.0,0.0,0.0,0.0,1.0,0.0,0.0,0.0,0.0,0.0,0.0
170,22-05-764-W-B-user119_openface.csv,19.8,0.98,1.0,0.284932,0.126697,-0.950138,0.05149,0.111169,-0.992467,0.171,0.122,10.1,68.9,442.2,-0.07200000000000001,-0.092,-0.009000000000000001,0.69,0.74,0.98,0.88,1.25,1.71,0.58,0.28,0.4,2.46,0.68,1.26,0.0,1.18,0.54,1.13,0.43,0.0,0.0,0.0,0.0,1.0,0.0,0.0,0.0,1.0,1.0,0.0,1.0,0.0,1.0,1.0,0.0,0.0,0.0
171,22-10-468-I-T-user125_openface.csv,0.333,0.98,1.0,-0.061935,0.253265,-0.965412,-0.090953,0.283555,-0.954633,-0.079,0.273,30.1,23.2,479.0,0.105,0.021,-0.033,0.11,0.24,1.11,0.0,0.05,0.0,0.04,0.34,1.06,2.47,0.0,0.97,0.48,0.37,0.33,0.59,0.73,0.0,0.0,0.0,1.0,0.0,0.0,0.0,1.0,0.0,1.0,0.0,0.0,1.0,1.0,0.0,0.0,0.0,1.0
172,22-10-468-W-T-user124_openface.csv,0.333,0.98,1.0,-0.018597,0.174738,-0.984439,-0.208535,0.108329,-0.971997,-0.116,0.14400000000000002,42.5,28.3,375.7,-0.075,0.036000000000000004,-0.024,0.16,0.36,0.0,0.0,0.0,0.0,0.0,0.0,0.53,0.02,0.93,0.81,0.0,0.0,0.0,0.0,0.0,0.0,0.0,0.0,1.0,0.0,0.0,0.0,0.0,0.0,1.0,1.0,0.0,0.0,1.0,0.0,0.0,0.0,0.0
173,22-31-901-I-T-user86_openface.csv,1.867,0.98,1.0,0.104733,0.082474,-0.991075,-0.073764,0.062107,-0.99534,0.016,0.073,-11.9,3.1,318.4,-0.086,0.085,0.028,0.08,0.71,0.0,0.0,0.0,0.01,0.0,0.0,0.0,0.0,0.0,0.02,0.0,0.4,0.01,0.0,0.0,0.0,0.0,0.0,0.0,0.0,0.0,0.0,0.0,0.0,0.0,0.0,0.0,0.0,0.0,0.0,0.0,0.0,0.0
174,22-31-901-W-T-user87_openface.csv,1.2,0.98,1.0,0.060297,0.080634,-0.994918,-0.077342,0.067495,-0.994717,-0.009000000000000001,0.07400000000000001,-2.6,59.5,528.0,-0.04,0.033,-0.023,0.14,0.13,0.0,0.0,0.05,1.16,0.07,0.0,0.66,0.4,0.0,0.42,0.29,0.2,0.0,0.0,0.0,0.0,0.0,0.0,0.0,0.0,1.0,0.0,0.0,1.0,1.0,0.0,0.0,0.0,0.0,0.0,0.0,0.0,0.0
175,22-35-549-I-T-user64_openface.csv,13.0,0.98,1.0,0.117699,0.116895,-0.986145,-0.041679,0.166716,-0.985124,0.039,0.14300000000000002,-7.9,76.6,366.1,-0.075,0.094,-0.009000000000000001,0.22,0.02,1.49,0.0,0.75,0.05,0.0,0.65,1.4,2.16,0.31,1.33,0.03,0.0,0.0,0.0,0.14,0.0,0.0,1.0,1.0,0.0,0.0,0.0,0.0,0.0,1.0,1.0,0.0,0.0,0.0,0.0,0.0,0.0,1.0
176,22-35-549-W-T-user63_openface.csv,6.867000000000001,0.98,1.0,0.18522,0.211679,-0.959628,0.034985,0.17385,-0.984151,0.113,0.196,29.9,-12.0,432.3,0.005,0.002,0.031,0.0,0.0,0.0,0.0,1.48,0.85,0.14,1.63,1.94,1.09,0.0,0.23,0.96,0.0,0.87,0.0,0.0,0.0,0.0,0.0,0.0,1.0,0.0,0.0,1.0,1.0,1.0,1.0,0.0,1.0,1.0,0.0,0.0,0.0,0.0
177,22-41-332-I-T-user72_openface.csv,0.0,0.98,1.0,0.028938,0.142895,-0.989315,-0.07813300000000001,0.162868,-0.983549,-0.025,0.154,39.5,32.9,422.7,-0.036000000000000004,0.061,-0.011,0.55,0.37,1.19,0.13,0.0,0.0,0.0,0.0,0.0,0.0,0.0,0.26,0.0,0.0,0.0,0.34,0.26,0.0,0.0,0.0,1.0,0.0,0.0,0.0,0.0,0.0,0.0,0.0,0.0,0.0,0.0,0.0,0.0,0.0,0.0
178,22-41-332-W-T-user73_openface.csv,36.067,0.98,1.0,0.204193,0.271513,-0.940524,-0.048038,0.277681,-0.959472,0.08199999999999999,0.281,-69.2,54.8,264.3,0.09,0.039,-0.032,0.97,0.02,0.0,0.07,1.49,0.88,0.0,1.22,0.21,0.13,0.78,0.0,0.22,0.0,2.79,3.66,0.0,1.0,1.0,0.0,0.0,0.0,1.0,0.0,1.0,0.0,1.0,0.0,0.0,1.0,1.0,1.0,1.0,0.0,0.0
179,24-24-724-I-T-user133_openface.csv,3.0,0.98,1.0,0.029646,0.096813,-0.994861,-0.171854,0.098152,-0.98022,-0.07200000000000001,0.098,86.1,30.9,598.2,0.035,0.063,-0.023,0.0,0.07,0.17,0.15,0.7,0.0,0.2,1.28,1.64,1.6,0.0,0.0,0.06,0.0,2.61,0.0,1.59,0.0,0.0,0.0,1.0,0.0,0.0,0.0,1.0,1.0,1.0,0.0,0.0,0.0,0.0,1.0,0.0,0.0,1.0
180,24-24-724-W-T-user132_openface.csv,19.0,0.98,1.0,-0.031916,0.203418,-0.978572,-0.13106800000000002,0.24428200000000005,-0.960805,-0.084,0.227,33.9,4.6,402.4,0.119,0.103,-0.008,0.15,0.0,1.32,0.0,0.19,0.62,0.0,0.83,0.53,1.62,0.0,0.04,0.0,0.01,0.35,0.23,0.0,0.0,0.0,0.0,1.0,0.0,0.0,0.0,0.0,0.0,1.0,0.0,0.0,0.0,0.0,0.0,0.0,0.0,0.0
181,24-30-926-I-B-user89_openface.csv,8.067,0.98,1.0,-0.010746,0.053047,-0.998534,-0.142009,0.070177,-0.987375,-0.077,0.062,-10.3,71.0,391.7,-0.018000000000000002,0.094,-0.034,0.0,0.0,0.0,0.08,0.63,0.74,0.14,0.72,0.84,1.12,0.32,0.78,0.0,0.0,2.5,1.53,0.0,0.0,0.0,0.0,0.0,0.0,0.0,0.0,1.0,1.0,1.0,0.0,1.0,0.0,1.0,1.0,1.0,0.0,0.0
182,24-30-926-W-B-user88_openface.csv,0.0,0.98,1.0,0.03173,0.192873,-0.980711,-0.173716,0.186733,-0.96693,-0.073,0.192,17.9,43.5,315.0,-0.018000000000000002,0.11,0.018000000000000002,0.0,0.0,0.0,0.0,0.0,0.0,0.15,0.0,0.0,0.0,0.0,0.0,0.0,0.0,0.32,0.01,0.0,0.0,0.0,0.0,1.0,0.0,0.0,0.0,0.0,0.0,0.0,0.0,0.0,0.0,0.0,0.0,0.0,0.0,1.0
183,24-43-478-I-T-user71_openface.csv,0.0,0.98,1.0,0.088937,0.004282,-0.996028,-0.102256,0.202136,-0.974004,-0.006999999999999999,0.104,16.9,-24.9,452.6,-0.1,0.032,-0.009000000000000001,0.13,0.0,1.53,0.35,0.42,0.18,0.0,0.31,0.72,0.0,0.0,0.09,0.23,0.0,0.0,0.0,0.5,0.0,0.0,0.0,1.0,0.0,0.0,0.0,1.0,0.0,0.0,0.0,0.0,0.0,0.0,0.0,0.0,0.0,0.0
184,24-43-478-W-T-user70_openface.csv,97.2,0.98,1.0,0.008222,0.366355,-0.930439,-0.180527,0.363257,-0.914032,-0.093,0.377,46.5,-35.5,427.1,0.112,0.12,-0.026,0.0,0.0,1.12,0.02,0.63,0.21,0.0,1.06,2.02,2.04,0.0,0.18,0.2,0.0,1.87,0.65,0.33,0.0,0.0,0.0,1.0,0.0,0.0,0.0,1.0,1.0,1.0,0.0,0.0,0.0,1.0,1.0,0.0,0.0,0.0
185,26-15-622-I-B-user93_openface.csv,0.067,0.98,1.0,0.004704,0.091054,-0.995835,-0.190797,0.100482,-0.976473,-0.094,0.097,64.7,-4.7,593.6,0.042,0.093,-0.029,0.78,0.38,0.35,0.12,0.0,0.0,0.0,0.0,0.0,0.21,0.0,0.99,0.0,0.47,0.0,0.0,0.12,0.0,1.0,0.0,1.0,0.0,0.0,0.0,0.0,0.0,1.0,0.0,1.0,0.0,0.0,0.0,0.0,0.0,0.0
186,26-15-622-W-B-user92_openface.csv,0.0,0.98,1.0,0.194067,0.027339,-0.980607,0.042712,0.049144,-0.997878,0.119,0.039,-30.5,28.6,401.8,-0.046,0.055,-0.028,0.0,0.34,0.0,0.0,0.0,0.0,0.0,0.0,0.0,0.0,0.0,0.0,0.0,0.0,0.0,0.0,0.19,0.0,1.0,0.0,1.0,0.0,0.0,0.0,0.0,0.0,0.0,0.0,0.0,0.0,0.0,0.0,0.0,0.0,0.0
187,26-17-966-I-T-user1_openface.csv,0.0,0.98,1.0,0.099943,0.084096,-0.991433,-0.03271,0.134782,-0.990335,0.034,0.11,17.3,73.3,395.3,0.016,0.084,0.033,1.56,2.14,1.22,0.0,0.0,0.0,0.0,0.5,0.55,1.47,0.0,0.0,0.0,0.0,0.0,0.62,0.0,1.0,1.0,0.0,0.0,0.0,0.0,0.0,0.0,0.0,1.0,0.0,0.0,0.0,0.0,0.0,1.0,0.0,0.0
188,26-17-966-W-T-user152_openface.csv,9.733,0.98,1.0,-0.016187,0.141952,-0.989741,-0.160993,0.141147,-0.976811,-0.09,0.14300000000000002,26.4,81.5,486.2,-0.115,0.092,-0.033,0.13,0.0,1.9,0.0,1.37,2.09,0.0,0.0,0.32,2.38,0.7,1.63,0.56,1.47,0.0,0.59,0.0,0.0,0.0,1.0,0.0,0.0,1.0,0.0,0.0,0.0,1.0,1.0,1.0,0.0,1.0,0.0,0.0,1.0,0.0
189,27-19-148-I-B-user131_openface.csv,5.933,0.98,1.0,0.023581,0.205627,-0.978346,-0.056932,0.255549,-0.965118,-0.017,0.233,53.1,38.1,408.7,0.057,-0.075,0.028,0.0,0.05,0.13,0.0,0.61,0.68,0.42,1.13,1.19,1.82,0.0,0.66,0.0,0.88,0.3,0.0,0.0,0.0,0.0,0.0,1.0,0.0,1.0,0.0,1.0,1.0,1.0,1.0,1.0,0.0,0.0,0.0,0.0,0.0,0.0
190,27-19-148-W-B-user129_openface.csv,0.067,0.98,1.0,0.041835,0.07660800000000001,-0.996183,-0.12194,0.09365,-0.988109,-0.04,0.086,61.0,93.8,680.6,0.07200000000000001,0.05,-0.028,0.0,0.0,3.35,0.0,0.0,1.34,0.03,0.0,0.0,0.0,0.1,0.01,0.0,0.07,0.0,0.0,0.0,0.0,1.0,1.0,1.0,0.0,0.0,0.0,0.0,0.0,0.0,0.0,0.0,0.0,0.0,0.0,0.0,0.0,0.0
191,27-35-915-I-B-user145_openface.csv,2.533,0.98,1.0,0.047071,0.222368,-0.973826,-0.242882,0.20675,-0.947767,-0.102,0.22,55.9,49.4,370.3,0.003,0.121,0.017,0.0,0.0,1.29,0.0,0.43,0.32,0.0,0.36,0.63,1.36,0.0,0.26,0.37,0.0,2.06,0.81,0.9,0.0,0.0,0.0,1.0,0.0,0.0,0.0,1.0,1.0,1.0,0.0,0.0,0.0,1.0,1.0,1.0,0.0,1.0
192,27-35-915-W-B-user144_openface.csv,0.0,0.98,1.0,0.163011,0.179132,-0.970226,-0.013527,0.188168,-0.982044,0.076,0.18600000000000005,24.4,40.9,449.7,0.003,-0.021,-0.018000000000000002,0.29,0.24,0.0,0.0,0.0,0.0,0.0,0.0,0.0,0.73,0.0,1.12,0.7,1.17,0.17,0.69,0.34,1.0,1.0,0.0,1.0,0.0,0.0,0.0,0.0,0.0,1.0,0.0,1.0,1.0,1.0,0.0,1.0,1.0,0.0
193,27-37-757-I-B-user91_openface.csv,2.467,0.98,1.0,-0.039275,0.057061,-0.997598,-0.196038,0.057515,-0.978908,-0.118,0.058,119.9,91.3,642.2,0.044,0.107,-0.003,0.17,0.2,0.23,0.26,0.0,0.76,0.0,0.0,0.0,0.0,0.0,0.24,0.26,0.27,0.0,0.0,0.51,0.0,0.0,0.0,1.0,0.0,1.0,0.0,0.0,0.0,0.0,0.0,0.0,0.0,1.0,0.0,0.0,0.0,1.0
194,27-37-757-W-B-user90_openface.csv,0.0,0.98,1.0,0.021018,0.135846,-0.990507,-0.105048,0.186652,-0.976794,-0.043,0.162,54.1,54.1,399.1,0.083,0.104,-0.027000000000000003,2.07,1.43,0.0,1.18,0.0,0.27,0.0,0.05,0.46,0.95,0.0,1.09,0.0,0.0,0.0,0.75,0.0,1.0,1.0,0.0,1.0,0.0,0.0,0.0,1.0,0.0,0.0,0.0,1.0,0.0,1.0,0.0,0.0,0.0,0.0
195,27-51-501-I-B-user109_openface.csv,7.132999999999999,0.98,1.0,-0.042364,0.190027,-0.980864,-0.234531,0.166915,-0.957672,-0.142,0.182,45.2,-13.1,401.6,-0.022,0.118,-0.019,0.0,0.0,0.88,0.0,0.23,0.0,0.24,0.0,0.65,0.93,0.06,0.33,1.14,0.0,0.1,0.0,0.27,0.0,0.0,0.0,0.0,0.0,0.0,1.0,0.0,1.0,1.0,1.0,0.0,1.0,1.0,0.0,0.0,0.0,1.0
196,27-51-501-W-B-user107_openface.csv,0.0,0.98,1.0,0.219261,0.201803,-0.954568,-0.100038,0.258094,-0.960927,0.062,0.236,-5.3,6.7,474.0,0.107,-0.006,-0.022,0.91,0.76,1.12,0.0,0.0,0.0,0.0,0.0,0.08,0.52,0.25,0.54,0.0,0.55,0.0,0.46,0.0,0.0,1.0,0.0,1.0,0.0,0.0,0.0,0.0,0.0,1.0,0.0,0.0,0.0,0.0,0.0,0.0,0.0,0.0
197,28-32-854-I-B-user15_openface.csv,0.8,0.98,1.0,-0.011157,0.261798,-0.965058,-0.134748,0.10636199999999997,-0.985155,-0.075,0.187,87.3,8.1,508.9,0.063,0.024,-0.034,2.28,2.17,0.04,0.0,0.0,0.0,0.0,0.12,0.0,0.01,1.44,0.83,0.04,0.0,0.0,0.0,1.68,1.0,1.0,0.0,1.0,0.0,0.0,0.0,0.0,0.0,0.0,0.0,1.0,0.0,0.0,0.0,0.0,0.0,1.0
198,28-32-854-W-B-user16_openface.csv,47.067,0.98,1.0,0.067672,0.179929,-0.981349,-0.046257,0.20859,-0.976909,0.011,0.196,33.5,51.1,430.3,0.068,0.055,0.026,1.01,3.63,0.86,0.0,0.16,0.38,0.0,0.72,0.0,0.0,0.0,0.9,0.0,0.0,0.0,1.11,0.0,1.0,1.0,0.0,0.0,0.0,0.0,0.0,0.0,0.0,0.0,0.0,0.0,0.0,0.0,0.0,0.0,0.0,0.0
199,28-32-985-I-T-user99_openface.csv,56.267,0.98,1.0,0.039003,0.322049,-0.945919,-0.197603,0.307558,-0.930785,-0.084,0.324,23.3,2.4,285.6,0.108,0.112,0.017,0.25,0.29,0.02,0.0,0.56,1.68,0.0,0.0,0.39,0.0,0.0,0.42,0.0,0.04,0.98,1.24,0.21,0.0,0.0,0.0,0.0,0.0,1.0,0.0,0.0,0.0,0.0,0.0,0.0,0.0,0.0,1.0,1.0,0.0,1.0
200,28-32-985-W-T-user97_openface.csv,0.0,0.98,1.0,0.039214,0.207894,-0.977365,-0.056757,0.260437,-0.963821,-0.009000000000000001,0.237,0.5,-21.6,376.9,0.046,0.033,-0.006999999999999999,0.0,0.0,0.07,0.6,0.72,2.48,0.0,0.47,0.0,0.0,0.0,0.0,0.0,0.0,2.16,1.77,0.0,0.0,0.0,0.0,0.0,1.0,1.0,1.0,1.0,0.0,0.0,0.0,0.0,0.0,0.0,1.0,1.0,0.0,0.0
201,28-45-33-I-T-user63_openface.csv,2.9330000000000003,0.98,1.0,0.191725,0.118276,-0.974296,-0.031478,0.168431,-0.985211,0.08199999999999999,0.145,25.1,-26.0,469.9,-0.103,-0.033,-0.0,0.03,0.0,0.0,0.0,0.55,0.2,0.16,0.55,0.32,0.0,0.22,0.18,0.0,0.0,0.33,0.0,0.71,0.0,0.0,0.0,1.0,0.0,1.0,0.0,1.0,1.0,0.0,1.0,0.0,0.0,1.0,0.0,0.0,0.0,1.0
202,28-45-33-W-T-user64_openface.csv,18.933,0.98,1.0,0.01361,0.136352,-0.990567,-0.170169,0.140166,-0.975395,-0.079,0.14,-32.8,58.5,367.9,-0.102,0.11,0.019,0.03,0.06,2.4,0.0,0.09,0.0,0.0,0.39,0.89,4.59,1.8,0.0,0.0,0.0,1.18,0.0,0.23,0.0,0.0,1.0,1.0,0.0,1.0,1.0,0.0,1.0,1.0,1.0,0.0,0.0,1.0,1.0,0.0,0.0,0.0
203,28-52-283-I-B-user130_openface.csv,10.933,0.98,1.0,0.093318,0.18377,-0.97853,-0.12248699999999997,0.287342,-0.949964,-0.015,0.24,-5.9,25.9,398.3,-0.08900000000000001,0.115,-0.012,0.0,0.0,0.0,0.0,3.22,2.7,0.5,1.63,3.22,1.15,0.0,0.23,0.0,0.62,3.53,2.14,0.05,0.0,0.0,0.0,0.0,1.0,1.0,1.0,1.0,1.0,1.0,0.0,0.0,0.0,0.0,1.0,1.0,0.0,1.0
204,28-52-283-W-B-user150_openface.csv,14.667,0.98,1.0,-0.011355,0.200188,-0.979692,-0.050513,0.267225,-0.962309,-0.032,0.236,0.2,-24.0,338.7,0.023,0.002,-0.006999999999999999,0.0,0.0,1.9,0.3,1.48,1.35,0.0,1.22,2.59,2.0,1.17,0.93,0.0,0.14,0.83,0.47,0.0,0.0,0.0,1.0,1.0,0.0,0.0,0.0,1.0,1.0,1.0,1.0,0.0,0.0,0.0,0.0,0.0,0.0,0.0
205,29-09-99-I-T-user142_openface.csv,39.8,0.98,1.0,0.051948,0.236714,-0.97019,-0.147337,0.211164,-0.966282,-0.049,0.227,56.6,3.8,401.9,0.001,0.087,0.034,0.05,0.0,0.32,0.0,0.0,1.01,0.0,0.0,0.0,0.0,0.0,0.03,0.0,0.0,0.5,0.23,0.0,0.0,0.0,0.0,0.0,0.0,0.0,0.0,0.0,0.0,1.0,0.0,0.0,0.0,1.0,0.0,0.0,0.0,0.0
206,29-09-99-W-T-user143_openface.csv,8.732999999999999,0.98,1.0,0.025878,0.16544,-0.98588,-0.15316,0.175182,-0.97255,-0.065,0.172,60.2,66.8,400.6,-0.116,0.08800000000000001,-0.029,0.96,0.11,1.76,0.0,0.0,0.09,0.0,0.0,0.15,0.58,0.1,0.41,0.0,0.0,0.0,0.16,0.72,0.0,1.0,0.0,1.0,0.0,0.0,0.0,0.0,0.0,1.0,0.0,1.0,0.0,1.0,0.0,0.0,0.0,0.0
207,29-48-550-I-T-user124_openface.csv,6.132999999999999,0.98,1.0,0.062877,0.349984,-0.934643,-0.201329,0.29730300000000004,-0.933315,-0.07400000000000001,0.334,69.7,-24.4,415.0,0.119,0.103,0.0,0.0,0.0,0.0,0.0,0.44,0.22,0.0,1.03,2.41,0.45,0.35,1.55,0.37,0.1,0.94,0.16,0.56,0.0,0.0,0.0,1.0,0.0,0.0,0.0,1.0,1.0,0.0,0.0,1.0,0.0,0.0,1.0,0.0,0.0,1.0
208,29-48-550-W-T-user125_openface.csv,0.0,0.98,1.0,0.088892,0.084323,-0.992465,-0.157599,0.047285,-0.98637,-0.035,0.066,19.9,90.6,497.6,-0.04,0.024,0.03,0.38,0.51,0.16,0.24,0.11,1.09,0.0,0.02,0.53,1.38,0.34,0.43,0.0,0.0,0.06,0.0,0.0,0.0,0.0,0.0,1.0,0.0,1.0,0.0,1.0,1.0,1.0,0.0,0.0,0.0,0.0,0.0,0.0,0.0,0.0
209,30-40-756-I-B-user127_openface.csv,0.0,0.98,1.0,0.077101,0.222483,-0.971883,-0.147161,0.218465,-0.964685,-0.036000000000000004,0.224,1.9,64.6,457.3,0.105,0.09,-0.021,0.82,0.0,1.41,0.0,0.0,2.83,0.0,0.0,0.18,0.0,0.19,0.42,0.0,0.01,0.0,0.35,0.0,1.0,1.0,1.0,0.0,0.0,1.0,0.0,0.0,0.0,1.0,0.0,1.0,0.0,1.0,0.0,0.0,0.0,0.0
210,30-40-756-W-B-user128_openface.csv,6.067,0.98,1.0,-0.045565,0.13824,-0.98935,-0.300544,0.15746300000000002,-0.94068,-0.177,0.152,50.8,-4.3,312.7,-0.106,0.104,-0.03,0.12,0.0,0.36,0.0,0.0,0.34,0.0,0.0,0.0,0.0,0.57,2.34,0.0,0.0,0.0,0.0,0.0,0.0,0.0,0.0,1.0,0.0,0.0,0.0,0.0,0.0,0.0,1.0,1.0,0.0,0.0,0.0,0.0,0.0,0.0
211,30-42-250-I-B-user68_openface.csv,1.3330000000000002,0.98,1.0,0.005220000000000001,0.21079,-0.977518,-0.179982,0.141593,-0.973426,-0.08900000000000001,0.179,57.0,13.7,352.8,-0.087,0.071,-0.0,0.0,0.0,0.05,0.0,2.0,1.29,0.28,1.29,2.11,0.79,0.0,0.39,0.36,0.0,0.96,0.17,0.27,0.0,0.0,0.0,0.0,1.0,0.0,0.0,1.0,1.0,1.0,1.0,0.0,0.0,0.0,1.0,0.0,0.0,1.0
212,30-42-250-W-B-user67_openface.csv,15.867,0.98,1.0,0.265968,0.244575,-0.93244,0.03154,0.227991,-0.973152,0.155,0.243,14.4,41.0,274.0,0.006,-0.122,-0.015,0.06,0.0,0.0,0.0,2.15,1.06,0.48,1.68,2.32,2.37,0.0,0.35,0.01,0.0,2.83,0.61,0.32,0.0,0.0,0.0,0.0,1.0,0.0,0.0,1.0,1.0,1.0,0.0,0.0,0.0,1.0,1.0,0.0,0.0,0.0
213,30-46-620-I-B-user41_openface.csv,1.0,0.98,1.0,-0.075724,0.224872,-0.971441,-0.150698,0.224617,-0.962724,-0.117,0.228,14.8,32.6,314.8,0.051,0.07400000000000001,0.023,0.13,0.0,0.14,0.0,0.0,0.0,0.0,0.0,0.0,0.26,0.0,0.98,0.12,2.36,0.0,1.33,0.0,0.0,0.0,0.0,1.0,0.0,0.0,0.0,0.0,0.0,0.0,0.0,0.0,0.0,0.0,0.0,0.0,0.0,0.0
214,30-46-620-W-B-user42_openface.csv,0.0,0.98,1.0,0.118398,0.31901,-0.940327,-0.229985,0.368993,-0.9005280000000001,-0.061,0.358,18.9,-33.1,361.2,0.037000000000000005,0.106,0.006999999999999999,1.23,0.0,1.03,0.0,0.0,0.0,0.0,0.0,0.0,0.0,0.09,0.11,0.0,0.0,0.03,0.0,0.11,1.0,1.0,0.0,0.0,0.0,0.0,0.0,0.0,0.0,0.0,0.0,0.0,0.0,1.0,0.0,0.0,0.0,1.0
215,30-57-338-I-T-user89_openface.csv,5.2,0.98,1.0,0.25105700000000003,0.295493,-0.921767,0.025469,0.299426,-0.953779,0.146,0.307,-19.4,19.6,353.9,0.06,-0.097,-0.022,0.89,0.04,0.6,0.0,0.76,0.92,0.0,0.75,1.23,0.67,0.56,0.87,0.47,0.0,2.23,1.08,1.14,0.0,0.0,0.0,0.0,0.0,0.0,0.0,1.0,1.0,1.0,0.0,0.0,0.0,1.0,1.0,0.0,0.0,1.0
216,30-57-338-W-T-user88_openface.csv,0.867,0.98,1.0,0.06991,0.168101,-0.983288,-0.15203599999999998,0.177145,-0.972371,-0.042,0.175,23.4,35.0,324.7,-0.119,0.029,-0.034,0.13,0.0,0.0,0.0,0.0,0.12,0.02,0.0,0.0,0.0,0.03,0.0,0.0,0.0,0.64,0.43,0.38,0.0,0.0,0.0,0.0,0.0,1.0,0.0,0.0,0.0,0.0,0.0,0.0,0.0,0.0,1.0,0.0,0.0,1.0
217,31-08-51-I-B-user1_openface.csv,0.0,0.98,1.0,0.172345,0.151955,-0.973246,0.008452,0.15186,-0.988366,0.092,0.154,12.9,30.0,351.3,-0.021,0.046,-0.006999999999999999,0.81,0.31,0.0,0.23,0.0,0.0,0.0,0.0,0.0,0.13,0.0,0.15,0.18,0.08,0.54,0.72,0.3,1.0,1.0,0.0,1.0,0.0,0.0,0.0,0.0,0.0,1.0,0.0,0.0,0.0,0.0,0.0,0.0,0.0,0.0
218,31-23-340-I-T-user39_openface.csv,0.0,0.98,1.0,0.11759,0.152051,-0.981353,-0.045303,0.13241,-0.990159,0.037000000000000005,0.14300000000000002,15.1,-36.0,398.5,-0.03,0.044,0.009000000000000001,0.0,0.41,0.0,0.33,0.2,0.0,0.31,0.0,0.19,1.43,0.0,0.35,2.06,0.82,0.07,0.0,0.0,0.0,0.0,0.0,1.0,0.0,0.0,0.0,1.0,0.0,1.0,0.0,0.0,1.0,0.0,0.0,0.0,0.0,0.0
219,31-59-194-I-T-user1_openface.csv,5.067,0.98,1.0,0.019129,0.100707,-0.994732,-0.177531,0.027198000000000003,-0.983739,-0.08,0.065,23.0,40.4,301.7,-0.063,0.086,-0.022,0.91,0.0,0.65,1.1,0.5,0.0,0.0,0.58,1.27,2.76,0.16,0.18,0.0,0.77,0.03,0.0,0.0,0.0,0.0,0.0,1.0,0.0,0.0,0.0,1.0,0.0,1.0,0.0,0.0,0.0,0.0,0.0,0.0,0.0,0.0
220,31-59-194-W-T-user69_openface.csv,64.067,0.98,1.0,0.132075,0.105696,-0.985588,-0.159916,0.02949,-0.98669,-0.014,0.068,50.8,64.0,277.3,-0.061,-0.114,-0.004,2.22,2.02,0.4,2.04,0.0,0.0,0.0,0.0,0.11,1.48,0.0,0.43,0.0,1.72,0.07,0.34,0.0,1.0,1.0,0.0,1.0,0.0,0.0,0.0,0.0,1.0,1.0,0.0,0.0,0.0,1.0,0.0,0.0,0.0,0.0
221,33-07-644-I-B-user70_openface.csv,15.0,0.98,1.0,-0.059478,0.333543,-0.940857,-0.172569,0.302161,-0.937506,-0.123,0.326,54.0,-47.6,445.5,0.047,0.102,-0.033,0.18,0.0,1.63,0.14,0.0,0.0,0.0,0.17,0.21,1.65,0.91,0.85,0.3,0.02,0.28,0.0,0.64,0.0,0.0,1.0,1.0,0.0,0.0,0.0,0.0,0.0,1.0,0.0,0.0,0.0,0.0,0.0,0.0,0.0,1.0
222,33-07-644-W-B-user71_openface.csv,1.467,0.98,1.0,0.083328,0.075839,-0.993632,0.070864,0.180504,-0.981018,0.078,0.129,4.6,-28.3,430.6,-0.113,-0.029,0.013,0.0,0.0,1.19,0.0,1.58,1.21,0.05,2.06,1.73,0.23,0.0,0.0,0.0,0.0,1.89,0.61,0.01,0.0,0.0,0.0,1.0,1.0,0.0,1.0,1.0,1.0,0.0,0.0,0.0,0.0,0.0,1.0,0.0,0.0,0.0
223,33-47-982-I-T-user118_openface.csv,18.067,0.98,1.0,0.009788,0.10141,-0.994797,-0.215209,0.104913,-0.970916,-0.104,0.105,59.6,14.7,497.8,0.021,0.122,0.019,0.4,0.19,0.82,0.0,0.88,0.08,0.0,0.0,1.27,3.38,2.61,2.12,2.2,0.55,0.12,1.31,0.0,1.0,1.0,0.0,0.0,0.0,0.0,0.0,1.0,1.0,1.0,1.0,1.0,1.0,1.0,0.0,0.0,0.0,0.0
224,33-47-982-W-T-user119_openface.csv,0.8,0.98,1.0,-0.031762,0.085423,-0.995838,-0.239107,0.141716,-0.960596,-0.138,0.116,17.9,85.2,361.3,-0.039,0.112,0.003,0.39,0.01,1.85,0.07,1.07,1.9,0.19,0.56,0.43,1.64,0.18,0.78,0.51,0.0,0.04,0.0,0.11,1.0,0.0,0.0,0.0,0.0,1.0,0.0,0.0,0.0,1.0,0.0,1.0,1.0,0.0,0.0,0.0,0.0,0.0
225,35-42-851-I-B-user122_openface.csv,7.0,0.98,1.0,0.074191,0.18352,-0.980212,-0.173663,0.077846,-0.981724,-0.051,0.132,-20.9,12.2,402.8,0.034,0.013,-0.019,0.0,0.0,0.36,0.12,0.0,0.34,0.0,0.31,1.1,1.63,0.0,1.18,0.11,0.37,0.0,0.28,0.0,0.0,0.0,0.0,1.0,0.0,0.0,0.0,0.0,0.0,1.0,1.0,0.0,0.0,1.0,0.0,0.0,0.0,0.0
226,35-42-851-W-B-user123_openface.csv,56.2,0.98,1.0,-0.060616,0.036768,-0.997484,-0.363566,0.054815,-0.929954,-0.217,0.047,75.6,177.9,488.6,-0.037000000000000005,0.118,0.016,0.0,0.0,0.0,0.0,2.3,2.38,0.0,1.34,2.98,1.61,0.18,0.48,0.77,0.55,0.41,0.0,0.15,0.0,0.0,0.0,0.0,1.0,1.0,0.0,1.0,1.0,1.0,0.0,0.0,0.0,0.0,0.0,0.0,0.0,0.0
227,36-04-870-I-B-user96_openface.csv,9.933,0.98,1.0,0.096496,0.169274,-0.980834,-0.06879400000000001,0.230111,-0.97073,0.014,0.202,-24.7,14.5,530.6,0.112,0.017,0.01,0.0,0.0,0.0,0.0,0.0,1.57,0.07,0.0,0.0,0.0,0.0,0.0,0.72,0.0,0.64,0.0,0.0,0.0,0.0,0.0,1.0,0.0,1.0,0.0,0.0,0.0,0.0,0.0,0.0,1.0,0.0,1.0,0.0,0.0,0.0
228,36-04-870-W-B-user98_openface.csv,29.6,0.98,1.0,0.196244,0.275902,-0.940939,-0.116272,0.349683,-0.929625,0.043,0.32299999999999995,70.2,42.1,280.6,0.016,-0.053,-0.032,0.0,0.0,0.0,0.0,1.59,0.24,3.21,1.16,1.93,2.78,0.93,2.0,0.34,1.69,0.0,0.0,1.73,0.0,0.0,0.0,0.0,0.0,0.0,1.0,1.0,1.0,1.0,0.0,1.0,0.0,1.0,0.0,0.0,0.0,0.0
229,36-37-921-I-B-user85_openface.csv,13.067,0.98,1.0,-0.0526,0.300336,-0.952382,-0.07130800000000001,0.314605,-0.94654,-0.065,0.313,13.0,-21.8,301.7,0.117,0.093,-0.031,0.0,0.0,0.0,0.0,0.98,2.82,0.0,1.51,1.0,1.29,0.36,1.67,0.23,0.21,0.0,0.0,0.0,0.0,0.0,0.0,1.0,1.0,1.0,0.0,1.0,1.0,1.0,0.0,1.0,0.0,0.0,0.0,0.0,0.0,0.0
230,36-37-921-W-B-user87_openface.csv,0.0,0.98,1.0,0.172753,0.08908200000000001,-0.980929,0.008532,0.071839,-0.99738,0.091,0.081,12.9,75.3,521.5,0.018000000000000002,-0.018000000000000002,-0.023,0.0,0.41,0.0,0.81,0.0,1.07,0.0,0.0,0.0,0.0,0.0,0.73,0.0,0.29,0.26,0.01,0.0,0.0,1.0,0.0,1.0,0.0,1.0,0.0,0.0,0.0,0.0,0.0,0.0,0.0,0.0,0.0,0.0,0.0,0.0
231,36-53-693-I-T-user109_openface.csv,4.2,0.98,1.0,0.064124,0.236399,-0.969538,-0.234981,0.191223,-0.953004,-0.08900000000000001,0.219,55.6,9.2,312.6,0.049,0.117,-0.019,0.0,0.0,0.69,0.0,0.65,0.74,0.02,1.07,2.22,1.36,0.0,0.26,0.15,0.0,1.76,0.5,0.0,0.0,0.0,0.0,0.0,0.0,0.0,0.0,1.0,1.0,1.0,0.0,0.0,0.0,0.0,1.0,0.0,0.0,0.0
232,36-53-693-W-T-user108_openface.csv,6.6,0.98,1.0,0.127903,0.21311,-0.96862,0.080616,0.163979,-0.983164,0.106,0.191,-52.4,5.2,459.7,0.059,-0.121,-0.009000000000000001,0.03,0.0,0.46,0.0,0.0,0.0,0.0,0.05,0.0,0.12,0.44,0.85,0.01,0.0,0.77,0.83,0.0,0.0,0.0,0.0,0.0,0.0,0.0,0.0,0.0,0.0,1.0,0.0,0.0,0.0,1.0,0.0,0.0,0.0,0.0
233,37-32-755-I-T-user125_openface.csv,65.4,0.98,1.0,0.184072,0.211161,-0.959963,-0.070079,0.116674,-0.990695,0.058,0.16699999999999998,20.8,43.3,396.4,0.086,-0.08199999999999999,-0.006999999999999999,0.0,0.0,0.58,0.0,1.24,0.01,0.21,2.26,2.13,2.25,0.7,2.61,0.0,1.25,0.78,0.95,0.52,0.0,0.0,0.0,1.0,0.0,0.0,1.0,1.0,0.0,1.0,1.0,1.0,0.0,0.0,0.0,0.0,0.0,0.0
234,37-32-755-W-T-user124_openface.csv,0.0,0.98,1.0,-0.006421,0.121348,-0.992589,-0.243551,0.08705,-0.965974,-0.127,0.106,79.2,20.0,379.2,-0.08,0.103,0.018000000000000002,0.03,0.61,0.0,0.0,0.0,0.0,0.0,0.0,0.47,0.12,0.0,0.54,0.0,0.0,0.0,0.0,0.0,0.0,0.0,0.0,1.0,0.0,0.0,0.0,0.0,0.0,1.0,1.0,0.0,0.0,1.0,0.0,0.0,0.0,0.0
235,37-36-401-I-B-user67_openface.csv,0.8,0.98,1.0,0.268416,0.180424,-0.946256,0.082248,0.14391700000000002,-0.986166,0.18,0.166,27.0,33.2,253.6,-0.048,-0.104,0.002,0.0,0.0,0.0,0.01,0.48,0.01,0.0,0.23,0.14,1.69,0.0,0.63,0.45,0.0,0.0,0.74,0.12,0.0,0.0,0.0,0.0,0.0,1.0,0.0,0.0,0.0,1.0,0.0,1.0,1.0,0.0,0.0,0.0,0.0,1.0
236,37-36-401-W-B-user68_openface.csv,0.267,0.98,1.0,-0.061636,0.155556,-0.985902,-0.218147,0.111486,-0.969527,-0.142,0.136,24.7,20.1,362.6,-0.113,0.098,0.027000000000000003,0.07,0.0,0.0,0.0,1.7,1.17,0.0,0.14,1.56,0.41,0.0,1.51,0.64,0.71,0.0,0.35,0.0,0.0,0.0,0.0,0.0,1.0,0.0,0.0,1.0,1.0,1.0,1.0,1.0,1.0,1.0,0.0,0.0,0.0,0.0
237,38-26-565-I-T-user75_openface.csv,0.0,0.98,1.0,0.216748,0.084513,-0.972563,-0.029176,0.124938,-0.991736,0.095,0.106,-23.8,83.3,411.9,-0.031,0.037000000000000005,-0.032,0.0,0.0,0.49,0.0,0.0,0.0,0.18,0.0,0.0,1.01,0.84,0.21,0.0,0.0,0.4,0.0,0.44,0.0,1.0,1.0,0.0,0.0,0.0,0.0,0.0,0.0,1.0,0.0,0.0,0.0,0.0,0.0,0.0,0.0,0.0
238,38-26-565-W-T-user76_openface.csv,65.4,0.98,1.0,0.074167,0.012067,-0.997173,-0.216762,0.066886,-0.97393,-0.07200000000000001,0.04,74.5,99.3,357.8,-0.08,0.07,-0.001,0.55,0.31,0.0,0.0,1.99,2.09,0.0,1.8,2.09,1.3,0.05,0.49,0.44,0.01,3.2,0.23,0.0,0.0,0.0,0.0,0.0,1.0,1.0,0.0,1.0,1.0,1.0,0.0,0.0,0.0,1.0,1.0,0.0,0.0,0.0
239,38-29-906-I-T-user94_openface.csv,17.2,0.98,1.0,0.099857,0.203656,-0.973937,-0.063503,0.213494,-0.974878,0.019,0.211,33.1,65.9,427.4,0.05,0.019,-0.032,0.26,0.08,0.0,0.04,1.14,1.61,0.0,1.47,2.05,1.02,0.0,0.03,0.0,0.0,1.53,0.67,0.0,0.0,0.0,0.0,0.0,1.0,1.0,0.0,1.0,1.0,1.0,0.0,0.0,0.0,0.0,0.0,0.0,0.0,0.0
240,38-29-906-W-T-user95_openface.csv,1.2,0.98,1.0,0.07005,0.094918,-0.993017,-0.11815,0.103835,-0.987552,-0.024,0.1,-1.1,3.9,488.9,-0.093,-0.012,-0.032,0.39,0.0,0.04,0.03,0.0,0.02,0.31,0.0,0.0,0.0,0.0,0.6,0.34,0.0,1.19,1.38,0.0,0.0,0.0,0.0,1.0,0.0,0.0,0.0,0.0,0.0,0.0,0.0,0.0,1.0,0.0,0.0,0.0,0.0,0.0
241,38-55-777-I-B-user1_openface.csv,0.267,0.98,1.0,0.033733,0.166976,-0.985384,-0.103378,0.16971,-0.980057,-0.035,0.17,11.0,76.6,393.5,-0.021,0.113,-0.004,0.65,0.52,0.0,0.0,0.0,0.0,0.0,0.0,0.0,0.1,0.34,0.04,0.0,0.53,0.4,0.35,1.34,1.0,1.0,0.0,1.0,0.0,0.0,0.0,0.0,0.0,1.0,0.0,0.0,0.0,0.0,0.0,1.0,0.0,0.0
242,39-18-93-I-T-user39_openface.csv,5.132999999999999,0.98,1.0,0.06866,0.187663,-0.979831,-0.085255,0.092446,-0.992061,-0.008,0.141,9.9,2.5,416.4,-0.059,0.084,0.032,0.37,0.09,0.32,0.08,0.35,0.49,0.0,0.0,0.07,0.53,0.46,1.02,0.55,0.71,0.0,0.48,0.0,0.0,0.0,0.0,0.0,0.0,0.0,0.0,0.0,0.0,0.0,1.0,1.0,0.0,0.0,0.0,0.0,1.0,0.0
243,39-18-93-W-T-user40_openface.csv,0.5329999999999999,0.98,1.0,0.00414,-0.006494,-0.99997,-0.153449,-0.005567,-0.988141,-0.075,-0.006,28.8,32.1,559.3,-0.095,0.111,-0.014,0.05,0.0,0.14,0.18,0.0,0.0,0.59,0.0,0.36,0.15,0.41,0.62,0.0,0.0,0.54,0.42,0.0,0.0,0.0,0.0,1.0,0.0,0.0,1.0,0.0,0.0,0.0,0.0,0.0,0.0,0.0,0.0,0.0,0.0,0.0
244,39-49-946-I-T-user88_openface.csv,2.667,0.98,1.0,0.150153,0.090693,-0.984494,-0.035258,0.120871,-0.992042,0.058,0.107,46.1,19.0,292.3,-0.114,-0.026,0.027000000000000003,0.05,0.0,0.0,0.0,0.0,0.0,0.0,0.0,0.0,0.0,0.69,0.01,0.0,0.0,0.7,0.0,0.0,0.0,0.0,0.0,0.0,0.0,0.0,0.0,0.0,0.0,0.0,1.0,0.0,0.0,0.0,0.0,0.0,0.0,0.0
245,39-49-946-W-T-user89_openface.csv,6.8,0.98,1.0,0.040357,0.081597,-0.995848,-0.07222,0.157155,-0.98493,-0.016,0.12,-0.0,17.9,396.5,-0.026,0.03,-0.032,0.07,0.0,0.06,0.0,0.22,0.17,0.0,0.46,0.89,0.27,0.19,1.06,0.44,0.58,0.17,0.04,0.0,0.0,0.0,0.0,0.0,0.0,0.0,0.0,1.0,1.0,1.0,0.0,1.0,0.0,1.0,0.0,0.0,0.0,0.0
246,40-07-485-I-T-user1_openface.csv,2.9330000000000003,0.98,1.0,0.120884,0.148541,-0.98149,-0.052444000000000005,0.122243,-0.991114,0.035,0.136,-32.5,87.6,422.0,0.015,-0.009000000000000001,-0.029,0.0,0.42,1.34,0.38,1.21,0.0,0.0,0.78,0.8,2.39,0.0,0.0,0.16,0.18,0.3,1.43,0.0,1.0,1.0,1.0,1.0,0.0,0.0,0.0,1.0,0.0,1.0,0.0,0.0,0.0,0.0,0.0,0.0,0.0,0.0
247,40-07-485-W-T-user150_openface.csv,1.933,0.98,1.0,0.107865,0.008328,-0.994131,-0.087277,0.104528,-0.990685,0.01,0.057,10.5,32.9,298.9,-0.119,0.022,-0.004,0.0,0.0,1.93,0.0,2.11,1.93,0.08,1.95,3.59,2.66,0.11,0.71,0.0,0.24,0.49,0.0,0.34,0.0,0.0,1.0,1.0,1.0,0.0,1.0,1.0,1.0,1.0,0.0,0.0,0.0,0.0,0.0,0.0,0.0,1.0
248,40-18-142-I-T-user138_openface.csv,0.0,0.98,1.0,0.065067,-0.03961,-0.997094,-0.11001,-0.032283,-0.993406,-0.023,-0.036000000000000004,33.5,14.4,660.4,-0.118,0.018000000000000002,0.018000000000000002,0.0,0.37,0.69,0.0,0.0,0.0,0.0,0.43,0.0,0.0,0.67,0.14,0.0,0.85,0.0,1.48,0.0,0.0,0.0,0.0,0.0,0.0,0.0,0.0,0.0,0.0,0.0,0.0,0.0,0.0,1.0,1.0,1.0,0.0,0.0
249,40-18-142-W-T-user139_openface.csv,0.667,0.98,1.0,0.077282,0.103071,-0.991667,-0.156943,0.154363,-0.97547,-0.04,0.13,28.6,69.6,528.8,0.093,0.028,0.001,0.0,0.0,0.91,0.18,0.0,0.0,0.0,0.0,0.32,0.38,0.12,0.47,0.0,0.03,0.15,0.04,0.0,0.0,0.0,0.0,1.0,0.0,0.0,0.0,0.0,0.0,1.0,0.0,0.0,0.0,0.0,0.0,0.0,0.0,0.0
250,41-41-762-I-B-user147_openface.csv,0.067,0.98,1.0,-0.009069,0.171017,-0.985226,-0.155411,0.200681,-0.967251,-0.084,0.188,13.8,-23.2,530.6,0.115,-0.0,0.029,2.07,1.5,1.45,0.7,0.0,0.0,0.0,0.21,0.73,0.57,0.31,1.33,0.0,0.64,0.0,0.0,0.0,1.0,1.0,0.0,1.0,0.0,0.0,0.0,0.0,0.0,0.0,0.0,1.0,0.0,1.0,0.0,0.0,0.0,1.0
251,41-41-762-W-B-user148_openface.csv,0.0,0.98,1.0,0.114228,0.144663,-0.982866,-0.060667,0.180111,-0.981774,0.027000000000000003,0.16399999999999998,13.4,72.4,460.9,0.104,-0.018000000000000002,-0.015,0.43,0.31,1.2,0.0,0.0,0.2,0.0,0.64,0.12,0.66,0.0,0.1,0.0,0.37,0.0,1.57,0.0,0.0,1.0,0.0,1.0,0.0,0.0,0.0,0.0,0.0,0.0,0.0,0.0,0.0,0.0,0.0,1.0,0.0,0.0
252,44-02-309-I-T-user136_openface.csv,4.0,0.98,1.0,0.122084,0.175716,-0.976842,0.006423999999999999,0.171375,-0.985185,0.065,0.175,-24.9,41.1,351.9,-0.043,-0.02,-0.028,0.0,0.0,0.03,0.0,1.08,0.0,0.0,1.02,1.61,1.82,0.03,0.83,0.46,0.0,1.61,0.7,0.0,0.0,0.0,0.0,0.0,1.0,0.0,0.0,1.0,1.0,1.0,0.0,0.0,0.0,1.0,1.0,1.0,0.0,0.0
253,44-02-309-W-T-user137_openface.csv,8.533,0.98,1.0,0.122043,0.006781999999999999,-0.992502,-0.099878,0.034480000000000004,-0.994402,0.011,0.021,69.9,92.6,322.3,-0.12,-0.016,-0.006999999999999999,0.01,0.03,0.0,0.05,0.0,0.08,0.0,0.0,0.0,1.25,0.09,1.08,0.0,0.58,0.11,0.5,0.0,0.0,0.0,0.0,1.0,0.0,0.0,0.0,0.0,0.0,1.0,0.0,0.0,0.0,1.0,0.0,0.0,0.0,0.0
254,44-30-30-W-B-user84_openface.csv,12.667,0.98,1.0,-0.040499,0.056694000000000015,-0.99757,-0.142171,0.107977,-0.983935,-0.092,0.083,61.6,37.4,478.1,-0.079,0.084,-0.006,0.19,0.0,1.0,0.0,0.0,1.39,0.0,0.14,1.01,0.0,0.52,1.77,0.0,0.0,0.76,0.84,0.0,0.0,0.0,0.0,1.0,0.0,0.0,0.0,0.0,1.0,0.0,1.0,1.0,0.0,0.0,0.0,0.0,0.0,0.0
255,46-30-695-I-B-user1_openface.csv,1.0,0.98,1.0,0.009333,0.058588,-0.998239,-0.049101,0.164258,-0.985195,-0.02,0.112,-30.7,42.4,328.5,-0.084,0.077,-0.001,0.89,0.96,0.46,0.07,0.06,0.86,0.0,0.0,0.61,0.74,0.87,1.46,0.77,1.92,1.35,1.51,0.06,1.0,1.0,0.0,1.0,0.0,0.0,0.0,1.0,1.0,1.0,0.0,1.0,0.0,0.0,1.0,1.0,0.0,0.0
256,47-20-540-I-B-user95_openface.csv,1.067,0.98,1.0,0.015163,0.076428,-0.99696,-0.21768,0.09585,-0.971302,-0.103,0.087,12.6,6.7,484.2,-0.122,0.062,0.012,0.3,0.0,0.04,0.0,0.0,0.32,0.56,0.0,0.0,0.0,0.0,0.08,0.0,0.0,0.66,0.08,0.98,0.0,0.0,0.0,1.0,0.0,0.0,0.0,0.0,0.0,0.0,0.0,0.0,0.0,0.0,0.0,0.0,0.0,1.0
257,47-20-540-W-B-user94_openface.csv,0.0,0.98,1.0,0.117542,0.16194,-0.979775,-0.15059,0.091658,-0.984338,-0.017,0.128,11.6,48.9,341.0,0.032,-0.027000000000000003,-0.02,1.45,0.18,0.02,0.63,0.0,0.31,0.0,0.0,0.03,0.0,0.0,0.45,0.35,1.0,0.0,0.0,0.0,1.0,1.0,0.0,1.0,0.0,1.0,0.0,0.0,0.0,0.0,0.0,1.0,1.0,1.0,0.0,0.0,0.0,0.0
258,48-00-366-I-T-user139_openface.csv,0.0,0.98,1.0,0.044127,0.020472,-0.998816,-0.13460999999999998,0.028895,-0.990477,-0.045,0.025,14.9,-7.8,713.0,-0.049,0.081,-0.03,0.25,0.0,0.45,0.0,0.0,0.07,0.0,0.0,0.0,0.0,0.0,0.01,0.0,0.0,0.08,0.0,0.49,0.0,0.0,0.0,1.0,0.0,1.0,0.0,0.0,0.0,1.0,0.0,0.0,0.0,1.0,0.0,0.0,0.0,0.0
259,48-02-966-I-T-user148_openface.csv,0.0,0.98,1.0,0.104672,0.160476,-0.981474,-0.07445700000000001,0.170769,-0.982494,0.015,0.16699999999999998,24.0,45.0,399.2,0.006999999999999999,0.02,-0.018000000000000002,0.0,0.0,1.97,0.0,0.0,0.17,0.0,0.48,0.01,0.0,0.18,0.17,0.0,0.54,0.07,0.3,0.0,0.0,0.0,1.0,1.0,0.0,0.0,0.0,0.0,0.0,0.0,0.0,0.0,0.0,0.0,0.0,0.0,0.0,0.0
260,48-02-966-W-T-user147_openface.csv,0.467,0.98,1.0,0.103247,0.247394,-0.963398,-0.042405,0.223735,-0.973727,0.031,0.239,-8.2,-20.3,476.3,0.117,-0.052000000000000005,-0.012,1.11,0.24,1.29,0.32,0.28,0.0,0.15,0.31,0.75,1.81,0.3,0.28,0.4,0.25,0.49,0.33,0.84,1.0,1.0,0.0,1.0,0.0,0.0,0.0,0.0,0.0,0.0,0.0,0.0,0.0,0.0,0.0,0.0,0.0,0.0
261,48-39-430-I-B-user134_openface.csv,6.0,0.98,1.0,0.184499,0.015885,-0.982704,0.053176,0.059748,-0.996796,0.119,0.038,-35.5,34.4,454.8,-0.09,0.043,-0.017,1.65,0.5,0.16,1.16,0.0,0.18,0.44,0.16,0.0,0.17,0.0,0.0,0.14,0.23,0.19,0.26,0.01,1.0,1.0,0.0,1.0,0.0,0.0,0.0,0.0,0.0,0.0,0.0,0.0,0.0,0.0,0.0,0.0,0.0,0.0
262,48-39-430-W-B-user135_openface.csv,19.6,0.98,1.0,0.255178,0.16201,-0.953225,-0.07987000000000001,0.174756,-0.981367,0.09,0.172,-35.7,1.0,298.7,-0.017,-0.009000000000000001,-0.029,0.79,0.57,0.92,0.0,0.81,0.21,0.0,1.64,1.97,2.07,0.26,0.54,0.0,1.04,0.0,0.01,0.0,1.0,1.0,0.0,0.0,0.0,0.0,0.0,1.0,1.0,1.0,0.0,0.0,0.0,0.0,0.0,0.0,0.0,0.0
263,50-29-214-I-B-user136_openface.csv,11.0,0.98,1.0,0.0852,0.080448,-0.993111,-0.039931,0.118746,-0.992121,0.023,0.1,-35.2,24.0,332.7,-0.112,0.05,-0.019,0.26,0.0,0.24,0.0,0.0,0.0,0.0,0.0,0.0,0.12,0.11,0.57,0.0,0.0,0.61,1.1,0.0,0.0,0.0,0.0,0.0,0.0,0.0,0.0,0.0,0.0,0.0,0.0,0.0,1.0,1.0,1.0,1.0,0.0,0.0
264,50-29-214-W-B-user137_openface.csv,7.332999999999998,0.98,1.0,0.050057,0.021253,-0.99852,-0.128289,0.089322,-0.987706,-0.039,0.056,59.6,93.3,324.6,-0.106,0.027000000000000003,-0.015,0.86,0.28,0.0,0.0,0.0,0.0,0.0,0.0,0.2,2.09,0.63,2.03,0.15,0.0,0.0,0.0,0.42,0.0,0.0,0.0,1.0,0.0,0.0,0.0,0.0,0.0,1.0,1.0,1.0,0.0,0.0,0.0,0.0,0.0,1.0
265,50-50-13-I-B-user1_openface.csv,0.667,0.98,1.0,0.207657,0.07134,-0.975597,-0.040651,0.06714400000000001,-0.996915,0.084,0.07,-42.3,39.4,460.9,-0.09,-0.037000000000000005,-0.024,1.72,0.46,0.35,0.0,0.25,0.29,0.0,0.0,0.69,0.26,1.18,1.43,0.39,0.04,0.46,0.63,0.46,1.0,1.0,0.0,1.0,0.0,0.0,0.0,1.0,1.0,0.0,0.0,0.0,0.0,0.0,0.0,0.0,0.0,0.0
266,51-16-907-I-B-user86_openface.csv,1.467,0.98,1.0,0.174867,0.125477,-0.976564,0.014717,0.109837,-0.993841,0.096,0.119,-54.7,-4.3,489.2,-0.117,-0.006,0.001,1.25,0.62,0.0,0.0,1.51,1.12,0.82,1.16,2.41,0.35,0.03,0.0,0.0,0.0,2.63,0.16,0.0,1.0,1.0,0.0,0.0,1.0,0.0,1.0,1.0,1.0,0.0,0.0,0.0,0.0,0.0,1.0,1.0,0.0,1.0
267,51-16-907-W-B-user85_openface.csv,15.467,0.98,1.0,-0.094516,0.22026,-0.970851,-0.105408,0.30261,-0.947268,-0.104,0.266,66.0,-17.9,273.2,0.022,0.099,-0.009000000000000001,0.08,0.21,0.03,0.0,0.95,2.0,0.03,1.12,1.28,0.66,0.0,0.58,0.66,0.12,0.0,0.0,0.0,0.0,0.0,0.0,1.0,1.0,1.0,0.0,1.0,1.0,0.0,0.0,0.0,0.0,0.0,0.0,0.0,0.0,0.0
268,54-10-129-I-T-user48_openface.csv,56.867,0.98,1.0,0.025399,-0.006179,-0.999658,-0.161682,-0.026768,-0.98648,-0.069,-0.017,33.0,69.7,346.2,-0.118,0.094,-0.027000000000000003,0.0,0.0,0.0,0.21,0.31,0.0,0.0,1.09,0.87,0.46,0.0,0.61,0.0,0.0,1.95,0.37,0.16,0.0,0.0,0.0,1.0,0.0,0.0,0.0,1.0,0.0,0.0,0.0,0.0,0.0,0.0,1.0,1.0,0.0,0.0
269,54-10-129-W-T-user49_openface.csv,180.867,0.98,1.0,0.185188,-0.058936,-0.980934,0.031169,-0.034144,-0.998931,0.109,-0.047,28.3,0.7,335.7,-0.122,-0.107,0.01,0.0,0.0,0.4,0.0,0.86,0.03,0.0,1.07,0.29,0.37,0.36,0.71,0.02,0.0,1.46,0.7,0.08,0.0,0.0,0.0,1.0,1.0,1.0,0.0,1.0,1.0,1.0,0.0,1.0,1.0,0.0,1.0,0.0,0.0,0.0
270,56-40-959-I-T-user136_openface.csv,9.267,0.98,1.0,0.1788,-0.016288999999999998,-0.983751,-0.038124,-0.006708,-0.999251,0.071,-0.012,16.4,110.8,580.8,-0.118,-0.077,-0.029,0.0,0.0,0.0,0.11,0.71,0.0,0.14,0.74,1.55,2.89,0.53,0.84,0.09,0.04,0.0,0.0,0.31,0.0,0.0,0.0,0.0,0.0,0.0,1.0,1.0,1.0,1.0,1.0,0.0,0.0,1.0,0.0,0.0,0.0,1.0
271,56-40-959-W-T-user137_openface.csv,5.533,0.98,1.0,0.047746,0.029497,-0.998424,-0.145268,0.068598,-0.987011,-0.049,0.049,75.3,86.7,314.0,-0.103,0.027000000000000003,0.028,0.02,0.39,0.0,0.19,0.0,0.21,0.0,0.01,0.08,0.69,0.26,2.76,0.37,2.47,0.0,0.0,0.0,0.0,0.0,0.0,1.0,0.0,0.0,0.0,0.0,0.0,1.0,1.0,1.0,1.0,1.0,0.0,0.0,0.0,0.0
272,57-19-201-I-B-user24_openface.csv,1.0,0.98,1.0,0.19004,0.062782,-0.979767,0.036501,0.053248,-0.997914,0.114,0.059,-25.3,48.9,582.5,0.004,-0.117,-0.016,0.0,0.0,0.0,0.01,0.49,1.2,0.06,0.13,0.53,0.35,0.06,1.7,0.02,0.0,0.13,0.14,0.09,0.0,0.0,0.0,1.0,0.0,0.0,0.0,0.0,1.0,1.0,1.0,1.0,0.0,1.0,0.0,0.0,0.0,0.0
273,57-19-201-W-B-user25_openface.csv,10.0,0.98,1.0,-0.04383,0.217456,-0.975086,-0.216291,0.245533,-0.944951,-0.135,0.237,21.8,-7.1,367.9,0.12,0.019,0.028,0.23,0.0,0.0,0.14,0.0,0.74,0.0,0.0,0.0,0.0,0.0,0.53,0.21,0.0,0.03,0.1,0.0,0.0,0.0,0.0,0.0,0.0,0.0,0.0,0.0,0.0,0.0,0.0,1.0,0.0,0.0,0.0,0.0,0.0,0.0
274,57-43-236-I-T-user96_openface.csv,0.0,0.98,1.0,0.082219,0.060822,-0.994757,-0.13742,0.149973,-0.979093,-0.028,0.106,-8.9,55.2,401.7,0.057,0.086,-0.021,2.62,1.29,1.22,0.0,0.0,0.0,0.07,0.49,0.44,1.16,1.67,1.99,0.0,0.0,0.82,0.89,0.0,1.0,1.0,0.0,0.0,0.0,0.0,0.0,1.0,1.0,1.0,1.0,1.0,0.0,0.0,1.0,0.0,0.0,0.0
275,57-43-236-W-T-user159_openface.csv,0.0,0.98,1.0,0.154427,0.14266900000000002,-0.977649,-0.096661,0.041805,-0.994439,0.029,0.093,7.9,49.8,346.3,-0.041,0.044,0.004,0.64,1.91,0.0,0.8,0.0,0.0,0.0,0.27,0.27,0.0,0.92,0.19,0.17,0.0,0.58,0.48,0.0,0.0,1.0,0.0,1.0,0.0,0.0,0.0,1.0,0.0,0.0,0.0,1.0,0.0,0.0,0.0,0.0,0.0,0.0
276,57-52-839-I-B-user1_openface.csv,0.0,0.98,1.0,-0.027133,0.113722,-0.993142,-0.013135,0.124255,-0.992163,-0.02,0.119,0.8,55.6,413.1,-0.012,0.037000000000000005,0.027000000000000003,1.22,1.53,0.0,0.0,0.0,0.0,0.0,0.0,0.57,0.99,0.0,0.0,0.0,0.0,0.0,1.82,0.0,1.0,1.0,0.0,0.0,0.0,0.0,0.0,1.0,1.0,1.0,0.0,0.0,0.0,0.0,1.0,1.0,0.0,0.0
277,57-52-839-W-B-user58_openface.csv,0.2,0.98,1.0,0.138929,-0.057401,-0.988637,-0.049355,-0.029936,-0.998333,0.045,-0.044,-26.1,128.2,441.1,-0.079,0.114,-0.003,0.64,0.32,0.0,0.61,0.0,0.0,0.0,0.0,0.0,0.0,0.0,0.41,0.0,1.05,0.0,0.0,0.0,0.0,0.0,0.0,1.0,0.0,0.0,0.0,0.0,0.0,0.0,0.0,1.0,0.0,0.0,0.0,0.0,0.0,0.0
278,58-28-695-I-T-user75_openface.csv,8.533,0.98,1.0,0.22174,0.256354,-0.940805,-0.044627,0.266947,-0.962677,0.093,0.268,-18.2,10.7,329.4,-0.0,-0.119,-0.02,1.5,0.63,0.0,0.18,0.1,0.01,0.41,0.95,0.0,0.46,0.76,0.49,0.84,0.0,1.08,0.0,0.0,1.0,1.0,0.0,0.0,1.0,0.0,1.0,1.0,0.0,1.0,0.0,1.0,1.0,1.0,1.0,0.0,0.0,1.0
279,58-28-695-W-T-user80_openface.csv,14.133,0.98,1.0,-0.032108,0.249521,-0.967837,-0.101906,0.150424,-0.983355,-0.069,0.202,59.3,-27.5,445.5,0.047,0.033,-0.004,0.43,0.07,0.75,0.25,0.0,0.0,0.0,0.13,0.0,0.0,0.26,1.34,0.34,0.0,0.44,0.3,0.01,1.0,0.0,0.0,1.0,0.0,0.0,0.0,0.0,0.0,0.0,1.0,1.0,0.0,0.0,0.0,0.0,0.0,0.0
280,58-57-956-I-T-user1_openface.csv,0.0,0.98,1.0,0.183114,0.079303,-0.979888,0.082762,0.064012,-0.994511,0.134,0.07200000000000001,-9.4,72.8,389.2,-0.083,-0.117,-0.02,0.16,0.0,0.45,0.1,0.0,0.0,0.0,0.0,0.0,1.21,0.0,0.9,0.03,1.33,0.28,0.0,0.0,0.0,0.0,0.0,1.0,0.0,0.0,0.0,0.0,0.0,1.0,0.0,1.0,0.0,1.0,0.0,0.0,0.0,0.0
281,58-57-956-W-T-user146_openface.csv,35.2,0.98,1.0,0.041827,0.267953,-0.962524,-0.106,0.225964,-0.968351,-0.033,0.25,52.8,-39.5,430.4,0.1,0.068,0.016,0.0,0.0,1.28,0.0,0.29,0.23,0.0,0.0,0.46,1.89,0.0,0.61,0.86,0.81,0.07,0.59,0.37,0.0,0.0,0.0,1.0,0.0,0.0,0.0,0.0,0.0,1.0,0.0,0.0,1.0,0.0,0.0,0.0,0.0,0.0
282,59-09-521-W-B-user14_openface.csv,1.933,0.98,1.0,0.14281,0.031475,-0.98925,0.009442,0.083397,-0.996472,0.077,0.058,14.7,46.8,433.8,-0.118,-0.032,-0.02,0.14,0.0,1.99,0.0,0.05,0.0,0.0,0.09,0.0,2.02,0.66,0.05,1.64,0.0,1.27,0.01,0.0,0.0,0.0,1.0,1.0,0.0,0.0,0.0,0.0,0.0,1.0,0.0,0.0,1.0,1.0,0.0,0.0,0.0,1.0
